relationship_element_id,start_node_element_id,end_node_element_id,lane,order
HAS_STEP|ProcessLine|line:custodian:aihw|PathwayStep|step:custodian:aihw:1,ProcessLine|line:custodian:aihw,PathwayStep|step:custodian:aihw:1,Researcher,1
HAS_STEP|ProcessLine|line:custodian:aihw|PathwayStep|step:custodian:aihw:2,ProcessLine|line:custodian:aihw,PathwayStep|step:custodian:aihw:2,Researcher,2
HAS_STEP|ProcessLine|line:custodian:aihw|PathwayStep|step:custodian:aihw:3,ProcessLine|line:custodian:aihw,PathwayStep|step:custodian:aihw:3,Researcher,3
HAS_STEP|ProcessLine|line:custodian:aihw|PathwayStep|step:custodian:aihw:4,ProcessLine|line:custodian:aihw,PathwayStep|step:custodian:aihw:4,Researcher,4
HAS_STEP|ProcessLine|line:custodian:aihw|PathwayStep|step:custodian:aihw:5,ProcessLine|line:custodian:aihw,PathwayStep|step:custodian:aihw:5,EthicsRegulatory,5
HAS_STEP|ProcessLine|line:custodian:aihw|PathwayStep|step:custodian:aihw:6,ProcessLine|line:custodian:aihw,PathwayStep|step:custodian:aihw:6,Researcher,6
HAS_STEP|ProcessLine|line:custodian:aihw|PathwayStep|step:custodian:aihw:7,ProcessLine|line:custodian:aihw,PathwayStep|step:custodian:aihw:7,Custodian,7
HAS_STEP|ProcessLine|line:custodian:australian-bureau-of-statistics|PathwayStep|step:custodian:australian-bureau-of-statistics:1,ProcessLine|line:custodian:australian-bureau-of-statistics,PathwayStep|step:custodian:australian-bureau-of-statistics:1,Researcher,1
HAS_STEP|ProcessLine|line:custodian:australian-bureau-of-statistics|PathwayStep|step:custodian:australian-bureau-of-statistics:2,ProcessLine|line:custodian:australian-bureau-of-statistics,PathwayStep|step:custodian:australian-bureau-of-statistics:2,Researcher,2
HAS_STEP|ProcessLine|line:custodian:australian-bureau-of-statistics|PathwayStep|step:custodian:australian-bureau-of-statistics:3,ProcessLine|line:custodian:australian-bureau-of-statistics,PathwayStep|step:custodian:australian-bureau-of-statistics:3,Researcher,3
HAS_STEP|ProcessLine|line:custodian:australian-bureau-of-statistics|PathwayStep|step:custodian:australian-bureau-of-statistics:4,ProcessLine|line:custodian:australian-bureau-of-statistics,PathwayStep|step:custodian:australian-bureau-of-statistics:4,Custodian,4
HAS_STEP|ProcessLine|line:custodian:australian-bureau-of-statistics|PathwayStep|step:custodian:australian-bureau-of-statistics:5,ProcessLine|line:custodian:australian-bureau-of-statistics,PathwayStep|step:custodian:australian-bureau-of-statistics:5,Researcher,5
HAS_STEP|ProcessLine|line:custodian:australian-bureau-of-statistics|PathwayStep|step:custodian:australian-bureau-of-statistics:6,ProcessLine|line:custodian:australian-bureau-of-statistics,PathwayStep|step:custodian:australian-bureau-of-statistics:6,Researcher,6
HAS_STEP|ProcessLine|line:custodian:services-australia|PathwayStep|step:custodian:services-australia:1,ProcessLine|line:custodian:services-australia,PathwayStep|step:custodian:services-australia:1,Researcher,1
HAS_STEP|ProcessLine|line:custodian:services-australia|PathwayStep|step:custodian:services-australia:2,ProcessLine|line:custodian:services-australia,PathwayStep|step:custodian:services-australia:2,Custodian,2
HAS_STEP|ProcessLine|line:custodian:services-australia|PathwayStep|step:custodian:services-australia:3,ProcessLine|line:custodian:services-australia,PathwayStep|step:custodian:services-australia:3,Researcher,3
HAS_STEP|ProcessLine|line:custodian:services-australia|PathwayStep|step:custodian:services-australia:4,ProcessLine|line:custodian:services-australia,PathwayStep|step:custodian:services-australia:4,Custodian,4
HAS_STEP|ProcessLine|line:custodian:services-australia|PathwayStep|step:custodian:services-australia:5,ProcessLine|line:custodian:services-australia,PathwayStep|step:custodian:services-australia:5,Custodian,5
HAS_STEP|ProcessLine|line:custodian:services-australia|PathwayStep|step:custodian:services-australia:6,ProcessLine|line:custodian:services-australia,PathwayStep|step:custodian:services-australia:6,Custodian,6
HAS_STEP|ProcessLine|line:custodian:services-australia|PathwayStep|step:custodian:services-australia:7,ProcessLine|line:custodian:services-australia,PathwayStep|step:custodian:services-australia:7,Researcher,7
HAS_STEP|ProcessLine|line:custodian:services-australia|PathwayStep|step:custodian:services-australia:8,ProcessLine|line:custodian:services-australia,PathwayStep|step:custodian:services-australia:8,Custodian,8
HAS_STEP|ProcessLine|line:custodian:services-australia|PathwayStep|step:custodian:services-australia:9,ProcessLine|line:custodian:services-australia,PathwayStep|step:custodian:services-australia:9,Researcher,9
HAS_STEP|ProcessLine|line:custodian:department-of-health-and-aged-care|PathwayStep|step:custodian:department-of-health-and-aged-care:1,ProcessLine|line:custodian:department-of-health-and-aged-care,PathwayStep|step:custodian:department-of-health-and-aged-care:1,Researcher,1
HAS_STEP|ProcessLine|line:custodian:department-of-health-and-aged-care|PathwayStep|step:custodian:department-of-health-and-aged-care:2,ProcessLine|line:custodian:department-of-health-and-aged-care,PathwayStep|step:custodian:department-of-health-and-aged-care:2,Researcher,2
HAS_STEP|ProcessLine|line:custodian:department-of-health-and-aged-care|PathwayStep|step:custodian:department-of-health-and-aged-care:3,ProcessLine|line:custodian:department-of-health-and-aged-care,PathwayStep|step:custodian:department-of-health-and-aged-care:3,Researcher,3
HAS_STEP|ProcessLine|line:custodian:tga|PathwayStep|step:custodian:tga:1,ProcessLine|line:custodian:tga,PathwayStep|step:custodian:tga:1,Researcher,1
HAS_STEP|ProcessLine|line:custodian:tga|PathwayStep|step:custodian:tga:2,ProcessLine|line:custodian:tga,PathwayStep|step:custodian:tga:2,Researcher,2
HAS_STEP|ProcessLine|line:custodian:tga|PathwayStep|step:custodian:tga:3,ProcessLine|line:custodian:tga,PathwayStep|step:custodian:tga:3,Custodian,3
HAS_STEP|ProcessLine|line:custodian:apra|PathwayStep|step:custodian:apra:1,ProcessLine|line:custodian:apra,PathwayStep|step:custodian:apra:1,Researcher,1
HAS_STEP|ProcessLine|line:custodian:apra|PathwayStep|step:custodian:apra:2,ProcessLine|line:custodian:apra,PathwayStep|step:custodian:apra:2,Researcher,2
HAS_STEP|ProcessLine|line:custodian:apra|PathwayStep|step:custodian:apra:3,ProcessLine|line:custodian:apra,PathwayStep|step:custodian:apra:3,Custodian,3
HAS_STEP|ProcessLine|line:custodian:nsw-health-ministry-of-health-nsw|PathwayStep|step:custodian:nsw-health-ministry-of-health-nsw:1,ProcessLine|line:custodian:nsw-health-ministry-of-health-nsw,PathwayStep|step:custodian:nsw-health-ministry-of-health-nsw:1,Researcher,1
HAS_STEP|ProcessLine|line:custodian:nsw-health-ministry-of-health-nsw|PathwayStep|step:custodian:nsw-health-ministry-of-health-nsw:2,ProcessLine|line:custodian:nsw-health-ministry-of-health-nsw,PathwayStep|step:custodian:nsw-health-ministry-of-health-nsw:2,Researcher,2
HAS_STEP|ProcessLine|line:custodian:nsw-health-ministry-of-health-nsw|PathwayStep|step:custodian:nsw-health-ministry-of-health-nsw:3,ProcessLine|line:custodian:nsw-health-ministry-of-health-nsw,PathwayStep|step:custodian:nsw-health-ministry-of-health-nsw:3,Custodian,3
HAS_STEP|ProcessLine|line:custodian:nsw-health-ministry-of-health-nsw|PathwayStep|step:custodian:nsw-health-ministry-of-health-nsw:4,ProcessLine|line:custodian:nsw-health-ministry-of-health-nsw,PathwayStep|step:custodian:nsw-health-ministry-of-health-nsw:4,Researcher,4
HAS_STEP|ProcessLine|line:custodian:nsw-health-ministry-of-health-nsw|PathwayStep|step:custodian:nsw-health-ministry-of-health-nsw:5,ProcessLine|line:custodian:nsw-health-ministry-of-health-nsw,PathwayStep|step:custodian:nsw-health-ministry-of-health-nsw:5,Researcher,5
HAS_STEP|ProcessLine|line:custodian:cherel|PathwayStep|step:custodian:cherel:1,ProcessLine|line:custodian:cherel,PathwayStep|step:custodian:cherel:1,Researcher,1
HAS_STEP|ProcessLine|line:custodian:cherel|PathwayStep|step:custodian:cherel:2,ProcessLine|line:custodian:cherel,PathwayStep|step:custodian:cherel:2,Researcher,2
HAS_STEP|ProcessLine|line:custodian:cherel|PathwayStep|step:custodian:cherel:3,ProcessLine|line:custodian:cherel,PathwayStep|step:custodian:cherel:3,Researcher,3
HAS_STEP|ProcessLine|line:custodian:cherel|PathwayStep|step:custodian:cherel:4,ProcessLine|line:custodian:cherel,PathwayStep|step:custodian:cherel:4,Custodian,4
HAS_STEP|ProcessLine|line:custodian:cherel|PathwayStep|step:custodian:cherel:5,ProcessLine|line:custodian:cherel,PathwayStep|step:custodian:cherel:5,EthicsRegulatory,5
HAS_STEP|ProcessLine|line:custodian:cherel|PathwayStep|step:custodian:cherel:6,ProcessLine|line:custodian:cherel,PathwayStep|step:custodian:cherel:6,Researcher,6
HAS_STEP|ProcessLine|line:custodian:cherel|PathwayStep|step:custodian:cherel:7,ProcessLine|line:custodian:cherel,PathwayStep|step:custodian:cherel:7,Researcher,7
HAS_STEP|ProcessLine|line:custodian:cancer-institute-nsw|PathwayStep|step:custodian:cancer-institute-nsw:1,ProcessLine|line:custodian:cancer-institute-nsw,PathwayStep|step:custodian:cancer-institute-nsw:1,Researcher,1
HAS_STEP|ProcessLine|line:custodian:cancer-institute-nsw|PathwayStep|step:custodian:cancer-institute-nsw:2,ProcessLine|line:custodian:cancer-institute-nsw,PathwayStep|step:custodian:cancer-institute-nsw:2,Researcher,2
HAS_STEP|ProcessLine|line:custodian:cancer-institute-nsw|PathwayStep|step:custodian:cancer-institute-nsw:3,ProcessLine|line:custodian:cancer-institute-nsw,PathwayStep|step:custodian:cancer-institute-nsw:3,EthicsRegulatory,3
HAS_STEP|ProcessLine|line:custodian:cancer-institute-nsw|PathwayStep|step:custodian:cancer-institute-nsw:4,ProcessLine|line:custodian:cancer-institute-nsw,PathwayStep|step:custodian:cancer-institute-nsw:4,Custodian,4
HAS_STEP|ProcessLine|line:custodian:vahi|PathwayStep|step:custodian:vahi:1,ProcessLine|line:custodian:vahi,PathwayStep|step:custodian:vahi:1,Researcher,1
HAS_STEP|ProcessLine|line:custodian:vahi|PathwayStep|step:custodian:vahi:2,ProcessLine|line:custodian:vahi,PathwayStep|step:custodian:vahi:2,Researcher,2
HAS_STEP|ProcessLine|line:custodian:vahi|PathwayStep|step:custodian:vahi:3,ProcessLine|line:custodian:vahi,PathwayStep|step:custodian:vahi:3,Researcher,3
HAS_STEP|ProcessLine|line:custodian:vahi|PathwayStep|step:custodian:vahi:4,ProcessLine|line:custodian:vahi,PathwayStep|step:custodian:vahi:4,Custodian,4
HAS_STEP|ProcessLine|line:custodian:victorian-cancer-registry|PathwayStep|step:custodian:victorian-cancer-registry:1,ProcessLine|line:custodian:victorian-cancer-registry,PathwayStep|step:custodian:victorian-cancer-registry:1,Researcher,1
HAS_STEP|ProcessLine|line:custodian:victorian-cancer-registry|PathwayStep|step:custodian:victorian-cancer-registry:2,ProcessLine|line:custodian:victorian-cancer-registry,PathwayStep|step:custodian:victorian-cancer-registry:2,Researcher,2
HAS_STEP|ProcessLine|line:custodian:victorian-cancer-registry|PathwayStep|step:custodian:victorian-cancer-registry:3,ProcessLine|line:custodian:victorian-cancer-registry,PathwayStep|step:custodian:victorian-cancer-registry:3,Researcher,3
HAS_STEP|ProcessLine|line:custodian:victorian-cancer-registry|PathwayStep|step:custodian:victorian-cancer-registry:4,ProcessLine|line:custodian:victorian-cancer-registry,PathwayStep|step:custodian:victorian-cancer-registry:4,Researcher,4
HAS_STEP|ProcessLine|line:custodian:victorian-cancer-registry|PathwayStep|step:custodian:victorian-cancer-registry:5,ProcessLine|line:custodian:victorian-cancer-registry,PathwayStep|step:custodian:victorian-cancer-registry:5,EthicsRegulatory,5
HAS_STEP|ProcessLine|line:custodian:victorian-cancer-registry|PathwayStep|step:custodian:victorian-cancer-registry:6,ProcessLine|line:custodian:victorian-cancer-registry,PathwayStep|step:custodian:victorian-cancer-registry:6,Researcher,6
HAS_STEP|ProcessLine|line:custodian:victorian-cancer-registry|PathwayStep|step:custodian:victorian-cancer-registry:7,ProcessLine|line:custodian:victorian-cancer-registry,PathwayStep|step:custodian:victorian-cancer-registry:7,Custodian,7
HAS_STEP|ProcessLine|line:custodian:victorian-cancer-registry|PathwayStep|step:custodian:victorian-cancer-registry:8,ProcessLine|line:custodian:victorian-cancer-registry,PathwayStep|step:custodian:victorian-cancer-registry:8,Custodian,8
HAS_STEP|ProcessLine|line:custodian:centre-for-victorian-data-linkage-cvdl|PathwayStep|step:custodian:centre-for-victorian-data-linkage-cvdl:1,ProcessLine|line:custodian:centre-for-victorian-data-linkage-cvdl,PathwayStep|step:custodian:centre-for-victorian-data-linkage-cvdl:1,Researcher,1
HAS_STEP|ProcessLine|line:custodian:centre-for-victorian-data-linkage-cvdl|PathwayStep|step:custodian:centre-for-victorian-data-linkage-cvdl:2,ProcessLine|line:custodian:centre-for-victorian-data-linkage-cvdl,PathwayStep|step:custodian:centre-for-victorian-data-linkage-cvdl:2,Researcher,2
HAS_STEP|ProcessLine|line:custodian:centre-for-victorian-data-linkage-cvdl|PathwayStep|step:custodian:centre-for-victorian-data-linkage-cvdl:3,ProcessLine|line:custodian:centre-for-victorian-data-linkage-cvdl,PathwayStep|step:custodian:centre-for-victorian-data-linkage-cvdl:3,Custodian,3
HAS_STEP|ProcessLine|line:custodian:centre-for-victorian-data-linkage-cvdl|PathwayStep|step:custodian:centre-for-victorian-data-linkage-cvdl:4,ProcessLine|line:custodian:centre-for-victorian-data-linkage-cvdl,PathwayStep|step:custodian:centre-for-victorian-data-linkage-cvdl:4,Researcher,4
HAS_STEP|ProcessLine|line:custodian:queensland-health|PathwayStep|step:custodian:queensland-health:1,ProcessLine|line:custodian:queensland-health,PathwayStep|step:custodian:queensland-health:1,Researcher,1
HAS_STEP|ProcessLine|line:custodian:queensland-health|PathwayStep|step:custodian:queensland-health:2,ProcessLine|line:custodian:queensland-health,PathwayStep|step:custodian:queensland-health:2,Researcher,2
HAS_STEP|ProcessLine|line:custodian:queensland-health|PathwayStep|step:custodian:queensland-health:3,ProcessLine|line:custodian:queensland-health,PathwayStep|step:custodian:queensland-health:3,Researcher,3
HAS_STEP|ProcessLine|line:custodian:queensland-health|PathwayStep|step:custodian:queensland-health:4,ProcessLine|line:custodian:queensland-health,PathwayStep|step:custodian:queensland-health:4,Researcher,4
HAS_STEP|ProcessLine|line:custodian:queensland-health|PathwayStep|step:custodian:queensland-health:5,ProcessLine|line:custodian:queensland-health,PathwayStep|step:custodian:queensland-health:5,Custodian,5
HAS_STEP|ProcessLine|line:custodian:queensland-health|PathwayStep|step:custodian:queensland-health:6,ProcessLine|line:custodian:queensland-health,PathwayStep|step:custodian:queensland-health:6,Researcher,6
HAS_STEP|ProcessLine|line:custodian:qcif|PathwayStep|step:custodian:qcif:1,ProcessLine|line:custodian:qcif,PathwayStep|step:custodian:qcif:1,Researcher,1
HAS_STEP|ProcessLine|line:custodian:qcif|PathwayStep|step:custodian:qcif:2,ProcessLine|line:custodian:qcif,PathwayStep|step:custodian:qcif:2,Researcher,2
HAS_STEP|ProcessLine|line:custodian:qcif|PathwayStep|step:custodian:qcif:3,ProcessLine|line:custodian:qcif,PathwayStep|step:custodian:qcif:3,EthicsRegulatory,3
HAS_STEP|ProcessLine|line:custodian:qcif|PathwayStep|step:custodian:qcif:4,ProcessLine|line:custodian:qcif,PathwayStep|step:custodian:qcif:4,Researcher,4
HAS_STEP|ProcessLine|line:custodian:qcif|PathwayStep|step:custodian:qcif:5,ProcessLine|line:custodian:qcif,PathwayStep|step:custodian:qcif:5,Researcher,5
HAS_STEP|ProcessLine|line:custodian:wa-health-data-linkage-services-wa|PathwayStep|step:custodian:wa-health-data-linkage-services-wa:1,ProcessLine|line:custodian:wa-health-data-linkage-services-wa,PathwayStep|step:custodian:wa-health-data-linkage-services-wa:1,Researcher,1
HAS_STEP|ProcessLine|line:custodian:wa-health-data-linkage-services-wa|PathwayStep|step:custodian:wa-health-data-linkage-services-wa:2,ProcessLine|line:custodian:wa-health-data-linkage-services-wa,PathwayStep|step:custodian:wa-health-data-linkage-services-wa:2,Researcher,2
HAS_STEP|ProcessLine|line:custodian:wa-health-data-linkage-services-wa|PathwayStep|step:custodian:wa-health-data-linkage-services-wa:3,ProcessLine|line:custodian:wa-health-data-linkage-services-wa,PathwayStep|step:custodian:wa-health-data-linkage-services-wa:3,Custodian,3
HAS_STEP|ProcessLine|line:custodian:wa-health-data-linkage-services-wa|PathwayStep|step:custodian:wa-health-data-linkage-services-wa:4,ProcessLine|line:custodian:wa-health-data-linkage-services-wa,PathwayStep|step:custodian:wa-health-data-linkage-services-wa:4,Researcher,4
HAS_STEP|ProcessLine|line:custodian:wa-health-data-linkage-services-wa|PathwayStep|step:custodian:wa-health-data-linkage-services-wa:5,ProcessLine|line:custodian:wa-health-data-linkage-services-wa,PathwayStep|step:custodian:wa-health-data-linkage-services-wa:5,EthicsRegulatory,5
HAS_STEP|ProcessLine|line:custodian:wa-health-data-linkage-services-wa|PathwayStep|step:custodian:wa-health-data-linkage-services-wa:6,ProcessLine|line:custodian:wa-health-data-linkage-services-wa,PathwayStep|step:custodian:wa-health-data-linkage-services-wa:6,Custodian,6
HAS_STEP|ProcessLine|line:custodian:sa-health-sa-nt-datalink|PathwayStep|step:custodian:sa-health-sa-nt-datalink:1,ProcessLine|line:custodian:sa-health-sa-nt-datalink,PathwayStep|step:custodian:sa-health-sa-nt-datalink:1,Researcher,1
HAS_STEP|ProcessLine|line:custodian:tasmanian-department-of-health-tasmanian-data-linkage-unit-tdlu|PathwayStep|step:custodian:tasmanian-department-of-health-tasmanian-data-linkage-unit-tdlu:1,ProcessLine|line:custodian:tasmanian-department-of-health-tasmanian-data-linkage-unit-tdlu,PathwayStep|step:custodian:tasmanian-department-of-health-tasmanian-data-linkage-unit-tdlu:1,Researcher,1
HAS_STEP|ProcessLine|line:custodian:tasmanian-department-of-health-tasmanian-data-linkage-unit-tdlu|PathwayStep|step:custodian:tasmanian-department-of-health-tasmanian-data-linkage-unit-tdlu:2,ProcessLine|line:custodian:tasmanian-department-of-health-tasmanian-data-linkage-unit-tdlu,PathwayStep|step:custodian:tasmanian-department-of-health-tasmanian-data-linkage-unit-tdlu:2,Researcher,2
HAS_STEP|ProcessLine|line:custodian:tasmanian-department-of-health-tasmanian-data-linkage-unit-tdlu|PathwayStep|step:custodian:tasmanian-department-of-health-tasmanian-data-linkage-unit-tdlu:3,ProcessLine|line:custodian:tasmanian-department-of-health-tasmanian-data-linkage-unit-tdlu,PathwayStep|step:custodian:tasmanian-department-of-health-tasmanian-data-linkage-unit-tdlu:3,Researcher,3
HAS_STEP|ProcessLine|line:custodian:tasmanian-department-of-health-tasmanian-data-linkage-unit-tdlu|PathwayStep|step:custodian:tasmanian-department-of-health-tasmanian-data-linkage-unit-tdlu:4,ProcessLine|line:custodian:tasmanian-department-of-health-tasmanian-data-linkage-unit-tdlu,PathwayStep|step:custodian:tasmanian-department-of-health-tasmanian-data-linkage-unit-tdlu:4,Custodian,4
HAS_STEP|ProcessLine|line:custodian:tasmanian-department-of-health-tasmanian-data-linkage-unit-tdlu|PathwayStep|step:custodian:tasmanian-department-of-health-tasmanian-data-linkage-unit-tdlu:5,ProcessLine|line:custodian:tasmanian-department-of-health-tasmanian-data-linkage-unit-tdlu,PathwayStep|step:custodian:tasmanian-department-of-health-tasmanian-data-linkage-unit-tdlu:5,Researcher,5
HAS_STEP|ProcessLine|line:custodian:act-health|PathwayStep|step:custodian:act-health:1,ProcessLine|line:custodian:act-health,PathwayStep|step:custodian:act-health:1,Researcher,1
HAS_STEP|ProcessLine|line:custodian:act-health|PathwayStep|step:custodian:act-health:2,ProcessLine|line:custodian:act-health,PathwayStep|step:custodian:act-health:2,Researcher,2
HAS_STEP|ProcessLine|line:custodian:act-health|PathwayStep|step:custodian:act-health:3,ProcessLine|line:custodian:act-health,PathwayStep|step:custodian:act-health:3,Researcher,3
HAS_STEP|ProcessLine|line:custodian:act-health|PathwayStep|step:custodian:act-health:4,ProcessLine|line:custodian:act-health,PathwayStep|step:custodian:act-health:4,Custodian,4
HAS_STEP|ProcessLine|line:custodian:act-health|PathwayStep|step:custodian:act-health:5,ProcessLine|line:custodian:act-health,PathwayStep|step:custodian:act-health:5,Researcher,5
HAS_STEP|ProcessLine|line:custodian:act-health|PathwayStep|step:custodian:act-health:6,ProcessLine|line:custodian:act-health,PathwayStep|step:custodian:act-health:6,EthicsRegulatory,6
HAS_STEP|ProcessLine|line:custodian:act-health|PathwayStep|step:custodian:act-health:7,ProcessLine|line:custodian:act-health,PathwayStep|step:custodian:act-health:7,Custodian,7
HAS_STEP|ProcessLine|line:custodian:nt-health-nt-health-research-governance-office|PathwayStep|step:custodian:nt-health-nt-health-research-governance-office:1,ProcessLine|line:custodian:nt-health-nt-health-research-governance-office,PathwayStep|step:custodian:nt-health-nt-health-research-governance-office:1,Researcher,1
HAS_STEP|ProcessLine|line:custodian:nt-health-nt-health-research-governance-office|PathwayStep|step:custodian:nt-health-nt-health-research-governance-office:2,ProcessLine|line:custodian:nt-health-nt-health-research-governance-office,PathwayStep|step:custodian:nt-health-nt-health-research-governance-office:2,EthicsRegulatory,2
HAS_STEP|ProcessLine|line:custodian:nt-health-nt-health-research-governance-office|PathwayStep|step:custodian:nt-health-nt-health-research-governance-office:3,ProcessLine|line:custodian:nt-health-nt-health-research-governance-office,PathwayStep|step:custodian:nt-health-nt-health-research-governance-office:3,EthicsRegulatory,3
HAS_STEP|ProcessLine|line:custodian:nt-health-nt-health-research-governance-office|PathwayStep|step:custodian:nt-health-nt-health-research-governance-office:4,ProcessLine|line:custodian:nt-health-nt-health-research-governance-office,PathwayStep|step:custodian:nt-health-nt-health-research-governance-office:4,Researcher,4
HAS_STEP|ProcessLine|line:custodian:nt-health-nt-health-research-governance-office|PathwayStep|step:custodian:nt-health-nt-health-research-governance-office:5,ProcessLine|line:custodian:nt-health-nt-health-research-governance-office,PathwayStep|step:custodian:nt-health-nt-health-research-governance-office:5,EthicsRegulatory,5
HAS_STEP|ProcessLine|line:custodian:phrn|PathwayStep|step:custodian:phrn:1,ProcessLine|line:custodian:phrn,PathwayStep|step:custodian:phrn:1,Researcher,1
HAS_STEP|ProcessLine|line:custodian:phrn|PathwayStep|step:custodian:phrn:2,ProcessLine|line:custodian:phrn,PathwayStep|step:custodian:phrn:2,Researcher,2
HAS_STEP|ProcessLine|line:custodian:phrn|PathwayStep|step:custodian:phrn:3,ProcessLine|line:custodian:phrn,PathwayStep|step:custodian:phrn:3,EthicsRegulatory,3
HAS_STEP|ProcessLine|line:custodian:phrn|PathwayStep|step:custodian:phrn:4,ProcessLine|line:custodian:phrn,PathwayStep|step:custodian:phrn:4,Custodian,4
HAS_STEP|ProcessLine|line:custodian:phrn|PathwayStep|step:custodian:phrn:5,ProcessLine|line:custodian:phrn,PathwayStep|step:custodian:phrn:5,Researcher,5
HAS_STEP|ProcessLine|line:custodian:phrn|PathwayStep|step:custodian:phrn:6,ProcessLine|line:custodian:phrn,PathwayStep|step:custodian:phrn:6,Researcher,6
HAS_STEP|ProcessLine|line:custodian:sure-secure-unified-research-environment|PathwayStep|step:custodian:sure-secure-unified-research-environment:1,ProcessLine|line:custodian:sure-secure-unified-research-environment,PathwayStep|step:custodian:sure-secure-unified-research-environment:1,Researcher,1
HAS_STEP|ProcessLine|line:custodian:sure-secure-unified-research-environment|PathwayStep|step:custodian:sure-secure-unified-research-environment:2,ProcessLine|line:custodian:sure-secure-unified-research-environment,PathwayStep|step:custodian:sure-secure-unified-research-environment:2,Researcher,2
HAS_STEP|ProcessLine|line:custodian:sure-secure-unified-research-environment|PathwayStep|step:custodian:sure-secure-unified-research-environment:3,ProcessLine|line:custodian:sure-secure-unified-research-environment,PathwayStep|step:custodian:sure-secure-unified-research-environment:3,Researcher,3
HAS_STEP|ProcessLine|line:custodian:sure-secure-unified-research-environment|PathwayStep|step:custodian:sure-secure-unified-research-environment:4,ProcessLine|line:custodian:sure-secure-unified-research-environment,PathwayStep|step:custodian:sure-secure-unified-research-environment:4,Custodian,4
HAS_STEP|ProcessLine|line:custodian:sure-secure-unified-research-environment|PathwayStep|step:custodian:sure-secure-unified-research-environment:5,ProcessLine|line:custodian:sure-secure-unified-research-environment,PathwayStep|step:custodian:sure-secure-unified-research-environment:5,Custodian,5
HAS_STEP|ProcessLine|line:custodian:sure-secure-unified-research-environment|PathwayStep|step:custodian:sure-secure-unified-research-environment:6,ProcessLine|line:custodian:sure-secure-unified-research-environment,PathwayStep|step:custodian:sure-secure-unified-research-environment:6,Researcher,6
HAS_STEP|ProcessLine|line:custodian:sure-secure-unified-research-environment|PathwayStep|step:custodian:sure-secure-unified-research-environment:7,ProcessLine|line:custodian:sure-secure-unified-research-environment,PathwayStep|step:custodian:sure-secure-unified-research-environment:7,Custodian,7
HAS_STEP|ProcessLine|line:custodian:sure-secure-unified-research-environment|PathwayStep|step:custodian:sure-secure-unified-research-environment:8,ProcessLine|line:custodian:sure-secure-unified-research-environment,PathwayStep|step:custodian:sure-secure-unified-research-environment:8,Researcher,8
HAS_STEP|ProcessLine|line:custodian:sure-secure-unified-research-environment|PathwayStep|step:custodian:sure-secure-unified-research-environment:9,ProcessLine|line:custodian:sure-secure-unified-research-environment,PathwayStep|step:custodian:sure-secure-unified-research-environment:9,Custodian,9
HAS_STEP|ProcessLine|line:custodian:sure-secure-unified-research-environment|PathwayStep|step:custodian:sure-secure-unified-research-environment:10,ProcessLine|line:custodian:sure-secure-unified-research-environment,PathwayStep|step:custodian:sure-secure-unified-research-environment:10,Custodian,10
HAS_STEP|ProcessLine|line:custodian:sure-secure-unified-research-environment|PathwayStep|step:custodian:sure-secure-unified-research-environment:11,ProcessLine|line:custodian:sure-secure-unified-research-environment,PathwayStep|step:custodian:sure-secure-unified-research-environment:11,Researcher,11
HAS_STEP|ProcessLine|line:custodian:abs-datalab|PathwayStep|step:custodian:abs-datalab:1,ProcessLine|line:custodian:abs-datalab,PathwayStep|step:custodian:abs-datalab:1,Researcher,1
HAS_STEP|ProcessLine|line:custodian:abs-datalab|PathwayStep|step:custodian:abs-datalab:2,ProcessLine|line:custodian:abs-datalab,PathwayStep|step:custodian:abs-datalab:2,Researcher,2
HAS_STEP|ProcessLine|line:custodian:abs-datalab|PathwayStep|step:custodian:abs-datalab:3,ProcessLine|line:custodian:abs-datalab,PathwayStep|step:custodian:abs-datalab:3,Researcher,3
HAS_STEP|ProcessLine|line:custodian:abs-datalab|PathwayStep|step:custodian:abs-datalab:4,ProcessLine|line:custodian:abs-datalab,PathwayStep|step:custodian:abs-datalab:4,Researcher,4
HAS_STEP|ProcessLine|line:custodian:aihw-data-integration-services|PathwayStep|step:custodian:aihw-data-integration-services:1,ProcessLine|line:custodian:aihw-data-integration-services,PathwayStep|step:custodian:aihw-data-integration-services:1,Researcher,1
HAS_STEP|ProcessLine|line:custodian:aihw-data-integration-services|PathwayStep|step:custodian:aihw-data-integration-services:2,ProcessLine|line:custodian:aihw-data-integration-services,PathwayStep|step:custodian:aihw-data-integration-services:2,Researcher,2
HAS_STEP|ProcessLine|line:custodian:aihw-data-integration-services|PathwayStep|step:custodian:aihw-data-integration-services:3,ProcessLine|line:custodian:aihw-data-integration-services,PathwayStep|step:custodian:aihw-data-integration-services:3,Researcher,3
HAS_STEP|ProcessLine|line:custodian:aihw-data-integration-services|PathwayStep|step:custodian:aihw-data-integration-services:4,ProcessLine|line:custodian:aihw-data-integration-services,PathwayStep|step:custodian:aihw-data-integration-services:4,Researcher,4
HAS_STEP|ProcessLine|line:custodian:aihw-data-integration-services|PathwayStep|step:custodian:aihw-data-integration-services:5,ProcessLine|line:custodian:aihw-data-integration-services,PathwayStep|step:custodian:aihw-data-integration-services:5,Custodian,5
HAS_STEP|ProcessLine|line:custodian:aihw-data-integration-services|PathwayStep|step:custodian:aihw-data-integration-services:6,ProcessLine|line:custodian:aihw-data-integration-services,PathwayStep|step:custodian:aihw-data-integration-services:6,Researcher,6
HAS_STEP|ProcessLine|line:custodian:aihw-data-integration-services|PathwayStep|step:custodian:aihw-data-integration-services:7,ProcessLine|line:custodian:aihw-data-integration-services,PathwayStep|step:custodian:aihw-data-integration-services:7,Custodian,7
HAS_STEP|ProcessLine|line:custodian:aihw-data-integration-services|PathwayStep|step:custodian:aihw-data-integration-services:8,ProcessLine|line:custodian:aihw-data-integration-services,PathwayStep|step:custodian:aihw-data-integration-services:8,Custodian,8
HAS_STEP|ProcessLine|line:custodian:aihw-data-integration-services|PathwayStep|step:custodian:aihw-data-integration-services:9,ProcessLine|line:custodian:aihw-data-integration-services,PathwayStep|step:custodian:aihw-data-integration-services:9,Researcher,9
HAS_STEP|ProcessLine|line:custodian:aihw-data-integration-services|PathwayStep|step:custodian:aihw-data-integration-services:10,ProcessLine|line:custodian:aihw-data-integration-services,PathwayStep|step:custodian:aihw-data-integration-services:10,Researcher,10
HAS_STEP|ProcessLine|line:custodian:adha|PathwayStep|step:custodian:adha:1,ProcessLine|line:custodian:adha,PathwayStep|step:custodian:adha:1,Researcher,1
HAS_STEP|ProcessLine|line:custodian:adha|PathwayStep|step:custodian:adha:2,ProcessLine|line:custodian:adha,PathwayStep|step:custodian:adha:2,Researcher,2
HAS_STEP|ProcessLine|line:custodian:adha|PathwayStep|step:custodian:adha:3,ProcessLine|line:custodian:adha,PathwayStep|step:custodian:adha:3,EthicsRegulatory,3
HAS_STEP|ProcessLine|line:custodian:adha|PathwayStep|step:custodian:adha:4,ProcessLine|line:custodian:adha,PathwayStep|step:custodian:adha:4,EthicsRegulatory,4
HAS_STEP|ProcessLine|line:custodian:adha|PathwayStep|step:custodian:adha:5,ProcessLine|line:custodian:adha,PathwayStep|step:custodian:adha:5,Custodian,5
HAS_STEP|ProcessLine|line:custodian:phn-cooperative-primary-health-insights|PathwayStep|step:custodian:phn-cooperative-primary-health-insights:1,ProcessLine|line:custodian:phn-cooperative-primary-health-insights,PathwayStep|step:custodian:phn-cooperative-primary-health-insights:1,Researcher,1
HAS_STEP|ProcessLine|line:custodian:phn-cooperative-primary-health-insights|PathwayStep|step:custodian:phn-cooperative-primary-health-insights:2,ProcessLine|line:custodian:phn-cooperative-primary-health-insights,PathwayStep|step:custodian:phn-cooperative-primary-health-insights:2,Researcher,2
HAS_STEP|ProcessLine|line:custodian:phn-cooperative-primary-health-insights|PathwayStep|step:custodian:phn-cooperative-primary-health-insights:3,ProcessLine|line:custodian:phn-cooperative-primary-health-insights,PathwayStep|step:custodian:phn-cooperative-primary-health-insights:3,EthicsRegulatory,3
HAS_STEP|ProcessLine|line:custodian:phn-cooperative-primary-health-insights|PathwayStep|step:custodian:phn-cooperative-primary-health-insights:4,ProcessLine|line:custodian:phn-cooperative-primary-health-insights,PathwayStep|step:custodian:phn-cooperative-primary-health-insights:4,Researcher,4
HAS_STEP|ProcessLine|line:custodian:phn-cooperative-primary-health-insights|PathwayStep|step:custodian:phn-cooperative-primary-health-insights:5,ProcessLine|line:custodian:phn-cooperative-primary-health-insights,PathwayStep|step:custodian:phn-cooperative-primary-health-insights:5,Researcher,5
HAS_STEP|ProcessLine|line:custodian:phn-cooperative-primary-health-insights|PathwayStep|step:custodian:phn-cooperative-primary-health-insights:6,ProcessLine|line:custodian:phn-cooperative-primary-health-insights,PathwayStep|step:custodian:phn-cooperative-primary-health-insights:6,Custodian,6
HAS_STEP|ProcessLine|line:custodian:medicineinsight-nps-medicinewise|PathwayStep|step:custodian:medicineinsight-nps-medicinewise:1,ProcessLine|line:custodian:medicineinsight-nps-medicinewise,PathwayStep|step:custodian:medicineinsight-nps-medicinewise:1,Researcher,1
HAS_STEP|ProcessLine|line:custodian:medicineinsight-nps-medicinewise|PathwayStep|step:custodian:medicineinsight-nps-medicinewise:2,ProcessLine|line:custodian:medicineinsight-nps-medicinewise,PathwayStep|step:custodian:medicineinsight-nps-medicinewise:2,Custodian,2
HAS_STEP|ProcessLine|line:custodian:medicineinsight-nps-medicinewise|PathwayStep|step:custodian:medicineinsight-nps-medicinewise:3,ProcessLine|line:custodian:medicineinsight-nps-medicinewise,PathwayStep|step:custodian:medicineinsight-nps-medicinewise:3,EthicsRegulatory,3
HAS_STEP|ProcessLine|line:custodian:medicineinsight-nps-medicinewise|PathwayStep|step:custodian:medicineinsight-nps-medicinewise:4,ProcessLine|line:custodian:medicineinsight-nps-medicinewise,PathwayStep|step:custodian:medicineinsight-nps-medicinewise:4,Custodian,4
HAS_STEP|ProcessLine|line:custodian:nhmrc-hrecs|PathwayStep|step:custodian:nhmrc-hrecs:1,ProcessLine|line:custodian:nhmrc-hrecs,PathwayStep|step:custodian:nhmrc-hrecs:1,Researcher,1
HAS_STEP|ProcessLine|line:custodian:nhmrc-hrecs|PathwayStep|step:custodian:nhmrc-hrecs:2,ProcessLine|line:custodian:nhmrc-hrecs,PathwayStep|step:custodian:nhmrc-hrecs:2,Researcher,2
HAS_STEP|ProcessLine|line:custodian:nhmrc-hrecs|PathwayStep|step:custodian:nhmrc-hrecs:3,ProcessLine|line:custodian:nhmrc-hrecs,PathwayStep|step:custodian:nhmrc-hrecs:3,EthicsRegulatory,3
HAS_STEP|ProcessLine|line:custodian:nhmrc-hrecs|PathwayStep|step:custodian:nhmrc-hrecs:4,ProcessLine|line:custodian:nhmrc-hrecs,PathwayStep|step:custodian:nhmrc-hrecs:4,Researcher,4
HAS_STEP|ProcessLine|line:custodian:nhmrc-hrecs|PathwayStep|step:custodian:nhmrc-hrecs:5,ProcessLine|line:custodian:nhmrc-hrecs,PathwayStep|step:custodian:nhmrc-hrecs:5,EthicsRegulatory,5
HAS_STEP|ProcessLine|line:custodian:nhmrc-hrecs|PathwayStep|step:custodian:nhmrc-hrecs:6,ProcessLine|line:custodian:nhmrc-hrecs,PathwayStep|step:custodian:nhmrc-hrecs:6,Researcher,6
HAS_STEP|ProcessLine|line:custodian:aiatsis|PathwayStep|step:custodian:aiatsis:1,ProcessLine|line:custodian:aiatsis,PathwayStep|step:custodian:aiatsis:1,Researcher,1
HAS_STEP|ProcessLine|line:custodian:aiatsis|PathwayStep|step:custodian:aiatsis:2,ProcessLine|line:custodian:aiatsis,PathwayStep|step:custodian:aiatsis:2,Researcher,2
HAS_STEP|ProcessLine|line:custodian:aiatsis|PathwayStep|step:custodian:aiatsis:3,ProcessLine|line:custodian:aiatsis,PathwayStep|step:custodian:aiatsis:3,Custodian,3
HAS_STEP|ProcessLine|line:custodian:aiatsis|PathwayStep|step:custodian:aiatsis:4,ProcessLine|line:custodian:aiatsis,PathwayStep|step:custodian:aiatsis:4,Custodian,4
HAS_STEP|ProcessLine|line:custodian:aiatsis|PathwayStep|step:custodian:aiatsis:5,ProcessLine|line:custodian:aiatsis,PathwayStep|step:custodian:aiatsis:5,Researcher,5
HAS_STEP|ProcessLine|line:custodian:aiatsis|PathwayStep|step:custodian:aiatsis:6,ProcessLine|line:custodian:aiatsis,PathwayStep|step:custodian:aiatsis:6,Custodian,6
HAS_STEP|ProcessLine|line:custodian:naccho-aboriginal-community-controlled-health-organisations-acchos|PathwayStep|step:custodian:naccho-aboriginal-community-controlled-health-organisations-acchos:1,ProcessLine|line:custodian:naccho-aboriginal-community-controlled-health-organisations-acchos,PathwayStep|step:custodian:naccho-aboriginal-community-controlled-health-organisations-acchos:1,Researcher,1
HAS_STEP|ProcessLine|line:custodian:naccho-aboriginal-community-controlled-health-organisations-acchos|PathwayStep|step:custodian:naccho-aboriginal-community-controlled-health-organisations-acchos:2,ProcessLine|line:custodian:naccho-aboriginal-community-controlled-health-organisations-acchos,PathwayStep|step:custodian:naccho-aboriginal-community-controlled-health-organisations-acchos:2,Researcher,2
HAS_STEP|ProcessLine|line:custodian:naccho-aboriginal-community-controlled-health-organisations-acchos|PathwayStep|step:custodian:naccho-aboriginal-community-controlled-health-organisations-acchos:3,ProcessLine|line:custodian:naccho-aboriginal-community-controlled-health-organisations-acchos,PathwayStep|step:custodian:naccho-aboriginal-community-controlled-health-organisations-acchos:3,EthicsRegulatory,3
HAS_STEP|ProcessLine|line:custodian:naccho-aboriginal-community-controlled-health-organisations-acchos|PathwayStep|step:custodian:naccho-aboriginal-community-controlled-health-organisations-acchos:4,ProcessLine|line:custodian:naccho-aboriginal-community-controlled-health-organisations-acchos,PathwayStep|step:custodian:naccho-aboriginal-community-controlled-health-organisations-acchos:4,EthicsRegulatory,4
HAS_STEP|ProcessLine|line:custodian:naccho-aboriginal-community-controlled-health-organisations-acchos|PathwayStep|step:custodian:naccho-aboriginal-community-controlled-health-organisations-acchos:5,ProcessLine|line:custodian:naccho-aboriginal-community-controlled-health-organisations-acchos,PathwayStep|step:custodian:naccho-aboriginal-community-controlled-health-organisations-acchos:5,Researcher,5
HAS_STEP|ProcessLine|line:custodian:naccho-aboriginal-community-controlled-health-organisations-acchos|PathwayStep|step:custodian:naccho-aboriginal-community-controlled-health-organisations-acchos:6,ProcessLine|line:custodian:naccho-aboriginal-community-controlled-health-organisations-acchos,PathwayStep|step:custodian:naccho-aboriginal-community-controlled-health-organisations-acchos:6,Custodian,6
HAS_STEP|ProcessLine|line:custodian:acsqhc|PathwayStep|step:custodian:acsqhc:1,ProcessLine|line:custodian:acsqhc,PathwayStep|step:custodian:acsqhc:1,Researcher,1
HAS_STEP|ProcessLine|line:custodian:acsqhc|PathwayStep|step:custodian:acsqhc:2,ProcessLine|line:custodian:acsqhc,PathwayStep|step:custodian:acsqhc:2,Researcher,2
HAS_STEP|ProcessLine|line:custodian:acsqhc|PathwayStep|step:custodian:acsqhc:3,ProcessLine|line:custodian:acsqhc,PathwayStep|step:custodian:acsqhc:3,Researcher,3
HAS_STEP|ProcessLine|line:custodian:acsqhc|PathwayStep|step:custodian:acsqhc:4,ProcessLine|line:custodian:acsqhc,PathwayStep|step:custodian:acsqhc:4,Researcher,4
HAS_STEP|ProcessLine|line:custodian:acsqhc|PathwayStep|step:custodian:acsqhc:5,ProcessLine|line:custodian:acsqhc,PathwayStep|step:custodian:acsqhc:5,Custodian,5
HAS_STEP|ProcessLine|line:custodian:ardc|PathwayStep|step:custodian:ardc:1,ProcessLine|line:custodian:ardc,PathwayStep|step:custodian:ardc:1,Researcher,1
HAS_STEP|ProcessLine|line:custodian:ardc|PathwayStep|step:custodian:ardc:2,ProcessLine|line:custodian:ardc,PathwayStep|step:custodian:ardc:2,Researcher,2
HAS_STEP|ProcessLine|line:custodian:ardc|PathwayStep|step:custodian:ardc:3,ProcessLine|line:custodian:ardc,PathwayStep|step:custodian:ardc:3,Researcher,3
HAS_STEP|ProcessLine|line:custodian:ardc|PathwayStep|step:custodian:ardc:4,ProcessLine|line:custodian:ardc,PathwayStep|step:custodian:ardc:4,Researcher,4
HAS_STEP|ProcessLine|line:custodian:ardc|PathwayStep|step:custodian:ardc:5,ProcessLine|line:custodian:ardc,PathwayStep|step:custodian:ardc:5,Researcher,5
HAS_STEP|ProcessLine|line:custodian:ardc|PathwayStep|step:custodian:ardc:6,ProcessLine|line:custodian:ardc,PathwayStep|step:custodian:ardc:6,Researcher,6
HAS_STEP|ProcessLine|line:custodian:ardc|PathwayStep|step:custodian:ardc:7,ProcessLine|line:custodian:ardc,PathwayStep|step:custodian:ardc:7,Researcher,7
HAS_STEP|ProcessLine|line:custodian:ardc|PathwayStep|step:custodian:ardc:8,ProcessLine|line:custodian:ardc,PathwayStep|step:custodian:ardc:8,Researcher,8
HAS_STEP|ProcessLine|line:custodian:private-hospital-data-bureau-phdb-via-aihw-department-of-health|PathwayStep|step:custodian:private-hospital-data-bureau-phdb-via-aihw-department-of-health:1,ProcessLine|line:custodian:private-hospital-data-bureau-phdb-via-aihw-department-of-health,PathwayStep|step:custodian:private-hospital-data-bureau-phdb-via-aihw-department-of-health:1,Researcher,1
HAS_STEP|ProcessLine|line:custodian:private-hospital-data-bureau-phdb-via-aihw-department-of-health|PathwayStep|step:custodian:private-hospital-data-bureau-phdb-via-aihw-department-of-health:2,ProcessLine|line:custodian:private-hospital-data-bureau-phdb-via-aihw-department-of-health,PathwayStep|step:custodian:private-hospital-data-bureau-phdb-via-aihw-department-of-health:2,Researcher,2
HAS_STEP|ProcessLine|line:custodian:private-hospital-data-bureau-phdb-via-aihw-department-of-health|PathwayStep|step:custodian:private-hospital-data-bureau-phdb-via-aihw-department-of-health:3,ProcessLine|line:custodian:private-hospital-data-bureau-phdb-via-aihw-department-of-health,PathwayStep|step:custodian:private-hospital-data-bureau-phdb-via-aihw-department-of-health:3,EthicsRegulatory,3
HAS_STEP|ProcessLine|line:custodian:private-hospital-data-bureau-phdb-via-aihw-department-of-health|PathwayStep|step:custodian:private-hospital-data-bureau-phdb-via-aihw-department-of-health:4,ProcessLine|line:custodian:private-hospital-data-bureau-phdb-via-aihw-department-of-health,PathwayStep|step:custodian:private-hospital-data-bureau-phdb-via-aihw-department-of-health:4,Custodian,4
HAS_STEP|ProcessLine|line:custodian:private-hospital-data-bureau-phdb-via-aihw-department-of-health|PathwayStep|step:custodian:private-hospital-data-bureau-phdb-via-aihw-department-of-health:5,ProcessLine|line:custodian:private-hospital-data-bureau-phdb-via-aihw-department-of-health,PathwayStep|step:custodian:private-hospital-data-bureau-phdb-via-aihw-department-of-health:5,Custodian,5
