relationship_element_id,start_node_element_id,end_node_element_id,source
HAS_DATASET|Custodian|custodian:aihw|Dataset|dataset:national-health-and-welfare-data-collections|csv,Custodian|custodian:aihw,Dataset|dataset:national-health-and-welfare-data-collections,csv
HAS_DATASET|Custodian|custodian:aihw|Dataset|dataset:australian-cancer-database|csv,Custodian|custodian:aihw,Dataset|dataset:australian-cancer-database,csv
HAS_DATASET|Custodian|custodian:aihw|Dataset|dataset:national-death-index|csv,Custodian|custodian:aihw,Dataset|dataset:national-death-index,csv
HAS_DATASET|Custodian|custodian:aihw|Dataset|dataset:national-hospitals-data-collection|csv,Custodian|custodian:aihw,Dataset|dataset:national-hospitals-data-collection,csv
HAS_DATASET|Custodian|custodian:aihw|Dataset|dataset:national-aged-care-data-clearinghouse|csv,Custodian|custodian:aihw,Dataset|dataset:national-aged-care-data-clearinghouse,csv
HAS_DATASET|Custodian|custodian:aihw|Dataset|dataset:specialist-homelessness-services-collection|csv,Custodian|custodian:aihw,Dataset|dataset:specialist-homelessness-services-collection,csv
HAS_DATASET|Custodian|custodian:aihw|Dataset|dataset:national-key-performance-indicators-for-first-nations-specific-primary-health-care|csv,Custodian|custodian:aihw,Dataset|dataset:national-key-performance-indicators-for-first-nations-specific-primary-health-care,csv
HAS_DATASET|Custodian|custodian:australian-bureau-of-statistics|Dataset|dataset:census|md,Custodian|custodian:australian-bureau-of-statistics,Dataset|dataset:census,md
HAS_DATASET|Custodian|custodian:australian-bureau-of-statistics|Dataset|dataset:health|md,Custodian|custodian:australian-bureau-of-statistics,Dataset|dataset:health,md
HAS_DATASET|Custodian|custodian:australian-bureau-of-statistics|Dataset|dataset:education|md,Custodian|custodian:australian-bureau-of-statistics,Dataset|dataset:education,md
HAS_DATASET|Custodian|custodian:australian-bureau-of-statistics|Dataset|dataset:labour-force|md,Custodian|custodian:australian-bureau-of-statistics,Dataset|dataset:labour-force,md
HAS_DATASET|Custodian|custodian:australian-bureau-of-statistics|Dataset|dataset:aboriginal-and-torres-strait-islander-peoples|md,Custodian|custodian:australian-bureau-of-statistics,Dataset|dataset:aboriginal-and-torres-strait-islander-peoples,md
HAS_DATASET|Custodian|custodian:australian-bureau-of-statistics|Dataset|dataset:migrants|md,Custodian|custodian:australian-bureau-of-statistics,Dataset|dataset:migrants,md
HAS_DATASET|Custodian|custodian:australian-bureau-of-statistics|Dataset|dataset:crime|md,Custodian|custodian:australian-bureau-of-statistics,Dataset|dataset:crime,md
HAS_DATASET|Custodian|custodian:australian-bureau-of-statistics|Dataset|dataset:business|md,Custodian|custodian:australian-bureau-of-statistics,Dataset|dataset:business,md
HAS_DATASET|Custodian|custodian:australian-bureau-of-statistics|Dataset|dataset:disabilities-ageing-and-carers|md,Custodian|custodian:australian-bureau-of-statistics,Dataset|dataset:disabilities-ageing-and-carers,md
HAS_DATASET|Custodian|custodian:australian-bureau-of-statistics|Dataset|dataset:abs-survey-results|md,Custodian|custodian:australian-bureau-of-statistics,Dataset|dataset:abs-survey-results,md
HAS_DATASET|Custodian|custodian:australian-bureau-of-statistics|Dataset|dataset:administrative-data|md,Custodian|custodian:australian-bureau-of-statistics,Dataset|dataset:administrative-data,md
HAS_DATASET|Custodian|custodian:australian-bureau-of-statistics|Dataset|dataset:integrated-datasets|md,Custodian|custodian:australian-bureau-of-statistics,Dataset|dataset:integrated-datasets,md
HAS_DATASET|Custodian|custodian:australian-bureau-of-statistics|Dataset|dataset:national-health-survey|csv,Custodian|custodian:australian-bureau-of-statistics,Dataset|dataset:national-health-survey,csv
HAS_DATASET|Custodian|custodian:australian-bureau-of-statistics|Dataset|dataset:national-aboriginal-and-torres-strait-islander-health-survey|csv,Custodian|custodian:australian-bureau-of-statistics,Dataset|dataset:national-aboriginal-and-torres-strait-islander-health-survey,csv
HAS_DATASET|Custodian|custodian:australian-bureau-of-statistics|Dataset|dataset:australian-health-survey|csv,Custodian|custodian:australian-bureau-of-statistics,Dataset|dataset:australian-health-survey,csv
HAS_DATASET|Custodian|custodian:australian-bureau-of-statistics|Dataset|dataset:disability-ageing-and-carers-australia|csv,Custodian|custodian:australian-bureau-of-statistics,Dataset|dataset:disability-ageing-and-carers-australia,csv
HAS_DATASET|Custodian|custodian:australian-bureau-of-statistics|Dataset|dataset:causes-of-death-australia|csv,Custodian|custodian:australian-bureau-of-statistics,Dataset|dataset:causes-of-death-australia,csv
HAS_DATASET|Custodian|custodian:australian-bureau-of-statistics|Dataset|dataset:census-of-population-and-housing|csv,Custodian|custodian:australian-bureau-of-statistics,Dataset|dataset:census-of-population-and-housing,csv
HAS_DATASET|Custodian|custodian:services-australia|Dataset|dataset:mbs|csv,Custodian|custodian:services-australia,Dataset|dataset:mbs,csv
HAS_DATASET|Custodian|custodian:services-australia|Dataset|dataset:pbs|csv,Custodian|custodian:services-australia,Dataset|dataset:pbs,csv
HAS_DATASET|Custodian|custodian:department-of-health-and-aged-care|Dataset|dataset:private-hospital-data-bureau-phdb-data|md,Custodian|custodian:department-of-health-and-aged-care,Dataset|dataset:private-hospital-data-bureau-phdb-data,md
HAS_DATASET|Custodian|custodian:department-of-health-and-aged-care|Dataset|dataset:hospital-casemix-protocol-hcp-data|md,Custodian|custodian:department-of-health-and-aged-care,Dataset|dataset:hospital-casemix-protocol-hcp-data,md
HAS_DATASET|Custodian|custodian:department-of-health-and-aged-care|Dataset|dataset:general-treatment-dental-gtd-data|md,Custodian|custodian:department-of-health-and-aged-care,Dataset|dataset:general-treatment-dental-gtd-data,md
HAS_DATASET|Custodian|custodian:department-of-health-and-aged-care|Dataset|dataset:national-notifiable-diseases-surveillance-system-nndss|md,Custodian|custodian:department-of-health-and-aged-care,Dataset|dataset:national-notifiable-diseases-surveillance-system-nndss,md
HAS_DATASET|Custodian|custodian:department-of-health-and-aged-care|Dataset|dataset:health-workforce-data|md,Custodian|custodian:department-of-health-and-aged-care,Dataset|dataset:health-workforce-data,md
HAS_DATASET|Custodian|custodian:department-of-health-and-aged-care|Dataset|dataset:australian-secondary-school-students-alcohol-and-drug-assad-surveys|md,Custodian|custodian:department-of-health-and-aged-care,Dataset|dataset:australian-secondary-school-students-alcohol-and-drug-assad-surveys,md
HAS_DATASET|Custodian|custodian:department-of-health-and-aged-care|Dataset|dataset:immunisation-coverage-data|md,Custodian|custodian:department-of-health-and-aged-care,Dataset|dataset:immunisation-coverage-data,md
HAS_DATASET|Custodian|custodian:department-of-health-and-aged-care|Dataset|dataset:medicare-statistics|md,Custodian|custodian:department-of-health-and-aged-care,Dataset|dataset:medicare-statistics,md
HAS_DATASET|Custodian|custodian:department-of-health-and-aged-care|Dataset|dataset:national-integrated-health-services-information-nihsi-national-health-data-hub-nhdh|md,Custodian|custodian:department-of-health-and-aged-care,Dataset|dataset:national-integrated-health-services-information-nihsi-national-health-data-hub-nhdh,md
HAS_DATASET|Custodian|custodian:department-of-health-and-aged-care|Dataset|dataset:enterprise-data-warehouse-edw|md,Custodian|custodian:department-of-health-and-aged-care,Dataset|dataset:enterprise-data-warehouse-edw,md
HAS_DATASET|Custodian|custodian:department-of-health-and-aged-care|Dataset|dataset:private-hospital-data-bureau|csv,Custodian|custodian:department-of-health-and-aged-care,Dataset|dataset:private-hospital-data-bureau,csv
HAS_DATASET|Custodian|custodian:department-of-health-and-aged-care|Dataset|dataset:health-workforce-data-australian-secondary-school-students-alcohol-and-drug|csv,Custodian|custodian:department-of-health-and-aged-care,Dataset|dataset:health-workforce-data-australian-secondary-school-students-alcohol-and-drug,csv
HAS_DATASET|Custodian|custodian:department-of-health-and-aged-care|Dataset|dataset:enterprise-data-warehouse|csv,Custodian|custodian:department-of-health-and-aged-care,Dataset|dataset:enterprise-data-warehouse,csv
HAS_DATASET|Custodian|custodian:tga|Dataset|dataset:australian-register-of-therapeutic-goods|csv,Custodian|custodian:tga,Dataset|dataset:australian-register-of-therapeutic-goods,csv
HAS_DATASET|Custodian|custodian:tga|Dataset|dataset:database-of-adverse-event-notifications|csv,Custodian|custodian:tga,Dataset|dataset:database-of-adverse-event-notifications,csv
HAS_DATASET|Custodian|custodian:tga|Dataset|dataset:regulatory-data|csv,Custodian|custodian:tga,Dataset|dataset:regulatory-data,csv
HAS_DATASET|Custodian|custodian:tga|Dataset|dataset:medicinal-cannabis-special-access-scheme-data|csv,Custodian|custodian:tga,Dataset|dataset:medicinal-cannabis-special-access-scheme-data,csv
HAS_DATASET|Custodian|custodian:tga|Dataset|dataset:medicinal-cannabis-authorised-prescriber-scheme-data|csv,Custodian|custodian:tga,Dataset|dataset:medicinal-cannabis-authorised-prescriber-scheme-data,csv
HAS_DATASET|Custodian|custodian:tga|Dataset|dataset:australian-unique-device-identification-database|csv,Custodian|custodian:tga,Dataset|dataset:australian-unique-device-identification-database,csv
HAS_DATASET|Custodian|custodian:tga|Dataset|dataset:freedom-of-information|csv,Custodian|custodian:tga,Dataset|dataset:freedom-of-information,csv
HAS_DATASET|Custodian|custodian:apra|Dataset|dataset:quarterly-private-health-insurance-statistics|md,Custodian|custodian:apra,Dataset|dataset:quarterly-private-health-insurance-statistics,md
HAS_DATASET|Custodian|custodian:apra|Dataset|dataset:annual-private-health-insurance-statistics|md,Custodian|custodian:apra,Dataset|dataset:annual-private-health-insurance-statistics,md
HAS_DATASET|Custodian|custodian:apra|Dataset|dataset:national-claims-and-policies-database-statistics|md,Custodian|custodian:apra,Dataset|dataset:national-claims-and-policies-database-statistics,md
HAS_DATASET|Custodian|custodian:apra|Dataset|dataset:quarterly-private-health-insurance-statistics|csv,Custodian|custodian:apra,Dataset|dataset:quarterly-private-health-insurance-statistics,csv
HAS_DATASET|Custodian|custodian:apra|Dataset|dataset:annual-private-health-insurance-statistics|csv,Custodian|custodian:apra,Dataset|dataset:annual-private-health-insurance-statistics,csv
HAS_DATASET|Custodian|custodian:apra|Dataset|dataset:national-claims-and-policies-database-statistics|csv,Custodian|custodian:apra,Dataset|dataset:national-claims-and-policies-database-statistics,csv
HAS_DATASET|Custodian|custodian:nsw-health-ministry-of-health-nsw|Dataset|dataset:nsw-admitted-patient-data-collection-apdc|md,Custodian|custodian:nsw-health-ministry-of-health-nsw,Dataset|dataset:nsw-admitted-patient-data-collection-apdc,md
HAS_DATASET|Custodian|custodian:nsw-health-ministry-of-health-nsw|Dataset|dataset:emergency-department-data-collection-eddc|md,Custodian|custodian:nsw-health-ministry-of-health-nsw,Dataset|dataset:emergency-department-data-collection-eddc,md
HAS_DATASET|Custodian|custodian:nsw-health-ministry-of-health-nsw|Dataset|dataset:perinatal-data-collection|md,Custodian|custodian:nsw-health-ministry-of-health-nsw,Dataset|dataset:perinatal-data-collection,md
HAS_DATASET|Custodian|custodian:nsw-health-ministry-of-health-nsw|Dataset|dataset:mental-health-data|md,Custodian|custodian:nsw-health-ministry-of-health-nsw,Dataset|dataset:mental-health-data,md
HAS_DATASET|Custodian|custodian:nsw-health-ministry-of-health-nsw|Dataset|dataset:nsw-admitted-patient-data-collection|csv,Custodian|custodian:nsw-health-ministry-of-health-nsw,Dataset|dataset:nsw-admitted-patient-data-collection,csv
HAS_DATASET|Custodian|custodian:nsw-health-ministry-of-health-nsw|Dataset|dataset:emergency-department-data-collection|csv,Custodian|custodian:nsw-health-ministry-of-health-nsw,Dataset|dataset:emergency-department-data-collection,csv
HAS_DATASET|Custodian|custodian:nsw-health-ministry-of-health-nsw|Dataset|dataset:perinatal-data-collection|csv,Custodian|custodian:nsw-health-ministry-of-health-nsw,Dataset|dataset:perinatal-data-collection,csv
HAS_DATASET|Custodian|custodian:nsw-health-ministry-of-health-nsw|Dataset|dataset:mental-health-data|csv,Custodian|custodian:nsw-health-ministry-of-health-nsw,Dataset|dataset:mental-health-data,csv
HAS_DATASET|Custodian|custodian:cherel|Dataset|dataset:nsw-admitted-patient-data-collection|csv,Custodian|custodian:cherel,Dataset|dataset:nsw-admitted-patient-data-collection,csv
HAS_DATASET|Custodian|custodian:cherel|Dataset|dataset:nsw-ambulance-data-collections-nsw-birth-registration-data-collection-nsw-cancer-registry|csv,Custodian|custodian:cherel,Dataset|dataset:nsw-ambulance-data-collections-nsw-birth-registration-data-collection-nsw-cancer-registry,csv
HAS_DATASET|Custodian|custodian:cherel|Dataset|dataset:nsw-emergency-department-data-collection|csv,Custodian|custodian:cherel,Dataset|dataset:nsw-emergency-department-data-collection,csv
HAS_DATASET|Custodian|custodian:cherel|Dataset|dataset:nsw-mental-health-ambulatory-data-collection-nsw-mortality-data-nsw-notifiable-conditions-information-management-system|csv,Custodian|custodian:cherel,Dataset|dataset:nsw-mental-health-ambulatory-data-collection-nsw-mortality-data-nsw-notifiable-conditions-information-management-system,csv
HAS_DATASET|Custodian|custodian:cherel|Dataset|dataset:nsw-pap-test-register-nsw-perinatal-data-collection|csv,Custodian|custodian:cherel,Dataset|dataset:nsw-pap-test-register-nsw-perinatal-data-collection,csv
HAS_DATASET|Custodian|custodian:cherel|Dataset|dataset:nsw-perinatal-death-review-database-the-45-and-up-study-act-admitted-patient-care-act-birth-registration-data-act-cancer-registry-act-emergency-department-data-collection-act-mortality-data-act-notifiable-diseases-management-system-act-maternal-perinatal-data-collection-the-australian-early-development-census|csv,Custodian|custodian:cherel,Dataset|dataset:nsw-perinatal-death-review-database-the-45-and-up-study-act-admitted-patient-care-act-birth-registration-data-act-cancer-registry-act-emergency-department-data-collection-act-mortality-data-act-notifiable-diseases-management-system-act-maternal-perinatal-data-collection-the-australian-early-development-census,csv
HAS_DATASET|Custodian|custodian:cherel|Dataset|dataset:breastscreen-nsw-act-kindergarten-health-check-the-australian-and-new-zealand-dialysis-and-transplant-registry|csv,Custodian|custodian:cherel,Dataset|dataset:breastscreen-nsw-act-kindergarten-health-check-the-australian-and-new-zealand-dialysis-and-transplant-registry,csv
HAS_DATASET|Custodian|custodian:cherel|Dataset|dataset:nsw-controlled-drugs-data-collection|csv,Custodian|custodian:cherel,Dataset|dataset:nsw-controlled-drugs-data-collection,csv
HAS_DATASET|Custodian|custodian:cherel|Dataset|dataset:the-nsw-bureau-of-crime-statistics-and-research-reoffending-data-collection|csv,Custodian|custodian:cherel,Dataset|dataset:the-nsw-bureau-of-crime-statistics-and-research-reoffending-data-collection,csv
HAS_DATASET|Custodian|custodian:cherel|Dataset|dataset:nsw-non-admitted-patient-data-collection|csv,Custodian|custodian:cherel,Dataset|dataset:nsw-non-admitted-patient-data-collection,csv
HAS_DATASET|Custodian|custodian:cherel|Dataset|dataset:act-ambulance-data-collections|csv,Custodian|custodian:cherel,Dataset|dataset:act-ambulance-data-collections,csv
HAS_DATASET|Custodian|custodian:cancer-institute-nsw|Dataset|dataset:nsw-cancer-registry-nswcr|md,Custodian|custodian:cancer-institute-nsw,Dataset|dataset:nsw-cancer-registry-nswcr,md
HAS_DATASET|Custodian|custodian:cancer-institute-nsw|Dataset|dataset:breastscreen-nsw|md,Custodian|custodian:cancer-institute-nsw,Dataset|dataset:breastscreen-nsw,md
HAS_DATASET|Custodian|custodian:cancer-institute-nsw|Dataset|dataset:cancer-institute-tobacco-tracking-survey-citts|md,Custodian|custodian:cancer-institute-nsw,Dataset|dataset:cancer-institute-tobacco-tracking-survey-citts,md
HAS_DATASET|Custodian|custodian:cancer-institute-nsw|Dataset|dataset:nsw-cancer-registry|csv,Custodian|custodian:cancer-institute-nsw,Dataset|dataset:nsw-cancer-registry,csv
HAS_DATASET|Custodian|custodian:cancer-institute-nsw|Dataset|dataset:breastscreen-nsw|csv,Custodian|custodian:cancer-institute-nsw,Dataset|dataset:breastscreen-nsw,csv
HAS_DATASET|Custodian|custodian:cancer-institute-nsw|Dataset|dataset:cancer-institute-tobacco-tracking-survey|csv,Custodian|custodian:cancer-institute-nsw,Dataset|dataset:cancer-institute-tobacco-tracking-survey,csv
HAS_DATASET|Custodian|custodian:vahi|Dataset|dataset:victorian-admitted-episodes-dataset-vaed|md,Custodian|custodian:vahi,Dataset|dataset:victorian-admitted-episodes-dataset-vaed,md
HAS_DATASET|Custodian|custodian:vahi|Dataset|dataset:victorian-emergency-minimum-dataset-vemd|md,Custodian|custodian:vahi,Dataset|dataset:victorian-emergency-minimum-dataset-vemd,md
HAS_DATASET|Custodian|custodian:vahi|Dataset|dataset:victorian-perinatal-data-collection|md,Custodian|custodian:vahi,Dataset|dataset:victorian-perinatal-data-collection,md
HAS_DATASET|Custodian|custodian:vahi|Dataset|dataset:victorian-integrated-non-admitted-health-vinah-dataset|md,Custodian|custodian:vahi,Dataset|dataset:victorian-integrated-non-admitted-health-vinah-dataset,md
HAS_DATASET|Custodian|custodian:vahi|Dataset|dataset:victorian-linkage-map-vlm-and-integrated-data-resource-idr|md,Custodian|custodian:vahi,Dataset|dataset:victorian-linkage-map-vlm-and-integrated-data-resource-idr,md
HAS_DATASET|Custodian|custodian:vahi|Dataset|dataset:victorian-admitted-episodes-dataset|csv,Custodian|custodian:vahi,Dataset|dataset:victorian-admitted-episodes-dataset,csv
HAS_DATASET|Custodian|custodian:vahi|Dataset|dataset:victorian-emergency-minimum-dataset|csv,Custodian|custodian:vahi,Dataset|dataset:victorian-emergency-minimum-dataset,csv
HAS_DATASET|Custodian|custodian:vahi|Dataset|dataset:victorian-perinatal-data-collection|csv,Custodian|custodian:vahi,Dataset|dataset:victorian-perinatal-data-collection,csv
HAS_DATASET|Custodian|custodian:vahi|Dataset|dataset:victorian-integrated-non-admitted-health|csv,Custodian|custodian:vahi,Dataset|dataset:victorian-integrated-non-admitted-health,csv
HAS_DATASET|Custodian|custodian:vahi|Dataset|dataset:victorian-linkage-map|csv,Custodian|custodian:vahi,Dataset|dataset:victorian-linkage-map,csv
HAS_DATASET|Custodian|custodian:victorian-cancer-registry|Dataset|dataset:victorian-cancer-incidence-and-mortality-data|csv,Custodian|custodian:victorian-cancer-registry,Dataset|dataset:victorian-cancer-incidence-and-mortality-data,csv
HAS_DATASET|Custodian|custodian:victorian-cancer-registry|Dataset|dataset:vcr-annual-statistics-trends-report|csv,Custodian|custodian:victorian-cancer-registry,Dataset|dataset:vcr-annual-statistics-trends-report,csv
HAS_DATASET|Custodian|custodian:victorian-cancer-registry|Dataset|dataset:vcr-data-explorer|csv,Custodian|custodian:victorian-cancer-registry,Dataset|dataset:vcr-data-explorer,csv
HAS_DATASET|Custodian|custodian:centre-for-victorian-data-linkage-cvdl|Dataset|dataset:victorian-linkage-map|csv,Custodian|custodian:centre-for-victorian-data-linkage-cvdl,Dataset|dataset:victorian-linkage-map,csv
HAS_DATASET|Custodian|custodian:centre-for-victorian-data-linkage-cvdl|Dataset|dataset:various-victorian-health-and-human-services-datasets|csv,Custodian|custodian:centre-for-victorian-data-linkage-cvdl,Dataset|dataset:various-victorian-health-and-human-services-datasets,csv
HAS_DATASET|Custodian|custodian:queensland-health|Dataset|dataset:queensland-hospital-admitted-patient-data-collection-qhapdc|md,Custodian|custodian:queensland-health,Dataset|dataset:queensland-hospital-admitted-patient-data-collection-qhapdc,md
HAS_DATASET|Custodian|custodian:queensland-health|Dataset|dataset:queensland-perinatal-data-collection-pdc|md,Custodian|custodian:queensland-health,Dataset|dataset:queensland-perinatal-data-collection-pdc,md
HAS_DATASET|Custodian|custodian:queensland-health|Dataset|dataset:queensland-cancer-register-qcr|md,Custodian|custodian:queensland-health,Dataset|dataset:queensland-cancer-register-qcr,md
HAS_DATASET|Custodian|custodian:queensland-health|Dataset|dataset:queensland-hospital-admitted-patient-data-collection|csv,Custodian|custodian:queensland-health,Dataset|dataset:queensland-hospital-admitted-patient-data-collection,csv
HAS_DATASET|Custodian|custodian:queensland-health|Dataset|dataset:queensland-perinatal-data-collection|csv,Custodian|custodian:queensland-health,Dataset|dataset:queensland-perinatal-data-collection,csv
HAS_DATASET|Custodian|custodian:queensland-health|Dataset|dataset:queensland-cancer-register|csv,Custodian|custodian:queensland-health,Dataset|dataset:queensland-cancer-register,csv
HAS_DATASET|Custodian|custodian:qcif|Dataset|dataset:various-research-data|csv,Custodian|custodian:qcif,Dataset|dataset:various-research-data,csv
HAS_DATASET|Custodian|custodian:wa-health-data-linkage-services-wa|Dataset|dataset:hospital-morbidity-data-collection|md,Custodian|custodian:wa-health-data-linkage-services-wa,Dataset|dataset:hospital-morbidity-data-collection,md
HAS_DATASET|Custodian|custodian:wa-health-data-linkage-services-wa|Dataset|dataset:emergency-department-data-collection|md,Custodian|custodian:wa-health-data-linkage-services-wa,Dataset|dataset:emergency-department-data-collection,md
HAS_DATASET|Custodian|custodian:wa-health-data-linkage-services-wa|Dataset|dataset:wa-cancer-registry|md,Custodian|custodian:wa-health-data-linkage-services-wa,Dataset|dataset:wa-cancer-registry,md
HAS_DATASET|Custodian|custodian:wa-health-data-linkage-services-wa|Dataset|dataset:midwives-notification-system|md,Custodian|custodian:wa-health-data-linkage-services-wa,Dataset|dataset:midwives-notification-system,md
HAS_DATASET|Custodian|custodian:wa-health-data-linkage-services-wa|Dataset|dataset:wa-notifiable-infectious-diseases-database|md,Custodian|custodian:wa-health-data-linkage-services-wa,Dataset|dataset:wa-notifiable-infectious-diseases-database,md
HAS_DATASET|Custodian|custodian:wa-health-data-linkage-services-wa|Dataset|dataset:death-registrations|md,Custodian|custodian:wa-health-data-linkage-services-wa,Dataset|dataset:death-registrations,md
HAS_DATASET|Custodian|custodian:wa-health-data-linkage-services-wa|Dataset|dataset:birth-registrations|md,Custodian|custodian:wa-health-data-linkage-services-wa,Dataset|dataset:birth-registrations,md
HAS_DATASET|Custodian|custodian:wa-health-data-linkage-services-wa|Dataset|dataset:electoral-roll|md,Custodian|custodian:wa-health-data-linkage-services-wa,Dataset|dataset:electoral-roll,md
HAS_DATASET|Custodian|custodian:wa-health-data-linkage-services-wa|Dataset|dataset:peoplewa|md,Custodian|custodian:wa-health-data-linkage-services-wa,Dataset|dataset:peoplewa,md
HAS_DATASET|Custodian|custodian:wa-health-data-linkage-services-wa|Dataset|dataset:hospital-morbidity-data-collection|csv,Custodian|custodian:wa-health-data-linkage-services-wa,Dataset|dataset:hospital-morbidity-data-collection,csv
HAS_DATASET|Custodian|custodian:wa-health-data-linkage-services-wa|Dataset|dataset:emergency-department-data-collection|csv,Custodian|custodian:wa-health-data-linkage-services-wa,Dataset|dataset:emergency-department-data-collection,csv
HAS_DATASET|Custodian|custodian:wa-health-data-linkage-services-wa|Dataset|dataset:wa-cancer-registry|csv,Custodian|custodian:wa-health-data-linkage-services-wa,Dataset|dataset:wa-cancer-registry,csv
HAS_DATASET|Custodian|custodian:wa-health-data-linkage-services-wa|Dataset|dataset:midwives-notification-system|csv,Custodian|custodian:wa-health-data-linkage-services-wa,Dataset|dataset:midwives-notification-system,csv
HAS_DATASET|Custodian|custodian:wa-health-data-linkage-services-wa|Dataset|dataset:wa-notifiable-infectious-diseases-database|csv,Custodian|custodian:wa-health-data-linkage-services-wa,Dataset|dataset:wa-notifiable-infectious-diseases-database,csv
HAS_DATASET|Custodian|custodian:wa-health-data-linkage-services-wa|Dataset|dataset:death-registrations|csv,Custodian|custodian:wa-health-data-linkage-services-wa,Dataset|dataset:death-registrations,csv
HAS_DATASET|Custodian|custodian:wa-health-data-linkage-services-wa|Dataset|dataset:birth-registrations|csv,Custodian|custodian:wa-health-data-linkage-services-wa,Dataset|dataset:birth-registrations,csv
HAS_DATASET|Custodian|custodian:wa-health-data-linkage-services-wa|Dataset|dataset:electoral-roll|csv,Custodian|custodian:wa-health-data-linkage-services-wa,Dataset|dataset:electoral-roll,csv
HAS_DATASET|Custodian|custodian:wa-health-data-linkage-services-wa|Dataset|dataset:peoplewa|csv,Custodian|custodian:wa-health-data-linkage-services-wa,Dataset|dataset:peoplewa,csv
HAS_DATASET|Custodian|custodian:sa-health-sa-nt-datalink|Dataset|dataset:sa-public-hospital-admitted-patient-care|md,Custodian|custodian:sa-health-sa-nt-datalink,Dataset|dataset:sa-public-hospital-admitted-patient-care,md
HAS_DATASET|Custodian|custodian:sa-health-sa-nt-datalink|Dataset|dataset:nt-inpatient-activity|md,Custodian|custodian:sa-health-sa-nt-datalink,Dataset|dataset:nt-inpatient-activity,md
HAS_DATASET|Custodian|custodian:sa-health-sa-nt-datalink|Dataset|dataset:sa-perinatal-statistics-collection|md,Custodian|custodian:sa-health-sa-nt-datalink,Dataset|dataset:sa-perinatal-statistics-collection,md
HAS_DATASET|Custodian|custodian:sa-health-sa-nt-datalink|Dataset|dataset:nt-perinatal-trends|md,Custodian|custodian:sa-health-sa-nt-datalink,Dataset|dataset:nt-perinatal-trends,md
HAS_DATASET|Custodian|custodian:sa-health-sa-nt-datalink|Dataset|dataset:sa-cancer-register|md,Custodian|custodian:sa-health-sa-nt-datalink,Dataset|dataset:sa-cancer-register,md
HAS_DATASET|Custodian|custodian:sa-health-sa-nt-datalink|Dataset|dataset:nt-cancer-register|md,Custodian|custodian:sa-health-sa-nt-datalink,Dataset|dataset:nt-cancer-register,md
HAS_DATASET|Custodian|custodian:sa-health-sa-nt-datalink|Dataset|dataset:sa-and-nt-death-registers|md,Custodian|custodian:sa-health-sa-nt-datalink,Dataset|dataset:sa-and-nt-death-registers,md
HAS_DATASET|Custodian|custodian:sa-health-sa-nt-datalink|Dataset|dataset:sa-public-hospital-admitted-patient-care|csv,Custodian|custodian:sa-health-sa-nt-datalink,Dataset|dataset:sa-public-hospital-admitted-patient-care,csv
HAS_DATASET|Custodian|custodian:sa-health-sa-nt-datalink|Dataset|dataset:nt-inpatient-activity|csv,Custodian|custodian:sa-health-sa-nt-datalink,Dataset|dataset:nt-inpatient-activity,csv
HAS_DATASET|Custodian|custodian:sa-health-sa-nt-datalink|Dataset|dataset:sa-perinatal-statistics-collection|csv,Custodian|custodian:sa-health-sa-nt-datalink,Dataset|dataset:sa-perinatal-statistics-collection,csv
HAS_DATASET|Custodian|custodian:sa-health-sa-nt-datalink|Dataset|dataset:nt-perinatal-trends|csv,Custodian|custodian:sa-health-sa-nt-datalink,Dataset|dataset:nt-perinatal-trends,csv
HAS_DATASET|Custodian|custodian:sa-health-sa-nt-datalink|Dataset|dataset:sa-cancer-register|csv,Custodian|custodian:sa-health-sa-nt-datalink,Dataset|dataset:sa-cancer-register,csv
HAS_DATASET|Custodian|custodian:sa-health-sa-nt-datalink|Dataset|dataset:nt-cancer-register|csv,Custodian|custodian:sa-health-sa-nt-datalink,Dataset|dataset:nt-cancer-register,csv
HAS_DATASET|Custodian|custodian:sa-health-sa-nt-datalink|Dataset|dataset:sa-and-nt-death-registers|csv,Custodian|custodian:sa-health-sa-nt-datalink,Dataset|dataset:sa-and-nt-death-registers,csv
HAS_DATASET|Custodian|custodian:tasmanian-department-of-health-tasmanian-data-linkage-unit-tdlu|Dataset|dataset:the-tasmanian-public-hospital-admitted-patient-care-data-collection|md,Custodian|custodian:tasmanian-department-of-health-tasmanian-data-linkage-unit-tdlu,Dataset|dataset:the-tasmanian-public-hospital-admitted-patient-care-data-collection,md
HAS_DATASET|Custodian|custodian:tasmanian-department-of-health-tasmanian-data-linkage-unit-tdlu|Dataset|dataset:the-tasmanian-private-hospital-admitted-patient-care-data-collection|md,Custodian|custodian:tasmanian-department-of-health-tasmanian-data-linkage-unit-tdlu,Dataset|dataset:the-tasmanian-private-hospital-admitted-patient-care-data-collection,md
HAS_DATASET|Custodian|custodian:tasmanian-department-of-health-tasmanian-data-linkage-unit-tdlu|Dataset|dataset:the-tasmanian-emergency-department-dataset|md,Custodian|custodian:tasmanian-department-of-health-tasmanian-data-linkage-unit-tdlu,Dataset|dataset:the-tasmanian-emergency-department-dataset,md
HAS_DATASET|Custodian|custodian:tasmanian-department-of-health-tasmanian-data-linkage-unit-tdlu|Dataset|dataset:rbdm-death-registrations|md,Custodian|custodian:tasmanian-department-of-health-tasmanian-data-linkage-unit-tdlu,Dataset|dataset:rbdm-death-registrations,md
HAS_DATASET|Custodian|custodian:tasmanian-department-of-health-tasmanian-data-linkage-unit-tdlu|Dataset|dataset:cause-of-death-tasmania|md,Custodian|custodian:tasmanian-department-of-health-tasmanian-data-linkage-unit-tdlu,Dataset|dataset:cause-of-death-tasmania,md
HAS_DATASET|Custodian|custodian:tasmanian-department-of-health-tasmanian-data-linkage-unit-tdlu|Dataset|dataset:the-tasmanian-perinatal-data-collection-tpdc|md,Custodian|custodian:tasmanian-department-of-health-tasmanian-data-linkage-unit-tdlu,Dataset|dataset:the-tasmanian-perinatal-data-collection-tpdc,md
HAS_DATASET|Custodian|custodian:tasmanian-department-of-health-tasmanian-data-linkage-unit-tdlu|Dataset|dataset:rbdm-birth-registrations|md,Custodian|custodian:tasmanian-department-of-health-tasmanian-data-linkage-unit-tdlu,Dataset|dataset:rbdm-birth-registrations,md
HAS_DATASET|Custodian|custodian:tasmanian-department-of-health-tasmanian-data-linkage-unit-tdlu|Dataset|dataset:australian-early-development-census-aedc|md,Custodian|custodian:tasmanian-department-of-health-tasmanian-data-linkage-unit-tdlu,Dataset|dataset:australian-early-development-census-aedc,md
HAS_DATASET|Custodian|custodian:tasmanian-department-of-health-tasmanian-data-linkage-unit-tdlu|Dataset|dataset:tasmanian-cancer-registry-tcr|md,Custodian|custodian:tasmanian-department-of-health-tasmanian-data-linkage-unit-tdlu,Dataset|dataset:tasmanian-cancer-registry-tcr,md
HAS_DATASET|Custodian|custodian:tasmanian-department-of-health-tasmanian-data-linkage-unit-tdlu|Dataset|dataset:tasmanian-cancer-registry-non-melanoma-skin-cancer-nmsc|md,Custodian|custodian:tasmanian-department-of-health-tasmanian-data-linkage-unit-tdlu,Dataset|dataset:tasmanian-cancer-registry-non-melanoma-skin-cancer-nmsc,md
HAS_DATASET|Custodian|custodian:tasmanian-department-of-health-tasmanian-data-linkage-unit-tdlu|Dataset|dataset:the-tasmanian-mental-health-services-collection|md,Custodian|custodian:tasmanian-department-of-health-tasmanian-data-linkage-unit-tdlu,Dataset|dataset:the-tasmanian-mental-health-services-collection,md
HAS_DATASET|Custodian|custodian:tasmanian-department-of-health-tasmanian-data-linkage-unit-tdlu|Dataset|dataset:ambulance-tasmania-emergency-incidents|md,Custodian|custodian:tasmanian-department-of-health-tasmanian-data-linkage-unit-tdlu,Dataset|dataset:ambulance-tasmania-emergency-incidents,md
HAS_DATASET|Custodian|custodian:tasmanian-department-of-health-tasmanian-data-linkage-unit-tdlu|Dataset|dataset:prostate-cancer-outcomes-registry-tasmania-pcor-tas|md,Custodian|custodian:tasmanian-department-of-health-tasmanian-data-linkage-unit-tdlu,Dataset|dataset:prostate-cancer-outcomes-registry-tasmania-pcor-tas,md
HAS_DATASET|Custodian|custodian:tasmanian-department-of-health-tasmanian-data-linkage-unit-tdlu|Dataset|dataset:australia-new-zealand-dialysis-and-transplant-registry-anzdata|md,Custodian|custodian:tasmanian-department-of-health-tasmanian-data-linkage-unit-tdlu,Dataset|dataset:australia-new-zealand-dialysis-and-transplant-registry-anzdata,md
HAS_DATASET|Custodian|custodian:tasmanian-department-of-health-tasmanian-data-linkage-unit-tdlu|Dataset|dataset:the-tasmanian-public-hospital-admitted-patient-care-data-collection|csv,Custodian|custodian:tasmanian-department-of-health-tasmanian-data-linkage-unit-tdlu,Dataset|dataset:the-tasmanian-public-hospital-admitted-patient-care-data-collection,csv
HAS_DATASET|Custodian|custodian:tasmanian-department-of-health-tasmanian-data-linkage-unit-tdlu|Dataset|dataset:the-tasmanian-private-hospital-admitted-patient-care-data-collection|csv,Custodian|custodian:tasmanian-department-of-health-tasmanian-data-linkage-unit-tdlu,Dataset|dataset:the-tasmanian-private-hospital-admitted-patient-care-data-collection,csv
HAS_DATASET|Custodian|custodian:tasmanian-department-of-health-tasmanian-data-linkage-unit-tdlu|Dataset|dataset:the-tasmanian-emergency-department-dataset|csv,Custodian|custodian:tasmanian-department-of-health-tasmanian-data-linkage-unit-tdlu,Dataset|dataset:the-tasmanian-emergency-department-dataset,csv
HAS_DATASET|Custodian|custodian:tasmanian-department-of-health-tasmanian-data-linkage-unit-tdlu|Dataset|dataset:rbdm-death-registrations|csv,Custodian|custodian:tasmanian-department-of-health-tasmanian-data-linkage-unit-tdlu,Dataset|dataset:rbdm-death-registrations,csv
HAS_DATASET|Custodian|custodian:tasmanian-department-of-health-tasmanian-data-linkage-unit-tdlu|Dataset|dataset:cause-of-death|csv,Custodian|custodian:tasmanian-department-of-health-tasmanian-data-linkage-unit-tdlu,Dataset|dataset:cause-of-death,csv
HAS_DATASET|Custodian|custodian:tasmanian-department-of-health-tasmanian-data-linkage-unit-tdlu|Dataset|dataset:the-tasmanian-perinatal-data-collection|csv,Custodian|custodian:tasmanian-department-of-health-tasmanian-data-linkage-unit-tdlu,Dataset|dataset:the-tasmanian-perinatal-data-collection,csv
HAS_DATASET|Custodian|custodian:tasmanian-department-of-health-tasmanian-data-linkage-unit-tdlu|Dataset|dataset:rbdm-birth-registrations|csv,Custodian|custodian:tasmanian-department-of-health-tasmanian-data-linkage-unit-tdlu,Dataset|dataset:rbdm-birth-registrations,csv
HAS_DATASET|Custodian|custodian:tasmanian-department-of-health-tasmanian-data-linkage-unit-tdlu|Dataset|dataset:australian-early-development-census|csv,Custodian|custodian:tasmanian-department-of-health-tasmanian-data-linkage-unit-tdlu,Dataset|dataset:australian-early-development-census,csv
HAS_DATASET|Custodian|custodian:tasmanian-department-of-health-tasmanian-data-linkage-unit-tdlu|Dataset|dataset:tasmanian-cancer-registry|csv,Custodian|custodian:tasmanian-department-of-health-tasmanian-data-linkage-unit-tdlu,Dataset|dataset:tasmanian-cancer-registry,csv
HAS_DATASET|Custodian|custodian:tasmanian-department-of-health-tasmanian-data-linkage-unit-tdlu|Dataset|dataset:tasmanian-cancer-registry-non-melanoma-skin-cancer|csv,Custodian|custodian:tasmanian-department-of-health-tasmanian-data-linkage-unit-tdlu,Dataset|dataset:tasmanian-cancer-registry-non-melanoma-skin-cancer,csv
HAS_DATASET|Custodian|custodian:tasmanian-department-of-health-tasmanian-data-linkage-unit-tdlu|Dataset|dataset:the-tasmanian-mental-health-services-collection|csv,Custodian|custodian:tasmanian-department-of-health-tasmanian-data-linkage-unit-tdlu,Dataset|dataset:the-tasmanian-mental-health-services-collection,csv
HAS_DATASET|Custodian|custodian:tasmanian-department-of-health-tasmanian-data-linkage-unit-tdlu|Dataset|dataset:ambulance-tasmania-emergency-incidents|csv,Custodian|custodian:tasmanian-department-of-health-tasmanian-data-linkage-unit-tdlu,Dataset|dataset:ambulance-tasmania-emergency-incidents,csv
HAS_DATASET|Custodian|custodian:tasmanian-department-of-health-tasmanian-data-linkage-unit-tdlu|Dataset|dataset:prostate-cancer-outcomes-registry-tasmania|csv,Custodian|custodian:tasmanian-department-of-health-tasmanian-data-linkage-unit-tdlu,Dataset|dataset:prostate-cancer-outcomes-registry-tasmania,csv
HAS_DATASET|Custodian|custodian:tasmanian-department-of-health-tasmanian-data-linkage-unit-tdlu|Dataset|dataset:australia-new-zealand-dialysis-and-transplant-registry|csv,Custodian|custodian:tasmanian-department-of-health-tasmanian-data-linkage-unit-tdlu,Dataset|dataset:australia-new-zealand-dialysis-and-transplant-registry,csv
HAS_DATASET|Custodian|custodian:act-health|Dataset|dataset:act-general-health-survey|md,Custodian|custodian:act-health,Dataset|dataset:act-general-health-survey,md
HAS_DATASET|Custodian|custodian:act-health|Dataset|dataset:year-7-health-survey|md,Custodian|custodian:act-health,Dataset|dataset:year-7-health-survey,md
HAS_DATASET|Custodian|custodian:act-health|Dataset|dataset:act-physical-activity-and-nutrition-survey|md,Custodian|custodian:act-health,Dataset|dataset:act-physical-activity-and-nutrition-survey,md
HAS_DATASET|Custodian|custodian:act-health|Dataset|dataset:australian-secondary-students-alcohol-and-drug-survey-act-data-only|md,Custodian|custodian:act-health,Dataset|dataset:australian-secondary-students-alcohol-and-drug-survey-act-data-only,md
HAS_DATASET|Custodian|custodian:act-health|Dataset|dataset:act-cancer-registry|md,Custodian|custodian:act-health,Dataset|dataset:act-cancer-registry,md
HAS_DATASET|Custodian|custodian:act-health|Dataset|dataset:act-prostate-cancer-outcomes-registry|md,Custodian|custodian:act-health,Dataset|dataset:act-prostate-cancer-outcomes-registry,md
HAS_DATASET|Custodian|custodian:act-health|Dataset|dataset:act-maternal-and-perinatal-data-collection|md,Custodian|custodian:act-health,Dataset|dataset:act-maternal-and-perinatal-data-collection,md
HAS_DATASET|Custodian|custodian:act-health|Dataset|dataset:act-admitted-patient-care-collection|md,Custodian|custodian:act-health,Dataset|dataset:act-admitted-patient-care-collection,md
HAS_DATASET|Custodian|custodian:act-health|Dataset|dataset:act-emergency-department-data|md,Custodian|custodian:act-health,Dataset|dataset:act-emergency-department-data,md
HAS_DATASET|Custodian|custodian:act-health|Dataset|dataset:act-general-health-survey|csv,Custodian|custodian:act-health,Dataset|dataset:act-general-health-survey,csv
HAS_DATASET|Custodian|custodian:act-health|Dataset|dataset:year-7-health-survey|csv,Custodian|custodian:act-health,Dataset|dataset:year-7-health-survey,csv
HAS_DATASET|Custodian|custodian:act-health|Dataset|dataset:act-physical-activity-and-nutrition-survey|csv,Custodian|custodian:act-health,Dataset|dataset:act-physical-activity-and-nutrition-survey,csv
HAS_DATASET|Custodian|custodian:act-health|Dataset|dataset:australian-secondary-students-alcohol-and-drug-survey|csv,Custodian|custodian:act-health,Dataset|dataset:australian-secondary-students-alcohol-and-drug-survey,csv
HAS_DATASET|Custodian|custodian:act-health|Dataset|dataset:act-cancer-registry|csv,Custodian|custodian:act-health,Dataset|dataset:act-cancer-registry,csv
HAS_DATASET|Custodian|custodian:act-health|Dataset|dataset:act-prostate-cancer-outcomes-registry|csv,Custodian|custodian:act-health,Dataset|dataset:act-prostate-cancer-outcomes-registry,csv
HAS_DATASET|Custodian|custodian:act-health|Dataset|dataset:act-maternal-and-perinatal-data-collection|csv,Custodian|custodian:act-health,Dataset|dataset:act-maternal-and-perinatal-data-collection,csv
HAS_DATASET|Custodian|custodian:act-health|Dataset|dataset:act-admitted-patient-care-collection|csv,Custodian|custodian:act-health,Dataset|dataset:act-admitted-patient-care-collection,csv
HAS_DATASET|Custodian|custodian:act-health|Dataset|dataset:act-emergency-department-data|csv,Custodian|custodian:act-health,Dataset|dataset:act-emergency-department-data,csv
HAS_DATASET|Custodian|custodian:nt-health-nt-health-research-governance-office|Dataset|dataset:emergency-department-data|md,Custodian|custodian:nt-health-nt-health-research-governance-office,Dataset|dataset:emergency-department-data,md
HAS_DATASET|Custodian|custodian:nt-health-nt-health-research-governance-office|Dataset|dataset:outpatient-care-data|md,Custodian|custodian:nt-health-nt-health-research-governance-office,Dataset|dataset:outpatient-care-data,md
HAS_DATASET|Custodian|custodian:nt-health-nt-health-research-governance-office|Dataset|dataset:urban-primary-health-care-data|md,Custodian|custodian:nt-health-nt-health-research-governance-office,Dataset|dataset:urban-primary-health-care-data,md
HAS_DATASET|Custodian|custodian:nt-health-nt-health-research-governance-office|Dataset|dataset:remote-primary-health-care-data|md,Custodian|custodian:nt-health-nt-health-research-governance-office,Dataset|dataset:remote-primary-health-care-data,md
HAS_DATASET|Custodian|custodian:nt-health-nt-health-research-governance-office|Dataset|dataset:inpatient-care-data|md,Custodian|custodian:nt-health-nt-health-research-governance-office,Dataset|dataset:inpatient-care-data,md
HAS_DATASET|Custodian|custodian:nt-health-nt-health-research-governance-office|Dataset|dataset:northern-territory-cancer-registry|md,Custodian|custodian:nt-health-nt-health-research-governance-office,Dataset|dataset:northern-territory-cancer-registry,md
HAS_DATASET|Custodian|custodian:nt-health-nt-health-research-governance-office|Dataset|dataset:perinatal-registry|md,Custodian|custodian:nt-health-nt-health-research-governance-office,Dataset|dataset:perinatal-registry,md
HAS_DATASET|Custodian|custodian:nt-health-nt-health-research-governance-office|Dataset|dataset:termination-of-pregnancy-abortion-data|md,Custodian|custodian:nt-health-nt-health-research-governance-office,Dataset|dataset:termination-of-pregnancy-abortion-data,md
HAS_DATASET|Custodian|custodian:nt-health-nt-health-research-governance-office|Dataset|dataset:cervical-screening-data|md,Custodian|custodian:nt-health-nt-health-research-governance-office,Dataset|dataset:cervical-screening-data,md
HAS_DATASET|Custodian|custodian:nt-health-nt-health-research-governance-office|Dataset|dataset:nt-notifiable-diseases-register|md,Custodian|custodian:nt-health-nt-health-research-governance-office,Dataset|dataset:nt-notifiable-diseases-register,md
HAS_DATASET|Custodian|custodian:nt-health-nt-health-research-governance-office|Dataset|dataset:nt-aboriginal-health-key-performance-indicators|md,Custodian|custodian:nt-health-nt-health-research-governance-office,Dataset|dataset:nt-aboriginal-health-key-performance-indicators,md
HAS_DATASET|Custodian|custodian:nt-health-nt-health-research-governance-office|Dataset|dataset:emergency-department-data|csv,Custodian|custodian:nt-health-nt-health-research-governance-office,Dataset|dataset:emergency-department-data,csv
HAS_DATASET|Custodian|custodian:nt-health-nt-health-research-governance-office|Dataset|dataset:outpatient-care-data|csv,Custodian|custodian:nt-health-nt-health-research-governance-office,Dataset|dataset:outpatient-care-data,csv
HAS_DATASET|Custodian|custodian:nt-health-nt-health-research-governance-office|Dataset|dataset:urban-primary-health-care-data|csv,Custodian|custodian:nt-health-nt-health-research-governance-office,Dataset|dataset:urban-primary-health-care-data,csv
HAS_DATASET|Custodian|custodian:nt-health-nt-health-research-governance-office|Dataset|dataset:remote-primary-health-care-data|csv,Custodian|custodian:nt-health-nt-health-research-governance-office,Dataset|dataset:remote-primary-health-care-data,csv
HAS_DATASET|Custodian|custodian:nt-health-nt-health-research-governance-office|Dataset|dataset:inpatient-care-data|csv,Custodian|custodian:nt-health-nt-health-research-governance-office,Dataset|dataset:inpatient-care-data,csv
HAS_DATASET|Custodian|custodian:nt-health-nt-health-research-governance-office|Dataset|dataset:northern-territory-cancer-registry|csv,Custodian|custodian:nt-health-nt-health-research-governance-office,Dataset|dataset:northern-territory-cancer-registry,csv
HAS_DATASET|Custodian|custodian:nt-health-nt-health-research-governance-office|Dataset|dataset:perinatal-registry|csv,Custodian|custodian:nt-health-nt-health-research-governance-office,Dataset|dataset:perinatal-registry,csv
HAS_DATASET|Custodian|custodian:nt-health-nt-health-research-governance-office|Dataset|dataset:termination-of-pregnancy|csv,Custodian|custodian:nt-health-nt-health-research-governance-office,Dataset|dataset:termination-of-pregnancy,csv
HAS_DATASET|Custodian|custodian:nt-health-nt-health-research-governance-office|Dataset|dataset:cervical-screening-data|csv,Custodian|custodian:nt-health-nt-health-research-governance-office,Dataset|dataset:cervical-screening-data,csv
HAS_DATASET|Custodian|custodian:nt-health-nt-health-research-governance-office|Dataset|dataset:nt-notifiable-diseases-register|csv,Custodian|custodian:nt-health-nt-health-research-governance-office,Dataset|dataset:nt-notifiable-diseases-register,csv
HAS_DATASET|Custodian|custodian:nt-health-nt-health-research-governance-office|Dataset|dataset:nt-aboriginal-health-key-performance-indicators|csv,Custodian|custodian:nt-health-nt-health-research-governance-office,Dataset|dataset:nt-aboriginal-health-key-performance-indicators,csv
HAS_DATASET|Custodian|custodian:phrn|Dataset|dataset:birth-records|md,Custodian|custodian:phrn,Dataset|dataset:birth-records,md
HAS_DATASET|Custodian|custodian:phrn|Dataset|dataset:hospital-admission-data|md,Custodian|custodian:phrn,Dataset|dataset:hospital-admission-data,md
HAS_DATASET|Custodian|custodian:phrn|Dataset|dataset:prescription-data|md,Custodian|custodian:phrn,Dataset|dataset:prescription-data,md
HAS_DATASET|Custodian|custodian:phrn|Dataset|dataset:medical-benefits-data|md,Custodian|custodian:phrn,Dataset|dataset:medical-benefits-data,md
HAS_DATASET|Custodian|custodian:phrn|Dataset|dataset:aged-care-data|md,Custodian|custodian:phrn,Dataset|dataset:aged-care-data,md
HAS_DATASET|Custodian|custodian:phrn|Dataset|dataset:disability-data|md,Custodian|custodian:phrn,Dataset|dataset:disability-data,md
HAS_DATASET|Custodian|custodian:phrn|Dataset|dataset:child-development-data|md,Custodian|custodian:phrn,Dataset|dataset:child-development-data,md
HAS_DATASET|Custodian|custodian:phrn|Dataset|dataset:child-protection-data|md,Custodian|custodian:phrn,Dataset|dataset:child-protection-data,md
HAS_DATASET|Custodian|custodian:phrn|Dataset|dataset:justice-data|md,Custodian|custodian:phrn,Dataset|dataset:justice-data,md
HAS_DATASET|Custodian|custodian:phrn|Dataset|dataset:birth-records|csv,Custodian|custodian:phrn,Dataset|dataset:birth-records,csv
HAS_DATASET|Custodian|custodian:phrn|Dataset|dataset:hospital-admission-data|csv,Custodian|custodian:phrn,Dataset|dataset:hospital-admission-data,csv
HAS_DATASET|Custodian|custodian:phrn|Dataset|dataset:prescription-data|csv,Custodian|custodian:phrn,Dataset|dataset:prescription-data,csv
HAS_DATASET|Custodian|custodian:phrn|Dataset|dataset:medical-benefits-data|csv,Custodian|custodian:phrn,Dataset|dataset:medical-benefits-data,csv
HAS_DATASET|Custodian|custodian:phrn|Dataset|dataset:aged-care-data|csv,Custodian|custodian:phrn,Dataset|dataset:aged-care-data,csv
HAS_DATASET|Custodian|custodian:phrn|Dataset|dataset:disability-data|csv,Custodian|custodian:phrn,Dataset|dataset:disability-data,csv
HAS_DATASET|Custodian|custodian:phrn|Dataset|dataset:child-development-data|csv,Custodian|custodian:phrn,Dataset|dataset:child-development-data,csv
HAS_DATASET|Custodian|custodian:phrn|Dataset|dataset:child-protection-data|csv,Custodian|custodian:phrn,Dataset|dataset:child-protection-data,csv
HAS_DATASET|Custodian|custodian:phrn|Dataset|dataset:justice-data|csv,Custodian|custodian:phrn,Dataset|dataset:justice-data,csv
HAS_DATASET|Custodian|custodian:sure-secure-unified-research-environment|Dataset|dataset:linked-health-data|md,Custodian|custodian:sure-secure-unified-research-environment,Dataset|dataset:linked-health-data,md
HAS_DATASET|Custodian|custodian:sure-secure-unified-research-environment|Dataset|dataset:dss-data|md,Custodian|custodian:sure-secure-unified-research-environment,Dataset|dataset:dss-data,md
HAS_DATASET|Custodian|custodian:sure-secure-unified-research-environment|Dataset|dataset:candle-data|md,Custodian|custodian:sure-secure-unified-research-environment,Dataset|dataset:candle-data,md
HAS_DATASET|Custodian|custodian:sure-secure-unified-research-environment|Dataset|dataset:45-and-up-study|md,Custodian|custodian:sure-secure-unified-research-environment,Dataset|dataset:45-and-up-study,md
HAS_DATASET|Custodian|custodian:sure-secure-unified-research-environment|Dataset|dataset:linked-health-data|csv,Custodian|custodian:sure-secure-unified-research-environment,Dataset|dataset:linked-health-data,csv
HAS_DATASET|Custodian|custodian:sure-secure-unified-research-environment|Dataset|dataset:dss-data|csv,Custodian|custodian:sure-secure-unified-research-environment,Dataset|dataset:dss-data,csv
HAS_DATASET|Custodian|custodian:sure-secure-unified-research-environment|Dataset|dataset:candle-data|csv,Custodian|custodian:sure-secure-unified-research-environment,Dataset|dataset:candle-data,csv
HAS_DATASET|Custodian|custodian:sure-secure-unified-research-environment|Dataset|dataset:45-and-up-study|csv,Custodian|custodian:sure-secure-unified-research-environment,Dataset|dataset:45-and-up-study,csv
HAS_DATASET|Custodian|custodian:abs-datalab|Dataset|dataset:census|csv,Custodian|custodian:abs-datalab,Dataset|dataset:census,csv
HAS_DATASET|Custodian|custodian:abs-datalab|Dataset|dataset:health|csv,Custodian|custodian:abs-datalab,Dataset|dataset:health,csv
HAS_DATASET|Custodian|custodian:abs-datalab|Dataset|dataset:education|csv,Custodian|custodian:abs-datalab,Dataset|dataset:education,csv
HAS_DATASET|Custodian|custodian:abs-datalab|Dataset|dataset:labour-force|csv,Custodian|custodian:abs-datalab,Dataset|dataset:labour-force,csv
HAS_DATASET|Custodian|custodian:abs-datalab|Dataset|dataset:aboriginal-and-torres-strait-islander-peoples|csv,Custodian|custodian:abs-datalab,Dataset|dataset:aboriginal-and-torres-strait-islander-peoples,csv
HAS_DATASET|Custodian|custodian:abs-datalab|Dataset|dataset:migrants|csv,Custodian|custodian:abs-datalab,Dataset|dataset:migrants,csv
HAS_DATASET|Custodian|custodian:abs-datalab|Dataset|dataset:crime|csv,Custodian|custodian:abs-datalab,Dataset|dataset:crime,csv
HAS_DATASET|Custodian|custodian:abs-datalab|Dataset|dataset:business|csv,Custodian|custodian:abs-datalab,Dataset|dataset:business,csv
HAS_DATASET|Custodian|custodian:abs-datalab|Dataset|dataset:disabilities-ageing-and-carers|csv,Custodian|custodian:abs-datalab,Dataset|dataset:disabilities-ageing-and-carers,csv
HAS_DATASET|Custodian|custodian:abs-datalab|Dataset|dataset:abs-survey-results|csv,Custodian|custodian:abs-datalab,Dataset|dataset:abs-survey-results,csv
HAS_DATASET|Custodian|custodian:abs-datalab|Dataset|dataset:administrative-data|csv,Custodian|custodian:abs-datalab,Dataset|dataset:administrative-data,csv
HAS_DATASET|Custodian|custodian:abs-datalab|Dataset|dataset:integrated-datasets|csv,Custodian|custodian:abs-datalab,Dataset|dataset:integrated-datasets,csv
HAS_DATASET|Custodian|custodian:aihw-data-integration-services|Dataset|dataset:national-bowel-cancer-screening-program|csv,Custodian|custodian:aihw-data-integration-services,Dataset|dataset:national-bowel-cancer-screening-program,csv
HAS_DATASET|Custodian|custodian:aihw-data-integration-services|Dataset|dataset:data-over-multiple-individual-occurrences|csv,Custodian|custodian:aihw-data-integration-services,Dataset|dataset:data-over-multiple-individual-occurrences,csv
HAS_DATASET|Custodian|custodian:aihw-data-integration-services|Dataset|dataset:medicare-benefits-schedule|csv,Custodian|custodian:aihw-data-integration-services,Dataset|dataset:medicare-benefits-schedule,csv
HAS_DATASET|Custodian|custodian:aihw-data-integration-services|Dataset|dataset:pharmaceutical-benefits-scheme|csv,Custodian|custodian:aihw-data-integration-services,Dataset|dataset:pharmaceutical-benefits-scheme,csv
HAS_DATASET|Custodian|custodian:aihw-data-integration-services|Dataset|dataset:aihw-data-collections|csv,Custodian|custodian:aihw-data-integration-services,Dataset|dataset:aihw-data-collections,csv
HAS_DATASET|Custodian|custodian:adha|Dataset|dataset:my-health-record-data|csv,Custodian|custodian:adha,Dataset|dataset:my-health-record-data,csv
HAS_DATASET|Custodian|custodian:phn-cooperative-primary-health-insights|Dataset|dataset:aggregated-general-practice-and-primary-care-data|md,Custodian|custodian:phn-cooperative-primary-health-insights,Dataset|dataset:aggregated-general-practice-and-primary-care-data,md
HAS_DATASET|Custodian|custodian:phn-cooperative-primary-health-insights|Dataset|dataset:aggregated-general-practice-and-primary-care-data|csv,Custodian|custodian:phn-cooperative-primary-health-insights,Dataset|dataset:aggregated-general-practice-and-primary-care-data,csv
HAS_DATASET|Custodian|custodian:medicineinsight-nps-medicinewise|Dataset|dataset:medicineinsight-data|csv,Custodian|custodian:medicineinsight-nps-medicinewise,Dataset|dataset:medicineinsight-data,csv
HAS_DATASET|Custodian|custodian:nhmrc-hrecs|Dataset|dataset:not-applicable|csv,Custodian|custodian:nhmrc-hrecs,Dataset|dataset:not-applicable,csv
HAS_DATASET|Custodian|custodian:aiatsis|Dataset|dataset:aiatsis-collection|csv,Custodian|custodian:aiatsis,Dataset|dataset:aiatsis-collection,csv
HAS_DATASET|Custodian|custodian:naccho-aboriginal-community-controlled-health-organisations-acchos|Dataset|dataset:primary-health-care-data-collected-by-acchos|md,Custodian|custodian:naccho-aboriginal-community-controlled-health-organisations-acchos,Dataset|dataset:primary-health-care-data-collected-by-acchos,md
HAS_DATASET|Custodian|custodian:naccho-aboriginal-community-controlled-health-organisations-acchos|Dataset|dataset:aggregate-health-data-for-reporting-and-planning|md,Custodian|custodian:naccho-aboriginal-community-controlled-health-organisations-acchos,Dataset|dataset:aggregate-health-data-for-reporting-and-planning,md
HAS_DATASET|Custodian|custodian:naccho-aboriginal-community-controlled-health-organisations-acchos|Dataset|dataset:primary-health-care-data-collected-by-acchos-patient-demographics-clinical-encounters-health-outcomes-service-utilisation-identifiable|csv,Custodian|custodian:naccho-aboriginal-community-controlled-health-organisations-acchos,Dataset|dataset:primary-health-care-data-collected-by-acchos-patient-demographics-clinical-encounters-health-outcomes-service-utilisation-identifiable,csv
HAS_DATASET|Custodian|custodian:naccho-aboriginal-community-controlled-health-organisations-acchos|Dataset|dataset:linkable-aggregate-health-data-for-reporting-and-planning-de-identified|csv,Custodian|custodian:naccho-aboriginal-community-controlled-health-organisations-acchos,Dataset|dataset:linkable-aggregate-health-data-for-reporting-and-planning-de-identified,csv
HAS_DATASET|Custodian|custodian:naccho-aboriginal-community-controlled-health-organisations-acchos|Dataset|dataset:linkable-verify-with-custodian|csv,Custodian|custodian:naccho-aboriginal-community-controlled-health-organisations-acchos,Dataset|dataset:linkable-verify-with-custodian,csv
HAS_DATASET|Custodian|custodian:acsqhc|Dataset|dataset:clinical-quality-registry-data|md,Custodian|custodian:acsqhc,Dataset|dataset:clinical-quality-registry-data,md
HAS_DATASET|Custodian|custodian:acsqhc|Dataset|dataset:safety-and-quality-indicator-data|md,Custodian|custodian:acsqhc,Dataset|dataset:safety-and-quality-indicator-data,md
HAS_DATASET|Custodian|custodian:acsqhc|Dataset|dataset:clinical-quality-registry-data|csv,Custodian|custodian:acsqhc,Dataset|dataset:clinical-quality-registry-data,csv
HAS_DATASET|Custodian|custodian:acsqhc|Dataset|dataset:safety-and-quality-indicator-data|csv,Custodian|custodian:acsqhc,Dataset|dataset:safety-and-quality-indicator-data,csv
HAS_DATASET|Custodian|custodian:ardc|Dataset|dataset:clinical-trials-data|csv,Custodian|custodian:ardc,Dataset|dataset:clinical-trials-data,csv
HAS_DATASET|Custodian|custodian:private-hospital-data-bureau-phdb-via-aihw-department-of-health|Dataset|dataset:private-hospital-data-bureau-phdb-data|md,Custodian|custodian:private-hospital-data-bureau-phdb-via-aihw-department-of-health,Dataset|dataset:private-hospital-data-bureau-phdb-data,md
HAS_DATASET|Custodian|custodian:private-hospital-data-bureau-phdb-via-aihw-department-of-health|Dataset|dataset:private-hospital-data-bureau|csv,Custodian|custodian:private-hospital-data-bureau-phdb-via-aihw-department-of-health,Dataset|dataset:private-hospital-data-bureau,csv
