id,sourceId,sourceName,rawText,segment,candidateCustodian,targetId,score,matchType,status
review:custodian:australian-commission-on-safety-and-quality-in-health-care:1:1:aihw-collaboration-on-data-sta:override,custodian:australian-commission-on-safety-and-quality-in-health-care,Australian Commission on Safety and Quality in Health Care,"AIHW: Collaboration on data standards and national health data initiatives, as mentioned in the ACSQHC Data Plan 2024-2027.
Department of Health and Aged Care: Works in partnership on the National Clinical Quality Registry Program and other health initiatives.
NHMRC/HRECs: Engages with Human Research Ethics Committees for ethical oversight of data use in clinical quality registries.","AIHW: Collaboration on data standards and national health data initiatives, as mentioned in the ACSQHC Data Plan 2024-2027",Australian Institute of Health and Welfare,custodian:australian-institute-of-health-and-welfare,1.0,override_force_accept,accepted
review:custodian:australian-commission-on-safety-and-quality-in-health-care:2:department-of-health-and-aged-care-works,custodian:australian-commission-on-safety-and-quality-in-health-care,Australian Commission on Safety and Quality in Health Care,"AIHW: Collaboration on data standards and national health data initiatives, as mentioned in the ACSQHC Data Plan 2024-2027.
Department of Health and Aged Care: Works in partnership on the National Clinical Quality Registry Program and other health initiatives.
NHMRC/HRECs: Engages with Human Research Ethics Committees for ethical oversight of data use in clinical quality registries.",Department of Health and Aged Care: Works in partnership on the National Clinical Quality Registry Program and other health initiatives,Australian Government Department of Health and Aged Care,custodian:australian-government-department-of-health-and-aged-care,1.01,alias_leading,accepted
review:custodian:australian-commission-on-safety-and-quality-in-health-care:3:nhmrc-hrecs-engages-with-human-research-,custodian:australian-commission-on-safety-and-quality-in-health-care,Australian Commission on Safety and Quality in Health Care,"AIHW: Collaboration on data standards and national health data initiatives, as mentioned in the ACSQHC Data Plan 2024-2027.
Department of Health and Aged Care: Works in partnership on the National Clinical Quality Registry Program and other health initiatives.
NHMRC/HRECs: Engages with Human Research Ethics Committees for ethical oversight of data use in clinical quality registries.",NHMRC/HRECs: Engages with Human Research Ethics Committees for ethical oversight of data use in clinical quality registries,National Health and Medical Research Council (NHMRC) / Human Research Ethics Committees (HRECs),custodian:national-health-and-medical-research-council-nhmrc-human-research-ethics-committees-hrecs,1.01,alias_leading,accepted
review:custodian:australian-digital-health-agency:1:australian-institute-of-health-and-welfa,custodian:australian-digital-health-agency,Australian Digital Health Agency,"Australian Institute of Health and Welfare (AIHW): AIHW has been appointed as the Data Custodian to manage the use of My Health Record system data for research or public health purposes. [3]
Department of Health and Aged Care: The Department of Health and Aged Care is leading the implementation of the framework for secondary use of My Health Record data in partnership with ADHA and AIHW. [3]
Services Australia: ADHA collaborates with Services Australia for Healthcare Identifiers (HPI-Is, HPI-Os, IHIs) and eBusiness Service Centre support. [4]",Australian Institute of Health and Welfare (AIHW): AIHW has been appointed as the Data Custodian to manage the use of My Health Record system data for research or public health purposes. [3],Australian Institute of Health and Welfare,custodian:australian-institute-of-health-and-welfare,1.02,name_leading,accepted
review:custodian:australian-digital-health-agency:2:department-of-health-and-aged-care-the-d,custodian:australian-digital-health-agency,Australian Digital Health Agency,"Australian Institute of Health and Welfare (AIHW): AIHW has been appointed as the Data Custodian to manage the use of My Health Record system data for research or public health purposes. [3]
Department of Health and Aged Care: The Department of Health and Aged Care is leading the implementation of the framework for secondary use of My Health Record data in partnership with ADHA and AIHW. [3]
Services Australia: ADHA collaborates with Services Australia for Healthcare Identifiers (HPI-Is, HPI-Os, IHIs) and eBusiness Service Centre support. [4]",Department of Health and Aged Care: The Department of Health and Aged Care is leading the implementation of the framework for secondary use of My Health Record data in partnership with ADHA and AIHW. [3],Australian Government Department of Health and Aged Care,custodian:australian-government-department-of-health-and-aged-care,1.01,alias_leading,accepted
review:custodian:australian-digital-health-agency:3:services-australia-adha-collaborates-wit,custodian:australian-digital-health-agency,Australian Digital Health Agency,"Australian Institute of Health and Welfare (AIHW): AIHW has been appointed as the Data Custodian to manage the use of My Health Record system data for research or public health purposes. [3]
Department of Health and Aged Care: The Department of Health and Aged Care is leading the implementation of the framework for secondary use of My Health Record data in partnership with ADHA and AIHW. [3]
Services Australia: ADHA collaborates with Services Australia for Healthcare Identifiers (HPI-Is, HPI-Os, IHIs) and eBusiness Service Centre support. [4]","Services Australia: ADHA collaborates with Services Australia for Healthcare Identifiers (HPI-Is, HPI-Os, IHIs) and eBusiness Service Centre support. [4]",Services Australia,custodian:services-australia,1.02,name_leading,accepted
review:custodian:australian-government-department-of-health-and-aged-care:1:1:australian-institute-of-health:override,custodian:australian-government-department-of-health-and-aged-care,Australian Government Department of Health and Aged Care,"Australian Institute of Health and Welfare (AIHW): Collaboration on National Integrated Health Services Information (NIHSI) and data linkage requests.
Services Australia: Holds Medicare statistics that can be helpful for health professionals, researchers, journalists and the general public.
State and Territory Health Authorities: Collaboration on National Integrated Health Services Information (NIHSI).",Australian Institute of Health and Welfare (AIHW): Collaboration on National Integrated Health Services Information (NIHSI) and data linkage requests,Australian Institute of Health and Welfare,custodian:australian-institute-of-health-and-welfare,1.0,override_force_accept,accepted
review:custodian:australian-government-department-of-health-and-aged-care:2:1:services-australia-holds-medic:override,custodian:australian-government-department-of-health-and-aged-care,Australian Government Department of Health and Aged Care,"Australian Institute of Health and Welfare (AIHW): Collaboration on National Integrated Health Services Information (NIHSI) and data linkage requests.
Services Australia: Holds Medicare statistics that can be helpful for health professionals, researchers, journalists and the general public.
State and Territory Health Authorities: Collaboration on National Integrated Health Services Information (NIHSI).","Services Australia: Holds Medicare statistics that can be helpful for health professionals, researchers, journalists and the general public",Services Australia,custodian:services-australia,1.0,override_force_accept,accepted
review:custodian:australian-government-department-of-health-and-aged-care:3:state-and-territory-health-authorities-c:structural,custodian:australian-government-department-of-health-and-aged-care,Australian Government Department of Health and Aged Care,"Australian Institute of Health and Welfare (AIHW): Collaboration on National Integrated Health Services Information (NIHSI) and data linkage requests.
Services Australia: Holds Medicare statistics that can be helpful for health professionals, researchers, journalists and the general public.
State and Territory Health Authorities: Collaboration on National Integrated Health Services Information (NIHSI).",State and Territory Health Authorities: Collaboration on National Integrated Health Services Information (NIHSI),,,0.0,structural_note,rejected
review:custodian:australian-institute-of-aboriginal-and-torres-strait-islander-studies:1:australian-bureau-of-statistics-abs-coll,custodian:australian-institute-of-aboriginal-and-torres-strait-islander-studies,Australian Institute of Aboriginal and Torres Strait Islander Studies,"Australian Bureau of Statistics (ABS): Collaboration on the National Aboriginal and Torres Strait Islander Health Survey.
Australian Institute of Health and Welfare (AIHW): Collaboration on the Aboriginal and Torres Strait Islander Health Performance Framework reports.
National Health and Medical Research Council (NHMRC)/Human Research Ethics Committees (HRECs): AIATSIS works with the NHMRC and HRECs to ensure ethical research practices in Indigenous health research.",Australian Bureau of Statistics (ABS): Collaboration on the National Aboriginal and Torres Strait Islander Health Survey,Australian Bureau of Statistics,custodian:australian-bureau-of-statistics,1.02,name_leading,accepted
review:custodian:australian-institute-of-aboriginal-and-torres-strait-islander-studies:2:australian-institute-of-health-and-welfa,custodian:australian-institute-of-aboriginal-and-torres-strait-islander-studies,Australian Institute of Aboriginal and Torres Strait Islander Studies,"Australian Bureau of Statistics (ABS): Collaboration on the National Aboriginal and Torres Strait Islander Health Survey.
Australian Institute of Health and Welfare (AIHW): Collaboration on the Aboriginal and Torres Strait Islander Health Performance Framework reports.
National Health and Medical Research Council (NHMRC)/Human Research Ethics Committees (HRECs): AIATSIS works with the NHMRC and HRECs to ensure ethical research practices in Indigenous health research.",Australian Institute of Health and Welfare (AIHW): Collaboration on the Aboriginal and Torres Strait Islander Health Performance Framework reports,Australian Institute of Health and Welfare,custodian:australian-institute-of-health-and-welfare,1.02,name_leading,accepted
review:custodian:australian-institute-of-aboriginal-and-torres-strait-islander-studies:3:national-health-and-medical-research-cou,custodian:australian-institute-of-aboriginal-and-torres-strait-islander-studies,Australian Institute of Aboriginal and Torres Strait Islander Studies,"Australian Bureau of Statistics (ABS): Collaboration on the National Aboriginal and Torres Strait Islander Health Survey.
Australian Institute of Health and Welfare (AIHW): Collaboration on the Aboriginal and Torres Strait Islander Health Performance Framework reports.
National Health and Medical Research Council (NHMRC)/Human Research Ethics Committees (HRECs): AIATSIS works with the NHMRC and HRECs to ensure ethical research practices in Indigenous health research.",National Health and Medical Research Council (NHMRC)/Human Research Ethics Committees (HRECs): AIATSIS works with the NHMRC and HRECs to ensure ethical research practices in Indigenous health research,National Health and Medical Research Council (NHMRC) / Human Research Ethics Committees (HRECs),custodian:national-health-and-medical-research-council-nhmrc-human-research-ethics-committees-hrecs,1.0,name_exact,accepted
review:custodian:australian-institute-of-health-and-welfare:1:abs-collaboration-on-data-integration-an,custodian:australian-institute-of-health-and-welfare,Australian Institute of Health and Welfare,"ABS: Collaboration on data integration and comparison of health expenditure.
Department of Social Services (DSS): Makes Data Over Multiple Individual Occurrences (DOMINO) accessible through the AIHW.
Sax Institute (SURE): Provides the Secure Unified Research Environment for AIHW data access.",ABS: Collaboration on data integration and comparison of health expenditure,Australian Bureau of Statistics,custodian:australian-bureau-of-statistics,1.01,alias_leading,accepted
review:custodian:australian-institute-of-health-and-welfare:2:department-of-social-services-dss-makes-,custodian:australian-institute-of-health-and-welfare,Australian Institute of Health and Welfare,"ABS: Collaboration on data integration and comparison of health expenditure.
Department of Social Services (DSS): Makes Data Over Multiple Individual Occurrences (DOMINO) accessible through the AIHW.
Sax Institute (SURE): Provides the Secure Unified Research Environment for AIHW data access.",Department of Social Services (DSS): Makes Data Over Multiple Individual Occurrences (DOMINO) accessible through the AIHW,Department of Social Services,custodian:department-of-social-services,1.02,name_leading,accepted
review:custodian:australian-institute-of-health-and-welfare:3:sax-institute-sure-provides-the-secure-u,custodian:australian-institute-of-health-and-welfare,Australian Institute of Health and Welfare,"ABS: Collaboration on data integration and comparison of health expenditure.
Department of Social Services (DSS): Makes Data Over Multiple Individual Occurrences (DOMINO) accessible through the AIHW.
Sax Institute (SURE): Provides the Secure Unified Research Environment for AIHW data access.",Sax Institute (SURE): Provides the Secure Unified Research Environment for AIHW data access,Secure Unified Research Environment,custodian:secure-unified-research-environment,1.0,name_exact,accepted
review:custodian:department-of-social-services:1:services-australia-dss-administrative-an,custodian:department-of-social-services,Department of Social Services,"Services Australia: DSS administrative analytical datasets for DOMINO are sourced from the Services Australia Enterprise Data Warehouse, and personal information is stored on Services Australia's cloud storage;AIHW: DSS makes DOMINO accessible through the AIHW, and AIHW is listed as a contact point for data access;ABS: ABS is listed as a contact point for data integration, and NDIS data has been linked to the Multi-Agency Data Integration Project (MADIP) by ABS.","Services Australia: DSS administrative analytical datasets for DOMINO are sourced from the Services Australia Enterprise Data Warehouse, and personal information is stored on Services Australia's cloud storage",Services Australia,custodian:services-australia,1.02,name_leading,accepted
review:custodian:department-of-social-services:2:aihw-dss-makes-domino-accessible-through,custodian:department-of-social-services,Department of Social Services,"Services Australia: DSS administrative analytical datasets for DOMINO are sourced from the Services Australia Enterprise Data Warehouse, and personal information is stored on Services Australia's cloud storage;AIHW: DSS makes DOMINO accessible through the AIHW, and AIHW is listed as a contact point for data access;ABS: ABS is listed as a contact point for data integration, and NDIS data has been linked to the Multi-Agency Data Integration Project (MADIP) by ABS.","AIHW: DSS makes DOMINO accessible through the AIHW, and AIHW is listed as a contact point for data access",Australian Institute of Health and Welfare,custodian:australian-institute-of-health-and-welfare,1.01,alias_leading,accepted
review:custodian:department-of-social-services:3:abs-abs-is-listed-as-a-contact-point-for,custodian:department-of-social-services,Department of Social Services,"Services Australia: DSS administrative analytical datasets for DOMINO are sourced from the Services Australia Enterprise Data Warehouse, and personal information is stored on Services Australia's cloud storage;AIHW: DSS makes DOMINO accessible through the AIHW, and AIHW is listed as a contact point for data access;ABS: ABS is listed as a contact point for data integration, and NDIS data has been linked to the Multi-Agency Data Integration Project (MADIP) by ABS.","ABS: ABS is listed as a contact point for data integration, and NDIS data has been linked to the Multi-Agency Data Integration Project (MADIP) by ABS",Australian Bureau of Statistics,custodian:australian-bureau-of-statistics,1.01,alias_leading,accepted
review:custodian:private-hospital-data-bureau:1:aihw-the-aihw-receives-de-identified-phd,custodian:private-hospital-data-bureau,Private Hospital Data Bureau,"AIHW: The AIHW receives de-identified PHDB data from the Department of Health and makes it available for research and reporting.
Department of Health and Aged Care: The Department of Health collects PHDB data directly from private hospitals and supplies de-identified data to the AIHW.
ABS: The AIHW partners with the ABS for secure data access environments like SEAM, which may be used for linked PHDB data.
PHRN: The Population Health Research Network (PHRN) supports researcher requests to access linked data, which could include PHDB data.",AIHW: The AIHW receives de-identified PHDB data from the Department of Health and makes it available for research and reporting,Australian Institute of Health and Welfare,custodian:australian-institute-of-health-and-welfare,1.01,alias_leading,accepted
review:custodian:private-hospital-data-bureau:2:department-of-health-and-aged-care-the-d,custodian:private-hospital-data-bureau,Private Hospital Data Bureau,"AIHW: The AIHW receives de-identified PHDB data from the Department of Health and makes it available for research and reporting.
Department of Health and Aged Care: The Department of Health collects PHDB data directly from private hospitals and supplies de-identified data to the AIHW.
ABS: The AIHW partners with the ABS for secure data access environments like SEAM, which may be used for linked PHDB data.
PHRN: The Population Health Research Network (PHRN) supports researcher requests to access linked data, which could include PHDB data.",Department of Health and Aged Care: The Department of Health collects PHDB data directly from private hospitals and supplies de-identified data to the AIHW,Australian Government Department of Health and Aged Care,custodian:australian-government-department-of-health-and-aged-care,1.01,alias_leading,accepted
review:custodian:private-hospital-data-bureau:3:abs-the-aihw-partners-with-the-abs-for-s,custodian:private-hospital-data-bureau,Private Hospital Data Bureau,"AIHW: The AIHW receives de-identified PHDB data from the Department of Health and makes it available for research and reporting.
Department of Health and Aged Care: The Department of Health collects PHDB data directly from private hospitals and supplies de-identified data to the AIHW.
ABS: The AIHW partners with the ABS for secure data access environments like SEAM, which may be used for linked PHDB data.
PHRN: The Population Health Research Network (PHRN) supports researcher requests to access linked data, which could include PHDB data.","ABS: The AIHW partners with the ABS for secure data access environments like SEAM, which may be used for linked PHDB data",Australian Bureau of Statistics,custodian:australian-bureau-of-statistics,1.01,alias_leading,accepted
review:custodian:private-hospital-data-bureau:4:phrn-the-population-health-research-netw,custodian:private-hospital-data-bureau,Private Hospital Data Bureau,"AIHW: The AIHW receives de-identified PHDB data from the Department of Health and makes it available for research and reporting.
Department of Health and Aged Care: The Department of Health collects PHDB data directly from private hospitals and supplies de-identified data to the AIHW.
ABS: The AIHW partners with the ABS for secure data access environments like SEAM, which may be used for linked PHDB data.
PHRN: The Population Health Research Network (PHRN) supports researcher requests to access linked data, which could include PHDB data.","PHRN: The Population Health Research Network (PHRN) supports researcher requests to access linked data, which could include PHDB data",Population Health Research Network,custodian:population-health-research-network,1.01,alias_leading,accepted
review:custodian:services-australia:1:department-of-health-and-aged-care-servi,custodian:services-australia,Services Australia,"Department of Health and Aged Care: Services Australia works with the Department of Health and Aged Care as the relevant policy department to ensure legislation and regulations allow the access, use, and disclosure of data. They also source MBS and PBS data from Services Australia for Medicare compliance purposes.
AIHW: AIHW collects and publishes data related to MBS and PBS, often drawing on data originating from Services Australia.
ABS: Services Australia refers to the National Statistical Service website (which includes ABS) for integrating data from administrative or survey sources.","Department of Health and Aged Care: Services Australia works with the Department of Health and Aged Care as the relevant policy department to ensure legislation and regulations allow the access, use, and disclosure of data. They also source MBS and PBS data from Services Australia for Medicare compliance purposes",Australian Government Department of Health and Aged Care,custodian:australian-government-department-of-health-and-aged-care,1.01,alias_leading,accepted
review:custodian:services-australia:2:aihw-aihw-collects-and-publishes-data-re,custodian:services-australia,Services Australia,"Department of Health and Aged Care: Services Australia works with the Department of Health and Aged Care as the relevant policy department to ensure legislation and regulations allow the access, use, and disclosure of data. They also source MBS and PBS data from Services Australia for Medicare compliance purposes.
AIHW: AIHW collects and publishes data related to MBS and PBS, often drawing on data originating from Services Australia.
ABS: Services Australia refers to the National Statistical Service website (which includes ABS) for integrating data from administrative or survey sources.","AIHW: AIHW collects and publishes data related to MBS and PBS, often drawing on data originating from Services Australia",Australian Institute of Health and Welfare,custodian:australian-institute-of-health-and-welfare,1.01,alias_leading,accepted
review:custodian:services-australia:3:abs-services-australia-refers-to-the-nat,custodian:services-australia,Services Australia,"Department of Health and Aged Care: Services Australia works with the Department of Health and Aged Care as the relevant policy department to ensure legislation and regulations allow the access, use, and disclosure of data. They also source MBS and PBS data from Services Australia for Medicare compliance purposes.
AIHW: AIHW collects and publishes data related to MBS and PBS, often drawing on data originating from Services Australia.
ABS: Services Australia refers to the National Statistical Service website (which includes ABS) for integrating data from administrative or survey sources.",ABS: Services Australia refers to the National Statistical Service website (which includes ABS) for integrating data from administrative or survey sources,Australian Bureau of Statistics,custodian:australian-bureau-of-statistics,1.01,alias_leading,accepted
review:custodian:therapeutic-goods-administration:1:australian-institute-of-health-and-welfa,custodian:therapeutic-goods-administration,Therapeutic Goods Administration,"Australian Institute of Health and Welfare (AIHW): TGA plays a key role in the National Medicines Policy, which AIHW reports on.
Department of Health and Aged Care: TGA is part of the Australian Government Department of Health and Aged Care.
NHMRC/HRECs: Human Research Ethics Committees (HRECs) register with the National Health and Medical Research Council (NHMRC) and are involved in TGA-regulated clinical trials.","Australian Institute of Health and Welfare (AIHW): TGA plays a key role in the National Medicines Policy, which AIHW reports on",Australian Institute of Health and Welfare,custodian:australian-institute-of-health-and-welfare,1.02,name_leading,accepted
review:custodian:therapeutic-goods-administration:2:department-of-health-and-aged-care-tga-i,custodian:therapeutic-goods-administration,Therapeutic Goods Administration,"Australian Institute of Health and Welfare (AIHW): TGA plays a key role in the National Medicines Policy, which AIHW reports on.
Department of Health and Aged Care: TGA is part of the Australian Government Department of Health and Aged Care.
NHMRC/HRECs: Human Research Ethics Committees (HRECs) register with the National Health and Medical Research Council (NHMRC) and are involved in TGA-regulated clinical trials.",Department of Health and Aged Care: TGA is part of the Australian Government Department of Health and Aged Care,Australian Government Department of Health and Aged Care,custodian:australian-government-department-of-health-and-aged-care,1.01,alias_leading,accepted
review:custodian:therapeutic-goods-administration:3:nhmrc-hrecs-human-research-ethics-commit,custodian:therapeutic-goods-administration,Therapeutic Goods Administration,"Australian Institute of Health and Welfare (AIHW): TGA plays a key role in the National Medicines Policy, which AIHW reports on.
Department of Health and Aged Care: TGA is part of the Australian Government Department of Health and Aged Care.
NHMRC/HRECs: Human Research Ethics Committees (HRECs) register with the National Health and Medical Research Council (NHMRC) and are involved in TGA-regulated clinical trials.",NHMRC/HRECs: Human Research Ethics Committees (HRECs) register with the National Health and Medical Research Council (NHMRC) and are involved in TGA-regulated clinical trials,National Health and Medical Research Council (NHMRC) / Human Research Ethics Committees (HRECs),custodian:national-health-and-medical-research-council-nhmrc-human-research-ethics-committees-hrecs,1.01,alias_leading,accepted
review:custodian:medicineinsight-australian-commission-on-safety-and-quality-in-health-care:1:department-of-health-and-aged-care-fundi,custodian:medicineinsight-australian-commission-on-safety-and-quality-in-health-care,MedicineInsight (Australian Commission on Safety and Quality in Health Care),"Department of Health and Aged Care: funding for the program
RACGP: MedicineInsight is GP practice longitudinal prescribing and clinical data, RACGP is a key partner in general practice
ACSQHC: The Australian Commission on Safety and Quality in Health Care is the custodian of the MedicineInsight program",Department of Health and Aged Care: funding for the program,Australian Government Department of Health and Aged Care,custodian:australian-government-department-of-health-and-aged-care,1.01,alias_leading,accepted
review:custodian:medicineinsight-australian-commission-on-safety-and-quality-in-health-care:2:racgp-medicineinsight-is-gp-practice-lon:override-reject,custodian:medicineinsight-australian-commission-on-safety-and-quality-in-health-care,MedicineInsight (Australian Commission on Safety and Quality in Health Care),"Department of Health and Aged Care: funding for the program
RACGP: MedicineInsight is GP practice longitudinal prescribing and clinical data, RACGP is a key partner in general practice
ACSQHC: The Australian Commission on Safety and Quality in Health Care is the custodian of the MedicineInsight program","RACGP: MedicineInsight is GP practice longitudinal prescribing and clinical data, RACGP is a key partner in general practice",,,0.0,override_force_reject,rejected
review:custodian:medicineinsight-australian-commission-on-safety-and-quality-in-health-care:3:acsqhc-the-australian-commission-on-safe,custodian:medicineinsight-australian-commission-on-safety-and-quality-in-health-care,MedicineInsight (Australian Commission on Safety and Quality in Health Care),"Department of Health and Aged Care: funding for the program
RACGP: MedicineInsight is GP practice longitudinal prescribing and clinical data, RACGP is a key partner in general practice
ACSQHC: The Australian Commission on Safety and Quality in Health Care is the custodian of the MedicineInsight program",ACSQHC: The Australian Commission on Safety and Quality in Health Care is the custodian of the MedicineInsight program,Australian Commission on Safety and Quality in Health Care,custodian:australian-commission-on-safety-and-quality-in-health-care,1.01,alias_leading,accepted
review:custodian:population-health-research-network:1:aihw-phrn-supported-the-development-of-t,custodian:population-health-research-network,Population Health Research Network,"AIHW: PHRN supported the development of the National Health Data Hub, which is managed by AIHW.
NSW Health: PHRN delivers coordinated data linkage infrastructure through partners in state governments, including NSW Health.
WA Health: PHRN delivers coordinated data linkage infrastructure through partners in state governments, including WA Health.
SA Health/SA NT DataLink: PHRN delivers coordinated data linkage infrastructure through partners in state governments, including SA Health.
Tasmanian DoH/TDLU: PHRN delivers coordinated data linkage infrastructure through partners in state governments, including Tasmanian Government Department of Health.
Queensland Health: PHRN delivers coordinated data linkage infrastructure through partners in state governments, including Queensland Government Department of Health.
Department of Health and Aged Care: PHRN receives core funding from the Australian Government’s National Collaborative Research Infrastructure Strategy (NCRIS) program, which is a Department of Health and Aged Care initiative.","AIHW: PHRN supported the development of the National Health Data Hub, which is managed by AIHW",Australian Institute of Health and Welfare,custodian:australian-institute-of-health-and-welfare,1.01,alias_leading,accepted
review:custodian:population-health-research-network:2:1:nsw-health-phrn-delivers-coord:override,custodian:population-health-research-network,Population Health Research Network,"AIHW: PHRN supported the development of the National Health Data Hub, which is managed by AIHW.
NSW Health: PHRN delivers coordinated data linkage infrastructure through partners in state governments, including NSW Health.
WA Health: PHRN delivers coordinated data linkage infrastructure through partners in state governments, including WA Health.
SA Health/SA NT DataLink: PHRN delivers coordinated data linkage infrastructure through partners in state governments, including SA Health.
Tasmanian DoH/TDLU: PHRN delivers coordinated data linkage infrastructure through partners in state governments, including Tasmanian Government Department of Health.
Queensland Health: PHRN delivers coordinated data linkage infrastructure through partners in state governments, including Queensland Government Department of Health.
Department of Health and Aged Care: PHRN receives core funding from the Australian Government’s National Collaborative Research Infrastructure Strategy (NCRIS) program, which is a Department of Health and Aged Care initiative.","NSW Health: PHRN delivers coordinated data linkage infrastructure through partners in state governments, including NSW Health",NSW Health / Ministry of Health NSW,custodian:nsw-health-ministry-of-health-nsw,1.0,override_force_accept,accepted
review:custodian:population-health-research-network:3:1:wa-health-phrn-delivers-coordi:override,custodian:population-health-research-network,Population Health Research Network,"AIHW: PHRN supported the development of the National Health Data Hub, which is managed by AIHW.
NSW Health: PHRN delivers coordinated data linkage infrastructure through partners in state governments, including NSW Health.
WA Health: PHRN delivers coordinated data linkage infrastructure through partners in state governments, including WA Health.
SA Health/SA NT DataLink: PHRN delivers coordinated data linkage infrastructure through partners in state governments, including SA Health.
Tasmanian DoH/TDLU: PHRN delivers coordinated data linkage infrastructure through partners in state governments, including Tasmanian Government Department of Health.
Queensland Health: PHRN delivers coordinated data linkage infrastructure through partners in state governments, including Queensland Government Department of Health.
Department of Health and Aged Care: PHRN receives core funding from the Australian Government’s National Collaborative Research Infrastructure Strategy (NCRIS) program, which is a Department of Health and Aged Care initiative.","WA Health: PHRN delivers coordinated data linkage infrastructure through partners in state governments, including WA Health",WA Health / Data Linkage Services WA,custodian:wa-health-data-linkage-services-wa,1.0,override_force_accept,accepted
review:custodian:population-health-research-network:4:sa-health-sa-nt-datalink-phrn-delivers-c,custodian:population-health-research-network,Population Health Research Network,"AIHW: PHRN supported the development of the National Health Data Hub, which is managed by AIHW.
NSW Health: PHRN delivers coordinated data linkage infrastructure through partners in state governments, including NSW Health.
WA Health: PHRN delivers coordinated data linkage infrastructure through partners in state governments, including WA Health.
SA Health/SA NT DataLink: PHRN delivers coordinated data linkage infrastructure through partners in state governments, including SA Health.
Tasmanian DoH/TDLU: PHRN delivers coordinated data linkage infrastructure through partners in state governments, including Tasmanian Government Department of Health.
Queensland Health: PHRN delivers coordinated data linkage infrastructure through partners in state governments, including Queensland Government Department of Health.
Department of Health and Aged Care: PHRN receives core funding from the Australian Government’s National Collaborative Research Infrastructure Strategy (NCRIS) program, which is a Department of Health and Aged Care initiative.","SA Health/SA NT DataLink: PHRN delivers coordinated data linkage infrastructure through partners in state governments, including SA Health",SA Health / SA NT DataLink,custodian:sa-health-sa-nt-datalink,1.02,name_leading,accepted
review:custodian:population-health-research-network:5:tasmanian-doh-tdlu-phrn-delivers-coordin,custodian:population-health-research-network,Population Health Research Network,"AIHW: PHRN supported the development of the National Health Data Hub, which is managed by AIHW.
NSW Health: PHRN delivers coordinated data linkage infrastructure through partners in state governments, including NSW Health.
WA Health: PHRN delivers coordinated data linkage infrastructure through partners in state governments, including WA Health.
SA Health/SA NT DataLink: PHRN delivers coordinated data linkage infrastructure through partners in state governments, including SA Health.
Tasmanian DoH/TDLU: PHRN delivers coordinated data linkage infrastructure through partners in state governments, including Tasmanian Government Department of Health.
Queensland Health: PHRN delivers coordinated data linkage infrastructure through partners in state governments, including Queensland Government Department of Health.
Department of Health and Aged Care: PHRN receives core funding from the Australian Government’s National Collaborative Research Infrastructure Strategy (NCRIS) program, which is a Department of Health and Aged Care initiative.","Tasmanian DoH/TDLU: PHRN delivers coordinated data linkage infrastructure through partners in state governments, including Tasmanian Government Department of Health",Tasmanian Department of Health / Tasmanian Data Linkage Unit,custodian:tasmanian-department-of-health-tasmanian-data-linkage-unit,0.96,alias_exact,accepted
review:custodian:population-health-research-network:6:queensland-health-phrn-delivers-coordina,custodian:population-health-research-network,Population Health Research Network,"AIHW: PHRN supported the development of the National Health Data Hub, which is managed by AIHW.
NSW Health: PHRN delivers coordinated data linkage infrastructure through partners in state governments, including NSW Health.
WA Health: PHRN delivers coordinated data linkage infrastructure through partners in state governments, including WA Health.
SA Health/SA NT DataLink: PHRN delivers coordinated data linkage infrastructure through partners in state governments, including SA Health.
Tasmanian DoH/TDLU: PHRN delivers coordinated data linkage infrastructure through partners in state governments, including Tasmanian Government Department of Health.
Queensland Health: PHRN delivers coordinated data linkage infrastructure through partners in state governments, including Queensland Government Department of Health.
Department of Health and Aged Care: PHRN receives core funding from the Australian Government’s National Collaborative Research Infrastructure Strategy (NCRIS) program, which is a Department of Health and Aged Care initiative.","Queensland Health: PHRN delivers coordinated data linkage infrastructure through partners in state governments, including Queensland Government Department of Health",Queensland Health,custodian:queensland-health,1.02,name_leading,accepted
review:custodian:population-health-research-network:7:department-of-health-and-aged-care-phrn-,custodian:population-health-research-network,Population Health Research Network,"AIHW: PHRN supported the development of the National Health Data Hub, which is managed by AIHW.
NSW Health: PHRN delivers coordinated data linkage infrastructure through partners in state governments, including NSW Health.
WA Health: PHRN delivers coordinated data linkage infrastructure through partners in state governments, including WA Health.
SA Health/SA NT DataLink: PHRN delivers coordinated data linkage infrastructure through partners in state governments, including SA Health.
Tasmanian DoH/TDLU: PHRN delivers coordinated data linkage infrastructure through partners in state governments, including Tasmanian Government Department of Health.
Queensland Health: PHRN delivers coordinated data linkage infrastructure through partners in state governments, including Queensland Government Department of Health.
Department of Health and Aged Care: PHRN receives core funding from the Australian Government’s National Collaborative Research Infrastructure Strategy (NCRIS) program, which is a Department of Health and Aged Care initiative.","Department of Health and Aged Care: PHRN receives core funding from the Australian Government’s National Collaborative Research Infrastructure Strategy (NCRIS) program, which is a Department of Health and Aged Care initiative",Australian Government Department of Health and Aged Care,custodian:australian-government-department-of-health-and-aged-care,1.01,alias_leading,accepted
review:custodian:australian-research-data-commons:1:aihw-collaboration-on-the-national-healt,custodian:australian-research-data-commons,Australian Research Data Commons,"AIHW: Collaboration on the National Health Data Hub (NHDH) to improve access to high-quality health data and a Memorandum of Understanding for a long-term partnership.
ABS: Collaboration on making ABS datasets available for research.
Department of Health and Aged Care: ARDC is supported by the Australian Government through the National Collaborative Research Infrastructure Strategy (NCRIS), which includes initiatives relevant to health data.
NHMRC/HRECs: ARDC's Trusted Research Environments Framework provides principles and standards for governance, infrastructure, and practices to ensure ethical handling of sensitive data, which aligns with HREC requirements.",AIHW: Collaboration on the National Health Data Hub (NHDH) to improve access to high-quality health data and a Memorandum of Understanding for a long-term partnership,Australian Institute of Health and Welfare,custodian:australian-institute-of-health-and-welfare,1.01,alias_leading,accepted
review:custodian:australian-research-data-commons:2:abs-collaboration-on-making-abs-datasets,custodian:australian-research-data-commons,Australian Research Data Commons,"AIHW: Collaboration on the National Health Data Hub (NHDH) to improve access to high-quality health data and a Memorandum of Understanding for a long-term partnership.
ABS: Collaboration on making ABS datasets available for research.
Department of Health and Aged Care: ARDC is supported by the Australian Government through the National Collaborative Research Infrastructure Strategy (NCRIS), which includes initiatives relevant to health data.
NHMRC/HRECs: ARDC's Trusted Research Environments Framework provides principles and standards for governance, infrastructure, and practices to ensure ethical handling of sensitive data, which aligns with HREC requirements.",ABS: Collaboration on making ABS datasets available for research,Australian Bureau of Statistics,custodian:australian-bureau-of-statistics,1.01,alias_leading,accepted
review:custodian:australian-research-data-commons:3:department-of-health-and-aged-care-ardc-,custodian:australian-research-data-commons,Australian Research Data Commons,"AIHW: Collaboration on the National Health Data Hub (NHDH) to improve access to high-quality health data and a Memorandum of Understanding for a long-term partnership.
ABS: Collaboration on making ABS datasets available for research.
Department of Health and Aged Care: ARDC is supported by the Australian Government through the National Collaborative Research Infrastructure Strategy (NCRIS), which includes initiatives relevant to health data.
NHMRC/HRECs: ARDC's Trusted Research Environments Framework provides principles and standards for governance, infrastructure, and practices to ensure ethical handling of sensitive data, which aligns with HREC requirements.","Department of Health and Aged Care: ARDC is supported by the Australian Government through the National Collaborative Research Infrastructure Strategy (NCRIS), which includes initiatives relevant to health data",Australian Government Department of Health and Aged Care,custodian:australian-government-department-of-health-and-aged-care,1.01,alias_leading,accepted
review:custodian:australian-research-data-commons:4:nhmrc-hrecs-ardc-s-trusted-research-envi,custodian:australian-research-data-commons,Australian Research Data Commons,"AIHW: Collaboration on the National Health Data Hub (NHDH) to improve access to high-quality health data and a Memorandum of Understanding for a long-term partnership.
ABS: Collaboration on making ABS datasets available for research.
Department of Health and Aged Care: ARDC is supported by the Australian Government through the National Collaborative Research Infrastructure Strategy (NCRIS), which includes initiatives relevant to health data.
NHMRC/HRECs: ARDC's Trusted Research Environments Framework provides principles and standards for governance, infrastructure, and practices to ensure ethical handling of sensitive data, which aligns with HREC requirements.","NHMRC/HRECs: ARDC's Trusted Research Environments Framework provides principles and standards for governance, infrastructure, and practices to ensure ethical handling of sensitive data, which aligns with HREC requirements",National Health and Medical Research Council (NHMRC) / Human Research Ethics Committees (HRECs),custodian:national-health-and-medical-research-council-nhmrc-human-research-ethics-committees-hrecs,1.01,alias_leading,accepted
review:custodian:national-health-and-medical-research-council-nhmrc-human-research-ethics-committees-hrecs:1:abs-nhmrc-utilizes-abs-standards-for-res,custodian:national-health-and-medical-research-council-nhmrc-human-research-ethics-committees-hrecs,National Health and Medical Research Council (NHMRC) / Human Research Ethics Committees (HRECs),"ABS: NHMRC utilizes ABS standards for research classifications and data definitions, such as the ABS 2020 Standard for sex and gender in health and medical research.
AIHW: NHMRC collaborates with AIHW and ABS on data integration initiatives, including the creation of pilot datasets.
Department of Health and Aged Care: As a Commonwealth entity, NHMRC works closely with the Department of Health and Aged Care on national health policy, research funding, and ethical guidelines.","ABS: NHMRC utilizes ABS standards for research classifications and data definitions, such as the ABS 2020 Standard for sex and gender in health and medical research",Australian Bureau of Statistics,custodian:australian-bureau-of-statistics,1.01,alias_leading,accepted
review:custodian:national-health-and-medical-research-council-nhmrc-human-research-ethics-committees-hrecs:2:1:aihw-nhmrc-collaborates-with-a:override,custodian:national-health-and-medical-research-council-nhmrc-human-research-ethics-committees-hrecs,National Health and Medical Research Council (NHMRC) / Human Research Ethics Committees (HRECs),"ABS: NHMRC utilizes ABS standards for research classifications and data definitions, such as the ABS 2020 Standard for sex and gender in health and medical research.
AIHW: NHMRC collaborates with AIHW and ABS on data integration initiatives, including the creation of pilot datasets.
Department of Health and Aged Care: As a Commonwealth entity, NHMRC works closely with the Department of Health and Aged Care on national health policy, research funding, and ethical guidelines.","AIHW: NHMRC collaborates with AIHW and ABS on data integration initiatives, including the creation of pilot datasets",Australian Institute of Health and Welfare,custodian:australian-institute-of-health-and-welfare,1.0,override_force_accept,accepted
review:custodian:national-health-and-medical-research-council-nhmrc-human-research-ethics-committees-hrecs:3:department-of-health-and-aged-care-as-a-,custodian:national-health-and-medical-research-council-nhmrc-human-research-ethics-committees-hrecs,National Health and Medical Research Council (NHMRC) / Human Research Ethics Committees (HRECs),"ABS: NHMRC utilizes ABS standards for research classifications and data definitions, such as the ABS 2020 Standard for sex and gender in health and medical research.
AIHW: NHMRC collaborates with AIHW and ABS on data integration initiatives, including the creation of pilot datasets.
Department of Health and Aged Care: As a Commonwealth entity, NHMRC works closely with the Department of Health and Aged Care on national health policy, research funding, and ethical guidelines.","Department of Health and Aged Care: As a Commonwealth entity, NHMRC works closely with the Department of Health and Aged Care on national health policy, research funding, and ethical guidelines",Australian Government Department of Health and Aged Care,custodian:australian-government-department-of-health-and-aged-care,1.01,alias_leading,accepted
review:custodian:national-aboriginal-community-controlled-health-organisation:1:aihw-collaboration-on-the-review-of-onli,custodian:national-aboriginal-community-controlled-health-organisation,National Aboriginal Community Controlled Health Organisation,"AIHW: collaboration on the review of Online Services Report (OSR) and National Key Performance Indicators (nKPIs);Department of Health and Aged Care: commissioned AIHW to review OSR and nKPIs, and NACCHO advocates for policy reforms with government departments;ACCHOs: NACCHO is the national peak body representing 148 ACCHOs, supporting their data collection and use;ICSPR: repository for Profile and Forces of Change data for researchers.",AIHW: collaboration on the review of Online Services Report (OSR) and National Key Performance Indicators (nKPIs),Australian Institute of Health and Welfare,custodian:australian-institute-of-health-and-welfare,1.01,alias_leading,accepted
review:custodian:national-aboriginal-community-controlled-health-organisation:2:department-of-health-and-aged-care-commi,custodian:national-aboriginal-community-controlled-health-organisation,National Aboriginal Community Controlled Health Organisation,"AIHW: collaboration on the review of Online Services Report (OSR) and National Key Performance Indicators (nKPIs);Department of Health and Aged Care: commissioned AIHW to review OSR and nKPIs, and NACCHO advocates for policy reforms with government departments;ACCHOs: NACCHO is the national peak body representing 148 ACCHOs, supporting their data collection and use;ICSPR: repository for Profile and Forces of Change data for researchers.","Department of Health and Aged Care: commissioned AIHW to review OSR and nKPIs, and NACCHO advocates for policy reforms with government departments",Australian Government Department of Health and Aged Care,custodian:australian-government-department-of-health-and-aged-care,1.01,alias_leading,accepted
review:custodian:national-aboriginal-community-controlled-health-organisation:3:acchos-naccho-is-the-national-peak-body-:override-reject,custodian:national-aboriginal-community-controlled-health-organisation,National Aboriginal Community Controlled Health Organisation,"AIHW: collaboration on the review of Online Services Report (OSR) and National Key Performance Indicators (nKPIs);Department of Health and Aged Care: commissioned AIHW to review OSR and nKPIs, and NACCHO advocates for policy reforms with government departments;ACCHOs: NACCHO is the national peak body representing 148 ACCHOs, supporting their data collection and use;ICSPR: repository for Profile and Forces of Change data for researchers.","ACCHOs: NACCHO is the national peak body representing 148 ACCHOs, supporting their data collection and use",,,0.0,override_force_reject,rejected
review:custodian:national-aboriginal-community-controlled-health-organisation:4:icspr-repository-for-profile-and-forces-:override-reject,custodian:national-aboriginal-community-controlled-health-organisation,National Aboriginal Community Controlled Health Organisation,"AIHW: collaboration on the review of Online Services Report (OSR) and National Key Performance Indicators (nKPIs);Department of Health and Aged Care: commissioned AIHW to review OSR and nKPIs, and NACCHO advocates for policy reforms with government departments;ACCHOs: NACCHO is the national peak body representing 148 ACCHOs, supporting their data collection and use;ICSPR: repository for Profile and Forces of Change data for researchers.",ICSPR: repository for Profile and Forces of Change data for researchers,,,0.0,override_force_reject,rejected
review:custodian:phn-cooperative-primary-health-insights:1:australian-institute-of-health-and-welfa,custodian:phn-cooperative-primary-health-insights,PHN Cooperative / Primary Health Insights,"Australian Institute of Health and Welfare (AIHW): AIHW is a Primary Health Insights participant and is required to maintain the same data governance requirements as PHNs for the data held in its secure lock box.
Department of Health and Aged Care: The development and implementation of Primary Health Insights was funded by the Australian Government Department of Health.
Primary Health Networks (PHNs): Primary Health Insights is a collaborative initiative of the PHNs, and the platform is owned by them.",Australian Institute of Health and Welfare (AIHW): AIHW is a Primary Health Insights participant and is required to maintain the same data governance requirements as PHNs for the data held in its secure lock box,Australian Institute of Health and Welfare,custodian:australian-institute-of-health-and-welfare,1.02,name_leading,accepted
review:custodian:phn-cooperative-primary-health-insights:2:department-of-health-and-aged-care-the-d,custodian:phn-cooperative-primary-health-insights,PHN Cooperative / Primary Health Insights,"Australian Institute of Health and Welfare (AIHW): AIHW is a Primary Health Insights participant and is required to maintain the same data governance requirements as PHNs for the data held in its secure lock box.
Department of Health and Aged Care: The development and implementation of Primary Health Insights was funded by the Australian Government Department of Health.
Primary Health Networks (PHNs): Primary Health Insights is a collaborative initiative of the PHNs, and the platform is owned by them.",Department of Health and Aged Care: The development and implementation of Primary Health Insights was funded by the Australian Government Department of Health,Australian Government Department of Health and Aged Care,custodian:australian-government-department-of-health-and-aged-care,1.01,alias_leading,accepted
review:custodian:phn-cooperative-primary-health-insights:3:primary-health-networks-phns-primary-hea:override-reject,custodian:phn-cooperative-primary-health-insights,PHN Cooperative / Primary Health Insights,"Australian Institute of Health and Welfare (AIHW): AIHW is a Primary Health Insights participant and is required to maintain the same data governance requirements as PHNs for the data held in its secure lock box.
Department of Health and Aged Care: The development and implementation of Primary Health Insights was funded by the Australian Government Department of Health.
Primary Health Networks (PHNs): Primary Health Insights is a collaborative initiative of the PHNs, and the platform is owned by them.","Primary Health Networks (PHNs): Primary Health Insights is a collaborative initiative of the PHNs, and the platform is owned by them",,,0.0,override_force_reject,rejected
review:custodian:australian-bureau-of-statistics:1:1:australian-institute-of-health:override,custodian:australian-bureau-of-statistics,Australian Bureau of Statistics,"Australian Institute of Health and Welfare (AIHW): The ABS and AIHW collaborate on a range of health and welfare statistics, including data linkage projects.
Department of Health and Aged Care: The ABS provides key health data that informs the Department's policy and program development.
Services Australia: The ABS links its data with data from Services Australia to create integrated datasets for research and statistical purposes.","Australian Institute of Health and Welfare (AIHW): The ABS and AIHW collaborate on a range of health and welfare statistics, including data linkage projects",Australian Institute of Health and Welfare,custodian:australian-institute-of-health-and-welfare,1.0,override_force_accept,accepted
review:custodian:australian-bureau-of-statistics:2:department-of-health-and-aged-care-the-a,custodian:australian-bureau-of-statistics,Australian Bureau of Statistics,"Australian Institute of Health and Welfare (AIHW): The ABS and AIHW collaborate on a range of health and welfare statistics, including data linkage projects.
Department of Health and Aged Care: The ABS provides key health data that informs the Department's policy and program development.
Services Australia: The ABS links its data with data from Services Australia to create integrated datasets for research and statistical purposes.",Department of Health and Aged Care: The ABS provides key health data that informs the Department's policy and program development,Australian Government Department of Health and Aged Care,custodian:australian-government-department-of-health-and-aged-care,1.01,alias_leading,accepted
review:custodian:australian-bureau-of-statistics:3:1:services-australia-the-abs-lin:override,custodian:australian-bureau-of-statistics,Australian Bureau of Statistics,"Australian Institute of Health and Welfare (AIHW): The ABS and AIHW collaborate on a range of health and welfare statistics, including data linkage projects.
Department of Health and Aged Care: The ABS provides key health data that informs the Department's policy and program development.
Services Australia: The ABS links its data with data from Services Australia to create integrated datasets for research and statistical purposes.",Services Australia: The ABS links its data with data from Services Australia to create integrated datasets for research and statistical purposes,Services Australia,custodian:services-australia,1.0,override_force_accept,accepted
review:custodian:australian-institute-of-health-and-welfare-data-integration-services-centre:1:abs-collaboration-on-national-disability,custodian:australian-institute-of-health-and-welfare-data-integration-services-centre,Australian Institute of Health and Welfare Data Integration Services Centre,"ABS: Collaboration on National Disability Data Asset (NDDA) and data integration. ABS receives de-identified data from AIHW for NDDA preparation.
Services Australia: Data from Medicare Consumer Directory and Centrelink Data Over Multiple Individual Occurrences (DOMINO) are linked by AIHW DISC.
Department of Health and Aged Care: Partner in the National Health Data Hub (NHDH).
NSW Health: Partner in the National Health Data Hub (NHDH).
Queensland Health: Partner in the National Health Data Hub (NHDH).
Population Health Research Network (PHRN): Partner in the National Health Data Hub (NHDH).",ABS: Collaboration on National Disability Data Asset (NDDA) and data integration. ABS receives de-identified data from AIHW for NDDA preparation,Australian Bureau of Statistics,custodian:australian-bureau-of-statistics,1.01,alias_leading,accepted
review:custodian:australian-institute-of-health-and-welfare-data-integration-services-centre:2:services-australia-data-from-medicare-co,custodian:australian-institute-of-health-and-welfare-data-integration-services-centre,Australian Institute of Health and Welfare Data Integration Services Centre,"ABS: Collaboration on National Disability Data Asset (NDDA) and data integration. ABS receives de-identified data from AIHW for NDDA preparation.
Services Australia: Data from Medicare Consumer Directory and Centrelink Data Over Multiple Individual Occurrences (DOMINO) are linked by AIHW DISC.
Department of Health and Aged Care: Partner in the National Health Data Hub (NHDH).
NSW Health: Partner in the National Health Data Hub (NHDH).
Queensland Health: Partner in the National Health Data Hub (NHDH).
Population Health Research Network (PHRN): Partner in the National Health Data Hub (NHDH).",Services Australia: Data from Medicare Consumer Directory and Centrelink Data Over Multiple Individual Occurrences (DOMINO) are linked by AIHW DISC,Services Australia,custodian:services-australia,1.02,name_leading,accepted
review:custodian:australian-institute-of-health-and-welfare-data-integration-services-centre:3:department-of-health-and-aged-care-partn,custodian:australian-institute-of-health-and-welfare-data-integration-services-centre,Australian Institute of Health and Welfare Data Integration Services Centre,"ABS: Collaboration on National Disability Data Asset (NDDA) and data integration. ABS receives de-identified data from AIHW for NDDA preparation.
Services Australia: Data from Medicare Consumer Directory and Centrelink Data Over Multiple Individual Occurrences (DOMINO) are linked by AIHW DISC.
Department of Health and Aged Care: Partner in the National Health Data Hub (NHDH).
NSW Health: Partner in the National Health Data Hub (NHDH).
Queensland Health: Partner in the National Health Data Hub (NHDH).
Population Health Research Network (PHRN): Partner in the National Health Data Hub (NHDH).",Department of Health and Aged Care: Partner in the National Health Data Hub (NHDH),Australian Government Department of Health and Aged Care,custodian:australian-government-department-of-health-and-aged-care,1.01,alias_leading,accepted
review:custodian:australian-institute-of-health-and-welfare-data-integration-services-centre:4:1:nsw-health-partner-in-the-nati:override,custodian:australian-institute-of-health-and-welfare-data-integration-services-centre,Australian Institute of Health and Welfare Data Integration Services Centre,"ABS: Collaboration on National Disability Data Asset (NDDA) and data integration. ABS receives de-identified data from AIHW for NDDA preparation.
Services Australia: Data from Medicare Consumer Directory and Centrelink Data Over Multiple Individual Occurrences (DOMINO) are linked by AIHW DISC.
Department of Health and Aged Care: Partner in the National Health Data Hub (NHDH).
NSW Health: Partner in the National Health Data Hub (NHDH).
Queensland Health: Partner in the National Health Data Hub (NHDH).
Population Health Research Network (PHRN): Partner in the National Health Data Hub (NHDH).",NSW Health: Partner in the National Health Data Hub (NHDH),NSW Health / Ministry of Health NSW,custodian:nsw-health-ministry-of-health-nsw,1.0,override_force_accept,accepted
review:custodian:australian-institute-of-health-and-welfare-data-integration-services-centre:5:queensland-health-partner-in-the-nationa,custodian:australian-institute-of-health-and-welfare-data-integration-services-centre,Australian Institute of Health and Welfare Data Integration Services Centre,"ABS: Collaboration on National Disability Data Asset (NDDA) and data integration. ABS receives de-identified data from AIHW for NDDA preparation.
Services Australia: Data from Medicare Consumer Directory and Centrelink Data Over Multiple Individual Occurrences (DOMINO) are linked by AIHW DISC.
Department of Health and Aged Care: Partner in the National Health Data Hub (NHDH).
NSW Health: Partner in the National Health Data Hub (NHDH).
Queensland Health: Partner in the National Health Data Hub (NHDH).
Population Health Research Network (PHRN): Partner in the National Health Data Hub (NHDH).",Queensland Health: Partner in the National Health Data Hub (NHDH),Queensland Health,custodian:queensland-health,1.02,name_leading,accepted
review:custodian:australian-institute-of-health-and-welfare-data-integration-services-centre:6:population-health-research-network-phrn-,custodian:australian-institute-of-health-and-welfare-data-integration-services-centre,Australian Institute of Health and Welfare Data Integration Services Centre,"ABS: Collaboration on National Disability Data Asset (NDDA) and data integration. ABS receives de-identified data from AIHW for NDDA preparation.
Services Australia: Data from Medicare Consumer Directory and Centrelink Data Over Multiple Individual Occurrences (DOMINO) are linked by AIHW DISC.
Department of Health and Aged Care: Partner in the National Health Data Hub (NHDH).
NSW Health: Partner in the National Health Data Hub (NHDH).
Queensland Health: Partner in the National Health Data Hub (NHDH).
Population Health Research Network (PHRN): Partner in the National Health Data Hub (NHDH).",Population Health Research Network (PHRN): Partner in the National Health Data Hub (NHDH),Population Health Research Network,custodian:population-health-research-network,1.02,name_leading,accepted
review:custodian:australian-prudential-regulation-authority:1:reserve-bank-of-australia-rba-memorandum:override-reject,custodian:australian-prudential-regulation-authority,Australian Prudential Regulation Authority,"Reserve Bank of Australia (RBA): Memorandum of Understanding for consultation, information sharing, and coordination on financial stability issues. 
Private Health Insurers: APRA collects data from private health insurers as part of its regulatory function. 
Australian Bureau of Statistics (ABS): APRA conducts consultation with the superannuation industry on additional superannuation data collected under reporting standards and primarily used by ABS.","Reserve Bank of Australia (RBA): Memorandum of Understanding for consultation, information sharing, and coordination on financial stability issues",,,0.0,override_force_reject,rejected
review:custodian:australian-prudential-regulation-authority:2:private-health-insurers-apra-collects-da:override-reject,custodian:australian-prudential-regulation-authority,Australian Prudential Regulation Authority,"Reserve Bank of Australia (RBA): Memorandum of Understanding for consultation, information sharing, and coordination on financial stability issues. 
Private Health Insurers: APRA collects data from private health insurers as part of its regulatory function. 
Australian Bureau of Statistics (ABS): APRA conducts consultation with the superannuation industry on additional superannuation data collected under reporting standards and primarily used by ABS.",Private Health Insurers: APRA collects data from private health insurers as part of its regulatory function,,,0.0,override_force_reject,rejected
review:custodian:australian-prudential-regulation-authority:3:australian-bureau-of-statistics-abs-apra,custodian:australian-prudential-regulation-authority,Australian Prudential Regulation Authority,"Reserve Bank of Australia (RBA): Memorandum of Understanding for consultation, information sharing, and coordination on financial stability issues. 
Private Health Insurers: APRA collects data from private health insurers as part of its regulatory function. 
Australian Bureau of Statistics (ABS): APRA conducts consultation with the superannuation industry on additional superannuation data collected under reporting standards and primarily used by ABS.",Australian Bureau of Statistics (ABS): APRA conducts consultation with the superannuation industry on additional superannuation data collected under reporting standards and primarily used by ABS,Australian Bureau of Statistics,custodian:australian-bureau-of-statistics,1.02,name_leading,accepted
review:custodian:australian-bureau-of-statistics-datalab:1:department-of-health-and-aged-care-partn,custodian:australian-bureau-of-statistics-datalab,Australian Bureau of Statistics DataLab,"Department of Health and Aged Care: Partner agency in PLIDA [4]
Services Australia: Partner agency in PLIDA [4]
Australian Institute of Health and Welfare: Observer on PLIDA Board [4]",Department of Health and Aged Care: Partner agency in PLIDA [4],Australian Government Department of Health and Aged Care,custodian:australian-government-department-of-health-and-aged-care,1.01,alias_leading,accepted
review:custodian:australian-bureau-of-statistics-datalab:2:services-australia-partner-agency-in-pli,custodian:australian-bureau-of-statistics-datalab,Australian Bureau of Statistics DataLab,"Department of Health and Aged Care: Partner agency in PLIDA [4]
Services Australia: Partner agency in PLIDA [4]
Australian Institute of Health and Welfare: Observer on PLIDA Board [4]",Services Australia: Partner agency in PLIDA [4],Services Australia,custodian:services-australia,1.02,name_leading,accepted
review:custodian:australian-bureau-of-statistics-datalab:3:australian-institute-of-health-and-welfa,custodian:australian-bureau-of-statistics-datalab,Australian Bureau of Statistics DataLab,"Department of Health and Aged Care: Partner agency in PLIDA [4]
Services Australia: Partner agency in PLIDA [4]
Australian Institute of Health and Welfare: Observer on PLIDA Board [4]",Australian Institute of Health and Welfare: Observer on PLIDA Board [4],Australian Institute of Health and Welfare,custodian:australian-institute-of-health-and-welfare,1.02,name_leading,accepted
review:custodian:cancer-institute-nsw:1:1:nsw-health-ministry-of-health-:override,custodian:cancer-institute-nsw,Cancer Institute NSW,NSW Health - Ministry of Health NSW (Cancer Institute NSW is a statutory body within the NSW Health portfolio),NSW Health - Ministry of Health NSW (Cancer Institute NSW is a statutory body within the NSW Health portfolio),NSW Health / Ministry of Health NSW,custodian:nsw-health-ministry-of-health-nsw,1.0,override_force_accept,accepted
review:custodian:nsw-health-ministry-of-health-nsw:1:1:cherel-nsw-health-partners-wit:override,custodian:nsw-health-ministry-of-health-nsw,NSW Health / Ministry of Health NSW,"CHeReL: NSW Health partners with CHeReL for secure record linkage of health data for research and policy development [3].
Cancer Institute NSW: NSW Health works with the Cancer Institute NSW, which provides cancer data and statistics [2].
Bureau of Health Information: NSW Health collaborates with the Bureau of Health Information, which publishes independent reports and data about the performance of the public healthcare system in NSW [2].",CHeReL: NSW Health partners with CHeReL for secure record linkage of health data for research and policy development [3],Centre for Health Record Linkage,custodian:centre-for-health-record-linkage,1.0,override_force_accept,accepted
review:custodian:nsw-health-ministry-of-health-nsw:2:cancer-institute-nsw-nsw-health-works-wi,custodian:nsw-health-ministry-of-health-nsw,NSW Health / Ministry of Health NSW,"CHeReL: NSW Health partners with CHeReL for secure record linkage of health data for research and policy development [3].
Cancer Institute NSW: NSW Health works with the Cancer Institute NSW, which provides cancer data and statistics [2].
Bureau of Health Information: NSW Health collaborates with the Bureau of Health Information, which publishes independent reports and data about the performance of the public healthcare system in NSW [2].","Cancer Institute NSW: NSW Health works with the Cancer Institute NSW, which provides cancer data and statistics [2]",Cancer Institute NSW,custodian:cancer-institute-nsw,1.02,name_leading,accepted
review:custodian:nsw-health-ministry-of-health-nsw:3:bureau-of-health-information-nsw-health-:override-reject,custodian:nsw-health-ministry-of-health-nsw,NSW Health / Ministry of Health NSW,"CHeReL: NSW Health partners with CHeReL for secure record linkage of health data for research and policy development [3].
Cancer Institute NSW: NSW Health works with the Cancer Institute NSW, which provides cancer data and statistics [2].
Bureau of Health Information: NSW Health collaborates with the Bureau of Health Information, which publishes independent reports and data about the performance of the public healthcare system in NSW [2].","Bureau of Health Information: NSW Health collaborates with the Bureau of Health Information, which publishes independent reports and data about the performance of the public healthcare system in NSW [2]",,,0.0,override_force_reject,rejected
review:custodian:centre-for-victorian-data-linkage:1:1:phrn-cvdl-was-established-with:override,custodian:centre-for-victorian-data-linkage,Centre for Victorian Data Linkage,"PHRN: CVDL was established with funding from the national Population Health Research Network (PHRN) and is part of the PHRN network.
AIHW: Some datasets are assembled for submission to the Australian Institute for Health and Welfare (AIHW) for national reporting.
Registry of Births Deaths and Marriages: CVDL obtains Births and Deaths (VDI) data from the Registry of Births Deaths and Marriages under a Memorandum of Understanding.",PHRN: CVDL was established with funding from the national Population Health Research Network (PHRN) and is part of the PHRN network,Population Health Research Network,custodian:population-health-research-network,1.0,override_force_accept,accepted
review:custodian:centre-for-victorian-data-linkage:2:aihw-some-datasets-are-assembled-for-sub,custodian:centre-for-victorian-data-linkage,Centre for Victorian Data Linkage,"PHRN: CVDL was established with funding from the national Population Health Research Network (PHRN) and is part of the PHRN network.
AIHW: Some datasets are assembled for submission to the Australian Institute for Health and Welfare (AIHW) for national reporting.
Registry of Births Deaths and Marriages: CVDL obtains Births and Deaths (VDI) data from the Registry of Births Deaths and Marriages under a Memorandum of Understanding.",AIHW: Some datasets are assembled for submission to the Australian Institute for Health and Welfare (AIHW) for national reporting,Australian Institute of Health and Welfare,custodian:australian-institute-of-health-and-welfare,1.01,alias_leading,accepted
review:custodian:centre-for-victorian-data-linkage:3:registry-of-births-deaths-and-marriages-:override-reject,custodian:centre-for-victorian-data-linkage,Centre for Victorian Data Linkage,"PHRN: CVDL was established with funding from the national Population Health Research Network (PHRN) and is part of the PHRN network.
AIHW: Some datasets are assembled for submission to the Australian Institute for Health and Welfare (AIHW) for national reporting.
Registry of Births Deaths and Marriages: CVDL obtains Births and Deaths (VDI) data from the Registry of Births Deaths and Marriages under a Memorandum of Understanding.",Registry of Births Deaths and Marriages: CVDL obtains Births and Deaths (VDI) data from the Registry of Births Deaths and Marriages under a Memorandum of Understanding,,,0.0,override_force_reject,rejected
review:custodian:victorian-agency-for-health-information:1:aihw-cvdl-assembles-data-for-national-re,custodian:victorian-agency-for-health-information,Victorian Agency for Health Information,"AIHW: CVDL assembles data for national reporting to AIHW [3]
Department of Health and Aged Care: HACC data for people aged 65+ transferred to Commonwealth Department of Health and Aged Care [3]
Victorian Cancer Registry: VCR data is integrated into CVDL's Integrated Data Resource [3]",AIHW: CVDL assembles data for national reporting to AIHW [3],Australian Institute of Health and Welfare,custodian:australian-institute-of-health-and-welfare,1.01,alias_leading,accepted
review:custodian:victorian-agency-for-health-information:2:department-of-health-and-aged-care-hacc-,custodian:victorian-agency-for-health-information,Victorian Agency for Health Information,"AIHW: CVDL assembles data for national reporting to AIHW [3]
Department of Health and Aged Care: HACC data for people aged 65+ transferred to Commonwealth Department of Health and Aged Care [3]
Victorian Cancer Registry: VCR data is integrated into CVDL's Integrated Data Resource [3]",Department of Health and Aged Care: HACC data for people aged 65+ transferred to Commonwealth Department of Health and Aged Care [3],Australian Government Department of Health and Aged Care,custodian:australian-government-department-of-health-and-aged-care,1.01,alias_leading,accepted
review:custodian:victorian-agency-for-health-information:3:victorian-cancer-registry-vcr-data-is-in,custodian:victorian-agency-for-health-information,Victorian Agency for Health Information,"AIHW: CVDL assembles data for national reporting to AIHW [3]
Department of Health and Aged Care: HACC data for people aged 65+ transferred to Commonwealth Department of Health and Aged Care [3]
Victorian Cancer Registry: VCR data is integrated into CVDL's Integrated Data Resource [3]",Victorian Cancer Registry: VCR data is integrated into CVDL's Integrated Data Resource [3],Victorian Cancer Registry,custodian:victorian-cancer-registry,1.02,name_leading,accepted
review:custodian:victorian-cancer-registry:1:australian-institute-of-health-and-welfa,custodian:victorian-cancer-registry,Victorian Cancer Registry,Australian Institute of Health and Welfare (AIHW) (for compiling national cancer figures); VAHI (Victorian Agency for Health Information) (Victorian health system reporting and governance alignment),Australian Institute of Health and Welfare (AIHW) (for compiling national cancer figures),Australian Institute of Health and Welfare,custodian:australian-institute-of-health-and-welfare,1.02,name_leading,accepted
review:custodian:victorian-cancer-registry:2:vahi-victorian-agency-for-health-informa,custodian:victorian-cancer-registry,Victorian Cancer Registry,Australian Institute of Health and Welfare (AIHW) (for compiling national cancer figures); VAHI (Victorian Agency for Health Information) (Victorian health system reporting and governance alignment),VAHI (Victorian Agency for Health Information) (Victorian health system reporting and governance alignment),Victorian Agency for Health Information,custodian:victorian-agency-for-health-information,1.01,alias_leading,accepted
review:custodian:queensland-cyber-infrastructure-foundation:1:ardc-qcif-receives-investment-from-ardc-,custodian:queensland-cyber-infrastructure-foundation,Queensland Cyber Infrastructure Foundation,"ARDC: QCIF receives investment from ARDC for the HeSANDA Queensland node and collaborates on secure eResearch platforms like KeyPoint.
Health Translation Queensland: Administers the HeSANDA Queensland node in collaboration with QCIF.
University of Queensland: Collaborating organization on the NINA project and a partner in the development of KeyPoint.",ARDC: QCIF receives investment from ARDC for the HeSANDA Queensland node and collaborates on secure eResearch platforms like KeyPoint,Australian Research Data Commons,custodian:australian-research-data-commons,1.01,alias_leading,accepted
review:custodian:queensland-cyber-infrastructure-foundation:2:health-translation-queensland-administer,custodian:queensland-cyber-infrastructure-foundation,Queensland Cyber Infrastructure Foundation,"ARDC: QCIF receives investment from ARDC for the HeSANDA Queensland node and collaborates on secure eResearch platforms like KeyPoint.
Health Translation Queensland: Administers the HeSANDA Queensland node in collaboration with QCIF.
University of Queensland: Collaborating organization on the NINA project and a partner in the development of KeyPoint.",Health Translation Queensland: Administers the HeSANDA Queensland node in collaboration with QCIF,Australian Research Data Commons,custodian:australian-research-data-commons,0.96,alias_exact,accepted
review:custodian:queensland-cyber-infrastructure-foundation:3:university-of-queensland-collaborating-o:not-custodian,custodian:queensland-cyber-infrastructure-foundation,Queensland Cyber Infrastructure Foundation,"ARDC: QCIF receives investment from ARDC for the HeSANDA Queensland node and collaborates on secure eResearch platforms like KeyPoint.
Health Translation Queensland: Administers the HeSANDA Queensland node in collaboration with QCIF.
University of Queensland: Collaborating organization on the NINA project and a partner in the development of KeyPoint.",University of Queensland: Collaborating organization on the NINA project and a partner in the development of KeyPoint,,,0.0,not_a_custodian,rejected
review:custodian:queensland-health:1:australian-institute-of-health-and-welfa,custodian:queensland-health,Queensland Health,Australian Institute of Health and Welfare (AIHW) (national hospital data reporting); QCIF (secure infrastructure used by Queensland researchers working with Queensland Health data); PHRN (through Data Linkage Queensland / SALUD for linkage); Cancer Institute NSW (cross-state cancer registry comparison work),Australian Institute of Health and Welfare (AIHW) (national hospital data reporting),Australian Institute of Health and Welfare,custodian:australian-institute-of-health-and-welfare,1.02,name_leading,accepted
review:custodian:queensland-health:2:qcif-secure-infrastructure-used-by-queen,custodian:queensland-health,Queensland Health,Australian Institute of Health and Welfare (AIHW) (national hospital data reporting); QCIF (secure infrastructure used by Queensland researchers working with Queensland Health data); PHRN (through Data Linkage Queensland / SALUD for linkage); Cancer Institute NSW (cross-state cancer registry comparison work),QCIF (secure infrastructure used by Queensland researchers working with Queensland Health data),Queensland Cyber Infrastructure Foundation,custodian:queensland-cyber-infrastructure-foundation,1.01,alias_leading,accepted
review:custodian:queensland-health:3:1:phrn-through-data-linkage-quee:override,custodian:queensland-health,Queensland Health,Australian Institute of Health and Welfare (AIHW) (national hospital data reporting); QCIF (secure infrastructure used by Queensland researchers working with Queensland Health data); PHRN (through Data Linkage Queensland / SALUD for linkage); Cancer Institute NSW (cross-state cancer registry comparison work),PHRN (through Data Linkage Queensland / SALUD for linkage),Population Health Research Network,custodian:population-health-research-network,1.0,override_force_accept,accepted
review:custodian:queensland-health:4:cancer-institute-nsw-cross-state-cancer-,custodian:queensland-health,Queensland Health,Australian Institute of Health and Welfare (AIHW) (national hospital data reporting); QCIF (secure infrastructure used by Queensland researchers working with Queensland Health data); PHRN (through Data Linkage Queensland / SALUD for linkage); Cancer Institute NSW (cross-state cancer registry comparison work),Cancer Institute NSW (cross-state cancer registry comparison work),Cancer Institute NSW,custodian:cancer-institute-nsw,1.02,name_leading,accepted
review:custodian:wa-health-data-linkage-services-wa:1:1:australian-institute-of-health:override,custodian:wa-health-data-linkage-services-wa,WA Health / Data Linkage Services WA,Australian Institute of Health and Welfare (AIHW) (cross-jurisdictional research and reporting); Population Health Research Network (PHRN) (national linkage network membership),Australian Institute of Health and Welfare (AIHW) (cross-jurisdictional research and reporting),Australian Institute of Health and Welfare,custodian:australian-institute-of-health-and-welfare,1.0,override_force_accept,accepted
review:custodian:wa-health-data-linkage-services-wa:2:1:population-health-research-net:override,custodian:wa-health-data-linkage-services-wa,WA Health / Data Linkage Services WA,Australian Institute of Health and Welfare (AIHW) (cross-jurisdictional research and reporting); Population Health Research Network (PHRN) (national linkage network membership),Population Health Research Network (PHRN) (national linkage network membership),Population Health Research Network,custodian:population-health-research-network,1.0,override_force_accept,accepted
review:custodian:tasmanian-department-of-health-tasmanian-data-linkage-unit:1:nhmrc-approves-ethics-applications-for-d,custodian:tasmanian-department-of-health-tasmanian-data-linkage-unit,Tasmanian Department of Health / Tasmanian Data Linkage Unit,"NHMRC: Approves ethics applications for data linkage projects.
PHRN: Provides the Online Application System (OAS) for submitting expressions of interest.
SURE: A remote-access data research laboratory where linked data may be provided for analysis.",NHMRC: Approves ethics applications for data linkage projects,National Health and Medical Research Council (NHMRC) / Human Research Ethics Committees (HRECs),custodian:national-health-and-medical-research-council-nhmrc-human-research-ethics-committees-hrecs,1.01,alias_leading,accepted
review:custodian:tasmanian-department-of-health-tasmanian-data-linkage-unit:2:phrn-provides-the-online-application-sys,custodian:tasmanian-department-of-health-tasmanian-data-linkage-unit,Tasmanian Department of Health / Tasmanian Data Linkage Unit,"NHMRC: Approves ethics applications for data linkage projects.
PHRN: Provides the Online Application System (OAS) for submitting expressions of interest.
SURE: A remote-access data research laboratory where linked data may be provided for analysis.",PHRN: Provides the Online Application System (OAS) for submitting expressions of interest,Population Health Research Network,custodian:population-health-research-network,1.01,alias_leading,accepted
review:custodian:tasmanian-department-of-health-tasmanian-data-linkage-unit:3:sure-a-remote-access-data-research-labor,custodian:tasmanian-department-of-health-tasmanian-data-linkage-unit,Tasmanian Department of Health / Tasmanian Data Linkage Unit,"NHMRC: Approves ethics applications for data linkage projects.
PHRN: Provides the Online Application System (OAS) for submitting expressions of interest.
SURE: A remote-access data research laboratory where linked data may be provided for analysis.",SURE: A remote-access data research laboratory where linked data may be provided for analysis,Secure Unified Research Environment,custodian:secure-unified-research-environment,1.01,alias_leading,accepted
review:custodian:act-health:1:1:cherel-act-health-is-a-foundin:override,custodian:act-health,ACT Health,CHeReL: ACT Health is a founding partner of the Centre for Health Record Linkage (CHeReL) at the NSW Ministry of Health and facilitates the provision of data to researchers and government agencies.,CHeReL: ACT Health is a founding partner of the Centre for Health Record Linkage (CHeReL) at the NSW Ministry of Health and facilitates the provision of data to researchers and government agencies,Centre for Health Record Linkage,custodian:centre-for-health-record-linkage,1.0,override_force_accept,accepted
review:custodian:nt-health-nt-health-research-governance-office:1:1:sa-nt-datalink-key-provider-of:override,custodian:nt-health-nt-health-research-governance-office,NT Health / NT Health Research Governance Office,"SA NT DataLink: Key provider of data linkage services in the Northern Territory.
AIHW: NT Health metadata standards are consistent with national standard classifications, and METeOR (online metadata registry) is developed by AIHW.
NHMRC/HRECs: NT HREC approval is required for research projects.
ACSQHC: NT Health is committed to implementing the Australian Commission on Safety and Quality in Health Care (ACSQHC) National Clinical Trials Governance Framework.",SA NT DataLink: Key provider of data linkage services in the Northern Territory,SA Health / SA NT DataLink,custodian:sa-health-sa-nt-datalink,1.0,override_force_accept,accepted
review:custodian:nt-health-nt-health-research-governance-office:2:aihw-nt-health-metadata-standards-are-co,custodian:nt-health-nt-health-research-governance-office,NT Health / NT Health Research Governance Office,"SA NT DataLink: Key provider of data linkage services in the Northern Territory.
AIHW: NT Health metadata standards are consistent with national standard classifications, and METeOR (online metadata registry) is developed by AIHW.
NHMRC/HRECs: NT HREC approval is required for research projects.
ACSQHC: NT Health is committed to implementing the Australian Commission on Safety and Quality in Health Care (ACSQHC) National Clinical Trials Governance Framework.","AIHW: NT Health metadata standards are consistent with national standard classifications, and METeOR (online metadata registry) is developed by AIHW",Australian Institute of Health and Welfare,custodian:australian-institute-of-health-and-welfare,1.01,alias_leading,accepted
review:custodian:nt-health-nt-health-research-governance-office:3:nhmrc-hrecs-nt-hrec-approval-is-required,custodian:nt-health-nt-health-research-governance-office,NT Health / NT Health Research Governance Office,"SA NT DataLink: Key provider of data linkage services in the Northern Territory.
AIHW: NT Health metadata standards are consistent with national standard classifications, and METeOR (online metadata registry) is developed by AIHW.
NHMRC/HRECs: NT HREC approval is required for research projects.
ACSQHC: NT Health is committed to implementing the Australian Commission on Safety and Quality in Health Care (ACSQHC) National Clinical Trials Governance Framework.",NHMRC/HRECs: NT HREC approval is required for research projects,National Health and Medical Research Council (NHMRC) / Human Research Ethics Committees (HRECs),custodian:national-health-and-medical-research-council-nhmrc-human-research-ethics-committees-hrecs,1.01,alias_leading,accepted
review:custodian:nt-health-nt-health-research-governance-office:4:acsqhc-nt-health-is-committed-to-impleme,custodian:nt-health-nt-health-research-governance-office,NT Health / NT Health Research Governance Office,"SA NT DataLink: Key provider of data linkage services in the Northern Territory.
AIHW: NT Health metadata standards are consistent with national standard classifications, and METeOR (online metadata registry) is developed by AIHW.
NHMRC/HRECs: NT HREC approval is required for research projects.
ACSQHC: NT Health is committed to implementing the Australian Commission on Safety and Quality in Health Care (ACSQHC) National Clinical Trials Governance Framework.",ACSQHC: NT Health is committed to implementing the Australian Commission on Safety and Quality in Health Care (ACSQHC) National Clinical Trials Governance Framework,Australian Commission on Safety and Quality in Health Care,custodian:australian-commission-on-safety-and-quality-in-health-care,1.01,alias_leading,accepted
review:custodian:centre-for-health-record-linkage:1:1:nsw-health-cherel-is-a-nsw-gov:override,custodian:centre-for-health-record-linkage,Centre for Health Record Linkage,"NSW Health: CHeReL is a NSW Government website and works closely with NSW Health for data provision and linkage.
ACT Health: CHeReL provides data linkage services for ACT health data.
PHRN: CHeReL is part of the Population Health Research Network (PHRN).
Cancer Institute NSW: PHSREC is associated with Cancer Institute NSW, and CHeReL works with PHSREC for ethical approvals.",NSW Health: CHeReL is a NSW Government website and works closely with NSW Health for data provision and linkage,NSW Health / Ministry of Health NSW,custodian:nsw-health-ministry-of-health-nsw,1.0,override_force_accept,accepted
review:custodian:centre-for-health-record-linkage:2:act-health-cherel-provides-data-linkage-,custodian:centre-for-health-record-linkage,Centre for Health Record Linkage,"NSW Health: CHeReL is a NSW Government website and works closely with NSW Health for data provision and linkage.
ACT Health: CHeReL provides data linkage services for ACT health data.
PHRN: CHeReL is part of the Population Health Research Network (PHRN).
Cancer Institute NSW: PHSREC is associated with Cancer Institute NSW, and CHeReL works with PHSREC for ethical approvals.",ACT Health: CHeReL provides data linkage services for ACT health data,ACT Health,custodian:act-health,1.02,name_leading,accepted
review:custodian:centre-for-health-record-linkage:3:phrn-cherel-is-part-of-the-population-he,custodian:centre-for-health-record-linkage,Centre for Health Record Linkage,"NSW Health: CHeReL is a NSW Government website and works closely with NSW Health for data provision and linkage.
ACT Health: CHeReL provides data linkage services for ACT health data.
PHRN: CHeReL is part of the Population Health Research Network (PHRN).
Cancer Institute NSW: PHSREC is associated with Cancer Institute NSW, and CHeReL works with PHSREC for ethical approvals.",PHRN: CHeReL is part of the Population Health Research Network (PHRN),Population Health Research Network,custodian:population-health-research-network,1.01,alias_leading,accepted
review:custodian:centre-for-health-record-linkage:4:cancer-institute-nsw-phsrec-is-associate,custodian:centre-for-health-record-linkage,Centre for Health Record Linkage,"NSW Health: CHeReL is a NSW Government website and works closely with NSW Health for data provision and linkage.
ACT Health: CHeReL provides data linkage services for ACT health data.
PHRN: CHeReL is part of the Population Health Research Network (PHRN).
Cancer Institute NSW: PHSREC is associated with Cancer Institute NSW, and CHeReL works with PHSREC for ethical approvals.","Cancer Institute NSW: PHSREC is associated with Cancer Institute NSW, and CHeReL works with PHSREC for ethical approvals",Cancer Institute NSW,custodian:cancer-institute-nsw,1.02,name_leading,accepted
review:custodian:sa-health-sa-nt-datalink:1:services-australia-for-mbs-pbs-and-centr,custodian:sa-health-sa-nt-datalink,SA Health / SA NT DataLink,"Services Australia (for MBS, PBS, and Centrelink data used in linked projects); Population Health Research Network (PHRN) (national linkage network membership)","Services Australia (for MBS, PBS, and Centrelink data used in linked projects)",Services Australia,custodian:services-australia,1.02,name_leading,accepted
review:custodian:sa-health-sa-nt-datalink:2:population-health-research-network-phrn-,custodian:sa-health-sa-nt-datalink,SA Health / SA NT DataLink,"Services Australia (for MBS, PBS, and Centrelink data used in linked projects); Population Health Research Network (PHRN) (national linkage network membership)",Population Health Research Network (PHRN) (national linkage network membership),Population Health Research Network,custodian:population-health-research-network,1.02,name_leading,accepted
review:custodian:secure-unified-research-environment:1:phrn-sure-is-supported-by-the-population,custodian:secure-unified-research-environment,Secure Unified Research Environment,"PHRN: SURE is supported by the Population Health Research Network.
AIHW: AIHW data is accessed via SURE.
Cancer Institute NSW: Cancer Institute NSW data is accessed via SURE.
Department of Health and Aged Care: Australian Government National Collaborative Research Infrastructure Strategy (NCRIS) is an initiative of the Australian Government.
NSW Health: NSW Government supports SURE.",PHRN: SURE is supported by the Population Health Research Network,Population Health Research Network,custodian:population-health-research-network,1.01,alias_leading,accepted
review:custodian:secure-unified-research-environment:2:1:aihw-aihw-data-is-accessed-via:override,custodian:secure-unified-research-environment,Secure Unified Research Environment,"PHRN: SURE is supported by the Population Health Research Network.
AIHW: AIHW data is accessed via SURE.
Cancer Institute NSW: Cancer Institute NSW data is accessed via SURE.
Department of Health and Aged Care: Australian Government National Collaborative Research Infrastructure Strategy (NCRIS) is an initiative of the Australian Government.
NSW Health: NSW Government supports SURE.",AIHW: AIHW data is accessed via SURE,Australian Institute of Health and Welfare,custodian:australian-institute-of-health-and-welfare,1.0,override_force_accept,accepted
review:custodian:secure-unified-research-environment:3:1:cancer-institute-nsw-cancer-in:override,custodian:secure-unified-research-environment,Secure Unified Research Environment,"PHRN: SURE is supported by the Population Health Research Network.
AIHW: AIHW data is accessed via SURE.
Cancer Institute NSW: Cancer Institute NSW data is accessed via SURE.
Department of Health and Aged Care: Australian Government National Collaborative Research Infrastructure Strategy (NCRIS) is an initiative of the Australian Government.
NSW Health: NSW Government supports SURE.",Cancer Institute NSW: Cancer Institute NSW data is accessed via SURE,Cancer Institute NSW,custodian:cancer-institute-nsw,1.0,override_force_accept,accepted
review:custodian:secure-unified-research-environment:4:department-of-health-and-aged-care-austr,custodian:secure-unified-research-environment,Secure Unified Research Environment,"PHRN: SURE is supported by the Population Health Research Network.
AIHW: AIHW data is accessed via SURE.
Cancer Institute NSW: Cancer Institute NSW data is accessed via SURE.
Department of Health and Aged Care: Australian Government National Collaborative Research Infrastructure Strategy (NCRIS) is an initiative of the Australian Government.
NSW Health: NSW Government supports SURE.",Department of Health and Aged Care: Australian Government National Collaborative Research Infrastructure Strategy (NCRIS) is an initiative of the Australian Government,Australian Government Department of Health and Aged Care,custodian:australian-government-department-of-health-and-aged-care,1.01,alias_leading,accepted
review:custodian:secure-unified-research-environment:5:1:nsw-health-nsw-government-supp:override,custodian:secure-unified-research-environment,Secure Unified Research Environment,"PHRN: SURE is supported by the Population Health Research Network.
AIHW: AIHW data is accessed via SURE.
Cancer Institute NSW: Cancer Institute NSW data is accessed via SURE.
Department of Health and Aged Care: Australian Government National Collaborative Research Infrastructure Strategy (NCRIS) is an initiative of the Australian Government.
NSW Health: NSW Government supports SURE.",NSW Health: NSW Government supports SURE,NSW Health / Ministry of Health NSW,custodian:nsw-health-ministry-of-health-nsw,1.0,override_force_accept,accepted
