node_element_id,description,id,identifiable,linkable,name
4:699adb08-f1e5-4be8-b17b-792b62a6747d:1105,Data from the 45 and Up Study,dataset:45-and-up-study-data,De-identified,Yes via project linkage,45 and Up Study data
4:699adb08-f1e5-4be8-b17b-792b62a6747d:858,A series of reports by the Australian Institute of Health and Welfare (AIHW) that monitor the health and wellbeing of Indigenous Australians. AIATSIS contributes to the evidence base and ethical considerations for this reporting.,dataset:aboriginal-and-torres-strait-islander-health-performance-framework-hpf-reports,De-identified,"Yes, via AIHW",Aboriginal and Torres Strait Islander Health Performance Framework (HPF) reports
4:699adb08-f1e5-4be8-b17b-792b62a6747d:949,"Detailed microdata from various ABS surveys covering topics like health, education, labour force, crime, and disabilities.",dataset:abs-survey-results,De-identified,No,ABS Survey Results
4:699adb08-f1e5-4be8-b17b-792b62a6747d:1093,"Records all inpatient separations (discharges, transfers and deaths) from all public hospitals in ACT.",dataset:act-admitted-patient-care-apc,De-identified,Yes via CHeReL MLK,ACT Admitted Patient Care (APC)
4:699adb08-f1e5-4be8-b17b-792b62a6747d:1022,Contains information on patients admitted to ACT hospitals,dataset:act-admitted-patient-collection,Identifiable,Yes via CHeReL,ACT Admitted Patient Collection
4:699adb08-f1e5-4be8-b17b-792b62a6747d:1073,Records of ambulance service attendances in the ACT,dataset:act-ambulance-service-data,Identifiable,Yes via CHeReL,ACT Ambulance Service data
4:699adb08-f1e5-4be8-b17b-792b62a6747d:1072,Data on dialysis and transplant patients in the ACT,dataset:act-australia-and-new-zealand-dialysis-and-transplant-registry,Identifiable,Yes via CHeReL,ACT Australia and New Zealand Dialysis and Transplant Registry
4:699adb08-f1e5-4be8-b17b-792b62a6747d:1068,Official records of births in the ACT,dataset:act-births-deaths-and-marriages-birth-registrations,Identifiable,Yes via CHeReL,"ACT Births, Deaths and Marriages birth registrations"
4:699adb08-f1e5-4be8-b17b-792b62a6747d:1069,Official records of deaths in the ACT,dataset:act-births-deaths-and-marriages-death-registrations,Identifiable,Yes via CHeReL,"ACT Births, Deaths and Marriages death registrations"
4:699adb08-f1e5-4be8-b17b-792b62a6747d:1023,Records cancer diagnoses and related data in the ACT,dataset:act-cancer-registry,Identifiable,Yes via CHeReL,ACT Cancer Registry
4:699adb08-f1e5-4be8-b17b-792b62a6747d:1065,Data on presentations to emergency departments in the ACT,dataset:act-emergency-department-information-system,Identifiable,Yes via CHeReL,ACT Emergency Department Information System
4:699adb08-f1e5-4be8-b17b-792b62a6747d:1071,Health check data for kindergarten children in the ACT,dataset:act-kindergarten-health-check,Identifiable,Yes via CHeReL,ACT Kindergarten Health Check
4:699adb08-f1e5-4be8-b17b-792b62a6747d:1066,Information related to maternal and perinatal health outcomes in the ACT,dataset:act-maternal-perinatal-data-collection,Identifiable,Yes via CHeReL,ACT Maternal Perinatal Data Collection
4:699adb08-f1e5-4be8-b17b-792b62a6747d:1067,Data on infectious diseases reported in the ACT,dataset:act-notifiable-diseases-management-system,Identifiable,Yes via CHeReL,ACT Notifiable Diseases Management System
4:699adb08-f1e5-4be8-b17b-792b62a6747d:898,"Information collected as part of service delivery, generally required or authorised by law",dataset:administrative-data,De-identified,Yes,Administrative data
4:699adb08-f1e5-4be8-b17b-792b62a6747d:934,Data on admitted patient care in Australian hospitals.,dataset:admitted-patient-care-apc-national-minimum-data-set-nmds,De-identified,Linkable,Admitted Patient Care (APC) National Minimum Data Set (NMDS)
4:699adb08-f1e5-4be8-b17b-792b62a6747d:1006,Contains Tasmanian emergency ambulance care incidents extracted from the Victorian Ambulance Clinical Information System (VACIS).,dataset:ambulance-tasmania-emergency-incidents,De-identified,Yes via PPID,Ambulance Tasmania Emergency Incidents*
4:699adb08-f1e5-4be8-b17b-792b62a6747d:943,Industry aggregate summaries and data on operations of private health insurers,dataset:annual-private-health-insurance-statistics,De-identified,No,Annual private health insurance statistics
4:699adb08-f1e5-4be8-b17b-792b62a6747d:837,Monitors the safety and quality of care relating to pelvic floor procedures.,dataset:australasian-pelvic-floor-procedure-registry-apfpr,De-identified,Yes via patient ID,Australasian Pelvic Floor Procedure Registry (APFPR)
4:699adb08-f1e5-4be8-b17b-792b62a6747d:1008,"Data is contributed from all adult and paediatric Renal Units in Australia and New Zealand. This encompasses all patients receiving renal replacement therapy (RRT), either dialysis or kidney transplantation, for the treatment of end stage kidney disease (ESKD).",dataset:australia-new-zealand-dialysis-and-transplant-registry-anzdata,De-identified,Yes via PPID,Australia New Zealand Dialysis and Transplant Registry (ANZDATA)*
4:699adb08-f1e5-4be8-b17b-792b62a6747d:838,Monitors the safety and performance of breast implants.,dataset:australian-breast-device-registry,De-identified,Yes via patient ID,Australian Breast Device Registry
4:699adb08-f1e5-4be8-b17b-792b62a6747d:861,"Contains data about all new cases of cancer diagnosed in Australia since 1 January 1982, excluding basal and squamous cell carcinomas of the skin.",dataset:australian-cancer-database,Yes,Yes,Australian Cancer Database
4:699adb08-f1e5-4be8-b17b-792b62a6747d:948,"A longitudinal dataset using data from successive Censuses, providing a 5% sample panel of people.",dataset:australian-census-longitudinal-dataset-acld,De-identified,Yes via Census linkage,Australian Census Longitudinal Dataset (ACLD)
4:699adb08-f1e5-4be8-b17b-792b62a6747d:1070,Data on early childhood development in the ACT,dataset:australian-early-development-census,De-identified,Yes via CHeReL,Australian Early Development Census
4:699adb08-f1e5-4be8-b17b-792b62a6747d:1002,A full population census of children’s health and development in their first year of formal full-time schooling.,dataset:australian-early-development-census-aedc,De-identified,Yes via PPID,Australian Early Development Census (AEDC)
4:699adb08-f1e5-4be8-b17b-792b62a6747d:881,Data related to immunisations.,dataset:australian-immunisation-register-air,Identifiable,No,Australian Immunisation Register (AIR)
4:699adb08-f1e5-4be8-b17b-792b62a6747d:879,Data related to organ donation.,dataset:australian-organ-donor-register-aodr,Identifiable,No,Australian Organ Donor Register (AODR)
4:699adb08-f1e5-4be8-b17b-792b62a6747d:888,"Public database of therapeutic goods legally supplied in Australia, including medicines and medical devices.",dataset:australian-register-of-therapeutic-goods-artg,De-identified,No,Australian Register of Therapeutic Goods (ARTG)
4:699adb08-f1e5-4be8-b17b-792b62a6747d:989,Potentially Identifiable,dataset:births-deaths-and-marriages-data-by-proxy-for-qh-and-research-requests,Yes via project-specific patient identifiers Queensland Trauma Registry (QTR),No (aggregate only),"Births, deaths, and marriages data (by proxy for QH and research requests)"
4:699adb08-f1e5-4be8-b17b-792b62a6747d:953,Data related to breast cancer screening.,dataset:breastscreen-nsw,Identifiable (potentially re-identifiable) or De-identified,Yes via CHeReL or AIHW,BreastScreen NSW
4:699adb08-f1e5-4be8-b17b-792b62a6747d:1104,Data from various cancer registries,dataset:cancer-registries-data,De-identified,Yes via project linkage,Cancer Registries data
4:699adb08-f1e5-4be8-b17b-792b62a6747d:999,"A compilation of death records from State and Territory Registries of Births, Deaths and Marriages and from State and Chief Coroners.",dataset:cause-of-death-tasmania,De-identified,Yes via PPID,Cause of Death (Tasmania)
4:699adb08-f1e5-4be8-b17b-792b62a6747d:931,"Provides statistics on the number of deaths, by sex, selected causes of death, and state or territory of usual residence.",dataset:causes-of-death-australia,De-identified,Yes via DataLab,"Causes of Death, Australia"
4:699adb08-f1e5-4be8-b17b-792b62a6747d:877,Data related to Centrelink payments and services.,dataset:centrelink-payment-statistics,De-identified,Linkable(Yes via consent studies),Centrelink payment statistics
4:699adb08-f1e5-4be8-b17b-792b62a6747d:878,Historical data about Child Support transactions.,dataset:child-support-statistics,De-identified,No,Child Support statistics
4:699adb08-f1e5-4be8-b17b-792b62a6747d:978,"Data related to chronic diseases such as diabetes, rheumatoid arthritis, osteoarthritis, and cancer, analyzed using federated learning.",dataset:chronic-disease-data-nina-project,De-identified,No (federated learning keeps data in-situ),Chronic Disease Data (NINA Project)
4:699adb08-f1e5-4be8-b17b-792b62a6747d:899,Detailed patient records collected and used by health professionals during patient care,dataset:clinical-data,De-identified,Yes,Clinical data
4:699adb08-f1e5-4be8-b17b-792b62a6747d:900,"Systematically collected health-related information on individuals with specific devices, illnesses, or healthcare resources",dataset:clinical-registry-data,De-identified,Yes,Clinical registry data
4:699adb08-f1e5-4be8-b17b-792b62a6747d:911,Descriptions of clinical trials data from various Australian health research organizations.,dataset:clinical-trial-data,De-identified,Yes via trial ID,Clinical Trial Data
4:699adb08-f1e5-4be8-b17b-792b62a6747d:977,"Health research data generated by the Queensland research community, initially clinical trials, expanding to cohort and other studies.",dataset:clinical-trial-data-hesanda-queensland-node,De-identified,Yes via Health Data Australia,Clinical Trial Data (HeSANDA Queensland Node)
4:699adb08-f1e5-4be8-b17b-792b62a6747d:926,Data from primary healthcare services commissioned by PHNs.,dataset:commissioned-services-data,De-identified,Yes via Primary Health Insights,Commissioned Services Data
4:699adb08-f1e5-4be8-b17b-792b62a6747d:904,A linked data asset supported by PHRN,dataset:covid-19-register,De-identified,Yes,COVID-19 Register
4:699adb08-f1e5-4be8-b17b-792b62a6747d:889,"Contains information from suspected adverse events reported for medicines, medical devices, and biologicals.",dataset:database-of-adverse-event-notifications-daen,De-identified,No,Database of Adverse Event Notifications (DAEN)
4:699adb08-f1e5-4be8-b17b-792b62a6747d:869,Data Over Multiple Individual Occurrences covering income support and welfare payments.,dataset:domino,Yes,Yes (via AIHW Data Integration Services),DOMINO
4:699adb08-f1e5-4be8-b17b-792b62a6747d:866,"Integrated DataMart of DSS administrative analytical datasets, providing a detailed and longitudinal view of individuals' interactions with the welfare system. Does not contain identifiable information such as names and addresses.",dataset:domino-external-analytical-version,De-identified,Yes via PLIDA;NDIS Data,DOMINO (External Analytical Version)
4:699adb08-f1e5-4be8-b17b-792b62a6747d:870,Administrative data on Commonwealth welfare payments and program participation.,dataset:dss-payment-and-programme-data,Yes,Yes,DSS Payment and Programme Data
4:699adb08-f1e5-4be8-b17b-792b62a6747d:968,A patient-level collection of elective surgery waiting list data from approved Victorian public healthcare services.,dataset:elective-surgery-information-system-esis,De-identified,Yes via Linkage ID,Elective Surgery Information System (ESIS)
4:699adb08-f1e5-4be8-b17b-792b62a6747d:843,"Digital versions of paper prescriptions, providing a secure and convenient alternative for prescribing and dispensing medicines.",dataset:electronic-prescriptions,Yes,Yes,Electronic Prescriptions
4:699adb08-f1e5-4be8-b17b-792b62a6747d:984,Emergency department data,dataset:emergency-data-collection-edc,Potentially Identifiable,Yes via project-specific patient identifiers,Emergency Data Collection (EDC)
4:699adb08-f1e5-4be8-b17b-792b62a6747d:957,Information collected on a person's visit to a NSW public emergency department,dataset:emergency-department-data,De-identified,Yes via CHeReL,Emergency department data
4:699adb08-f1e5-4be8-b17b-792b62a6747d:990,Contains data on emergency department presentations,dataset:emergency-department-data-collection,De-identified,Yes via linkage keys,Emergency Department Data Collection
4:699adb08-f1e5-4be8-b17b-792b62a6747d:925,"De-identified data from general practices, including patient demographics, diagnoses, and treatments.",dataset:general-practice-data,De-identified,Yes via Primary Health Insights,General Practice Data
4:699adb08-f1e5-4be8-b17b-792b62a6747d:894,"Aggregated data and insights from participating MedicineInsight practices, covering various health issues like cardiovascular disease, diabetes, COVID-19, and bushfires.",dataset:general-practice-insights-reports,De-identified,No,General Practice Insights Reports
4:699adb08-f1e5-4be8-b17b-792b62a6747d:979,"Sensitive research data from various domains, managed and shared with approved end-users in a secure environment.",dataset:general-research-data-keypoint-tre,De-identified,"Yes (within the TRE, subject to custodian approval)",General Research Data (KeyPoint TRE)
4:699adb08-f1e5-4be8-b17b-792b62a6747d:912,"Health Studies Australian National Data Asset datasets, including clinical trials and other health and medical data.",dataset:hesanda-datasets,De-identified,Yes via HeSANDA framework,HeSANDA Datasets
4:699adb08-f1e5-4be8-b17b-792b62a6747d:848,"Clinical, demographic, and financial information for privately insured admitted patients.",dataset:hospital-casemix-protocol-hcp-data,De-identified,Yes via patient ID,Hospital Casemix Protocol (HCP) data
4:699adb08-f1e5-4be8-b17b-792b62a6747d:958,"Information collected on a person's stay in hospital (including patient services provided by NSW public hospitals, public psychiatric hospitals, multi-purpose services, private hospitals, and private day procedure centres)",dataset:hospital-data,De-identified,Yes via CHeReL,Hospital data
4:699adb08-f1e5-4be8-b17b-792b62a6747d:991,Contains data on admitted patient activity,dataset:hospital-morbidity-data-collection,De-identified,Yes via linkage keys,Hospital Morbidity Data Collection
4:699adb08-f1e5-4be8-b17b-792b62a6747d:1102,Linked health data from various hospitals,dataset:hospitals-data,De-identified,Yes via project linkage,Hospitals data
4:699adb08-f1e5-4be8-b17b-792b62a6747d:1087,Collection of all attendances at inpatient departments at NT public hospitals based on date of discharge,dataset:inpatient-care-data,De-identified,Yes,Inpatient care data
4:699adb08-f1e5-4be8-b17b-792b62a6747d:938,Data on admitted patient care in Australian hospitals.,dataset:linkable-admitted-patient-care-apc-national-minimum-data-set-nmds,De-identified,Yes,Linkable Admitted Patient Care (APC) National Minimum Data Set (NMDS)
4:699adb08-f1e5-4be8-b17b-792b62a6747d:939,Data on services provided by medical practitioners.,dataset:linkable-medicare-benefits-schedule-mbs,De-identified,Yes,Linkable Medicare Benefits Schedule (MBS)
4:699adb08-f1e5-4be8-b17b-792b62a6747d:941,Data related to bowel cancer screening outcomes.,dataset:linkable-national-bowel-cancer-screening-program,De-identified,Linkable,Linkable National Bowel Cancer Screening Program
4:699adb08-f1e5-4be8-b17b-792b62a6747d:940,Data on subsidised medicines.,dataset:linkable-pharmaceutical-benefits-scheme-pbs,De-identified,Yes,Linkable Pharmaceutical Benefits Scheme (PBS)
4:699adb08-f1e5-4be8-b17b-792b62a6747d:884,Historical data about Child Support transactions.,dataset:linkable-yes-via-consent-studies-child-support-statistics,De-identified,No (aggregate only),Linkable(Yes via consent studies) Child Support statistics
4:699adb08-f1e5-4be8-b17b-792b62a6747d:883,Data related to Centrelink payments and services.,dataset:linkable-yes-via-identification-number-or-consent-studies-centrelink-payment-statistics,De-identified,No (aggregate only),Linkable(Yes via identification number or consent studies) Centrelink payment statistics
4:699adb08-f1e5-4be8-b17b-792b62a6747d:882,Information on prescription medicines that qualify for a benefit under the National Health Act.,dataset:linkable-yes-via-identification-number-or-consent-studies-pharmaceutical-benefits-scheme-pbs-data,De-identified/Identifiable,No (aggregate only),Linkable(Yes via identification number or consent studies) Pharmaceutical Benefits Scheme (PBS) data
4:699adb08-f1e5-4be8-b17b-792b62a6747d:935,Data on services provided by medical practitioners.,dataset:medicare-benefits-schedule-mbs,De-identified,Linkable,Medicare Benefits Schedule (MBS)
4:699adb08-f1e5-4be8-b17b-792b62a6747d:875,Information on services that qualify for a benefit under the Health Insurance Act 1973.,dataset:medicare-benefits-schedule-mbs-data,De-identified/Identifiable,Linkable(Yes via identification number or consent studies),Medicare Benefits Schedule (MBS) data
4:699adb08-f1e5-4be8-b17b-792b62a6747d:1103,"Medicare claims data, including Department of Veteran Affairs (DVA) Medicare",dataset:medicare-benefits-scheme-mbs-data,De-identified,Yes via project linkage,Medicare Benefits Scheme (MBS) data
4:699adb08-f1e5-4be8-b17b-792b62a6747d:850,Statistics on use of the Medicare Benefits Schedule (MBS) and Pharmaceutical Benefits Scheme (PBS).,dataset:medicare-data-mbs-and-pbs-statistics,De-identified,No,Medicare data (MBS and PBS statistics)
4:699adb08-f1e5-4be8-b17b-792b62a6747d:890,"Information on current medicine shortage alerts and reports, including projected stock unavailability.",dataset:medicine-shortage-reports-database,De-identified,No,Medicine Shortage Reports Database
4:699adb08-f1e5-4be8-b17b-792b62a6747d:893,"Longitudinal de-identified electronic health records (EHRs) from Australian general practices, including prescribing and clinical data.",dataset:medicineinsight-data,De-identified,Yes via patient ID (within the de-identified dataset),MedicineInsight data
4:699adb08-f1e5-4be8-b17b-792b62a6747d:895,Provides essential data and practical insights to help GPs improve the management of COPD.,dataset:medicineinsight-gp-snapshot-on-chronic-obstructive-pulmonary-disease-copd-pharmacological-management,De-identified,No,MedicineInsight GP Snapshot on Chronic Obstructive Pulmonary Disease (COPD) Pharmacological Management
4:699adb08-f1e5-4be8-b17b-792b62a6747d:842,"A secure online summary of an individual's health information, including immunisations, medications, hospital discharge summaries, pathology and diagnostic imaging reports.",dataset:my-health-record,Yes,Yes,My Health Record
4:699adb08-f1e5-4be8-b17b-792b62a6747d:930,"Provides a range of information about Aboriginal and Torres Strait Islander people including health outcomes, health risk factors, and social and emotional wellbeing.",dataset:national-aboriginal-and-torres-strait-islander-health-survey,De-identified,Yes via DataLab,National Aboriginal and Torres Strait Islander Health Survey
4:699adb08-f1e5-4be8-b17b-792b62a6747d:857,A comprehensive survey conducted by the Australian Bureau of Statistics (ABS) covering a wide range of health topics. AIATSIS provides ethical guidance and resources for researchers using this data.,dataset:national-aboriginal-and-torres-strait-islander-health-survey-natsihs,De-identified,"Yes, via ABS DataLab",National Aboriginal and Torres Strait Islander Health Survey (NATSIHS)
4:699adb08-f1e5-4be8-b17b-792b62a6747d:937,Data related to bowel cancer screening outcomes.,dataset:national-bowel-cancer-screening-program,De-identified,Linkable,National Bowel Cancer Screening Program
4:699adb08-f1e5-4be8-b17b-792b62a6747d:839,Collects data on cardiac procedures and outcomes to improve quality of care.,dataset:national-cardiac-registry,De-identified,Yes via patient ID,National Cardiac Registry
4:699adb08-f1e5-4be8-b17b-792b62a6747d:844,"Provides national clinical terminologies and vocabularies (e.g., SNOMED CT-AU, AMT) to support consistent and accurate health information recording and exchange.",dataset:national-clinical-terminology-service-ncts,No,Yes,National Clinical Terminology Service (NCTS)
4:699adb08-f1e5-4be8-b17b-792b62a6747d:862,"A listing of all deaths that have occurred in Australia since 1980, used for epidemiologists and clinicians in following up research cohorts using record linkage.",dataset:national-death-index,Yes,Yes via record linkage,National Death Index
4:699adb08-f1e5-4be8-b17b-792b62a6747d:903,A linked data asset supported by PHRN,dataset:national-disability-data-asset-ndda,De-identified,Yes,National Disability Data Asset (NDDA)
4:699adb08-f1e5-4be8-b17b-792b62a6747d:902,A linked data asset supported by PHRN,dataset:national-health-data-hub,De-identified,Yes,National Health Data Hub
4:699adb08-f1e5-4be8-b17b-792b62a6747d:929,"A collection of information about the health of Australians, including long-term health conditions, health risk factors, and health system use.",dataset:national-health-survey,De-identified,Yes via DataLab,National Health Survey
4:699adb08-f1e5-4be8-b17b-792b62a6747d:863,"Includes major national hospital databases such as the National Hospital Morbidity Database (NHMD), National Public Hospital Establishments Database (NPHED), and National Non-Admitted Patient Emergency Department Care Database (NNAPEDCD).",dataset:national-hospitals-data-collection,Yes,Yes via record linkage,National Hospitals data collection
4:699adb08-f1e5-4be8-b17b-792b62a6747d:851,"Brings together state, territory and national administrative datasets including MBS, PBS, residential aged care, and National Death Index.",dataset:national-integrated-health-services-information-nihsi,De-identified,Yes via unit record linkage,National Integrated Health Services Information (NIHSI)
4:699adb08-f1e5-4be8-b17b-792b62a6747d:849,Coordinates data on more than 70 diseases that present a risk to public health in Australia.,dataset:national-notifiable-diseases-surveillance-system-nndss,De-identified,No,National Notifiable Diseases Surveillance System (NNDSS)
4:699adb08-f1e5-4be8-b17b-792b62a6747d:871,Participant-level NDIS administrative data managed with NDIA involvement.,dataset:ndis-participant-data,Yes,Yes,NDIS participant data
4:699adb08-f1e5-4be8-b17b-792b62a6747d:916,Annual expenditure data by NHMRC across various health priority areas.,dataset:nhmrc-expenditure-by-former-national-health-priority-areas,De-identified,No,NHMRC Expenditure by Former National Health Priority Areas
4:699adb08-f1e5-4be8-b17b-792b62a6747d:917,"Annual expenditure data by NHMRC across various disease, research, and health topics.",dataset:nhmrc-expenditure-for-disease-research-and-health-areas,De-identified,No,"NHMRC Expenditure for Disease, Research and Health Areas"
4:699adb08-f1e5-4be8-b17b-792b62a6747d:915,"Statistics on grants awarded by NHMRC, including research area, funding amount, and recipient institution.",dataset:nhmrc-funding-outcomes-data,De-identified,No,NHMRC Funding Outcomes Data
4:699adb08-f1e5-4be8-b17b-792b62a6747d:945,Industry aggregate summaries and data on operations of private health insurers,dataset:no-annual-private-health-insurance-statistics,De-identified,No (aggregate only),No Annual private health insurance statistics
4:699adb08-f1e5-4be8-b17b-792b62a6747d:887,Data related to immunisations.,dataset:no-australian-immunisation-register-air,Identifiable,No,No Australian Immunisation Register (AIR)
4:699adb08-f1e5-4be8-b17b-792b62a6747d:885,Data related to organ donation.,dataset:no-australian-organ-donor-register-aodr,Identifiable,No (aggregate only),No Australian Organ Donor Register (AODR)
4:699adb08-f1e5-4be8-b17b-792b62a6747d:891,"Contains information from suspected adverse events reported for medicines, medical devices, and biologicals.",dataset:no-database-of-adverse-event-notifications-daen,De-identified,Yes,No Database of Adverse Event Notifications (DAEN)
4:699adb08-f1e5-4be8-b17b-792b62a6747d:981,"Sensitive research data from various domains, managed and shared with approved end-users in a secure environment.",dataset:no-federated-learning-keeps-data-in-situ-general-research-data-keypoint-tre,De-identified,"Yes (within the TRE, subject to custodian approval)",No (federated learning keeps data in-situ) General Research Data (KeyPoint TRE)
4:699adb08-f1e5-4be8-b17b-792b62a6747d:854,Statistics on use of the Medicare Benefits Schedule (MBS) and Pharmaceutical Benefits Scheme (PBS).,dataset:no-medicare-data-mbs-and-pbs-statistics,De-identified,No (aggregate only),No Medicare data (MBS and PBS statistics)
4:699adb08-f1e5-4be8-b17b-792b62a6747d:892,"Information on current medicine shortage alerts and reports, including projected stock unavailability.",dataset:no-medicine-shortage-reports-database,De-identified,No,No Medicine Shortage Reports Database
4:699adb08-f1e5-4be8-b17b-792b62a6747d:897,Provides essential data and practical insights to help GPs improve the management of COPD.,dataset:no-medicineinsight-gp-snapshot-on-chronic-obstructive-pulmonary-disease-copd-pharmacological-management,De-identified,No,No MedicineInsight GP Snapshot on Chronic Obstructive Pulmonary Disease (COPD) Pharmacological Management
4:699adb08-f1e5-4be8-b17b-792b62a6747d:855,"Brings together state, territory and national administrative datasets including MBS, PBS, residential aged care, and National Death Index.",dataset:no-national-integrated-health-services-information-nihsi,De-identified,Yes via unit record linkage,No National Integrated Health Services Information (NIHSI)
4:699adb08-f1e5-4be8-b17b-792b62a6747d:918,Annual expenditure data by NHMRC across various health priority areas.,dataset:no-nhmrc-expenditure-by-former-national-health-priority-areas,De-identified,Yes,No NHMRC Expenditure by Former National Health Priority Areas
4:699adb08-f1e5-4be8-b17b-792b62a6747d:919,"Annual expenditure data by NHMRC across various disease, research, and health topics.",dataset:no-nhmrc-expenditure-for-disease-research-and-health-areas,De-identified,No,"No NHMRC Expenditure for Disease, Research and Health Areas"
4:699adb08-f1e5-4be8-b17b-792b62a6747d:886,Data related to incentives for general practices.,dataset:no-practice-incentives-program-pip,De-identified,No (aggregate only),No Practice Incentives Program (PIP)
4:699adb08-f1e5-4be8-b17b-792b62a6747d:946,"Snapshot of insured persons by age, gender, and state",dataset:no-private-health-insurance-annual-coverage-survey,De-identified,No,No Private Health Insurance Annual Coverage Survey
4:699adb08-f1e5-4be8-b17b-792b62a6747d:976,Interactive online tool providing access to aggregated cancer statistics,dataset:no-vcr-data-explorer,De-identified,No,No VCR Data Explorer
4:699adb08-f1e5-4be8-b17b-792b62a6747d:988,Potentially Identifiable,dataset:non-admitted-patient-data,Yes via project-specific patient identifiers Emergency Data Collection (EDC),No (aggregate only),Non-admitted patient data
4:699adb08-f1e5-4be8-b17b-792b62a6747d:1084,Database of all reported instances of cancer,dataset:northern-territory-cancer-registry,De-identified,Yes,Northern Territory Cancer Registry
4:699adb08-f1e5-4be8-b17b-792b62a6747d:1092,Records all admitted patient services provided by NSW Public Hospitals.,dataset:nsw-admitted-patient-data-collection-apdc,De-identified,Yes via CHeReL MLK,NSW Admitted Patient Data Collection (APDC)
4:699adb08-f1e5-4be8-b17b-792b62a6747d:952,"Maintains records of people with cancer in NSW, including demographic, incidence, death details, and clinical data on cancer stage, treatment, and quality of care.",dataset:nsw-cancer-registry-nswcr,Identifiable (potentially re-identifiable) or De-identified,Yes via CHeReL or AIHW,NSW Cancer Registry (NSWCR)
4:699adb08-f1e5-4be8-b17b-792b62a6747d:954,Clinical data relating to episodes of care for people treated for cancer in NSW for the specified period.,dataset:nsw-clinical-cancer-registry-2008-2012,Identifiable (potentially re-identifiable) or De-identified,Yes via CHeReL or AIHW,NSW Clinical Cancer Registry (2008–2012)
4:699adb08-f1e5-4be8-b17b-792b62a6747d:1097,Master index for clients in Northern Territory,dataset:nt-client-master-index,De-identified,Yes via SA NT DataLink,NT Client Master Index
4:699adb08-f1e5-4be8-b17b-792b62a6747d:1086,Databases containing information about reported instances of 90 notifiable conditions,dataset:nt-notifiable-diseases-register,De-identified,Yes,NT notifiable diseases register
4:699adb08-f1e5-4be8-b17b-792b62a6747d:920,Collects data from organisations funded by the Australian Government to deliver primary health care services to Aboriginal and Torres Strait Islander Australians.,dataset:online-services-report-osr,De-identified,Yes via AIHW;National Key Performance Indicators (nKPIs),Online Services Report (OSR)
4:699adb08-f1e5-4be8-b17b-792b62a6747d:959,Information collected around the time of birth and includes information on NSW mothers and babies,dataset:perinatal-data,De-identified,Yes via CHeReL,Perinatal data
4:699adb08-f1e5-4be8-b17b-792b62a6747d:985,Perinatal data,dataset:perinatal-data-collection-pdc,Potentially Identifiable,Yes via project-specific patient identifiers,Perinatal Data Collection (PDC)
4:699adb08-f1e5-4be8-b17b-792b62a6747d:1085,Collection of information on all births in hospital or home settings in the NT,dataset:perinatal-registry,De-identified,Yes,Perinatal registry
4:699adb08-f1e5-4be8-b17b-792b62a6747d:947,"Combines information on health, education, government payments, income and taxation, employment, and population demographics.",dataset:person-level-integrated-data-asset-plida,De-identified,Yes via Person Linkage Spine,Person Level Integrated Data Asset (PLIDA)
4:699adb08-f1e5-4be8-b17b-792b62a6747d:936,Data on subsidised medicines.,dataset:pharmaceutical-benefits-scheme-pbs,De-identified,Linkable,Pharmaceutical Benefits Scheme (PBS)
4:699adb08-f1e5-4be8-b17b-792b62a6747d:876,Information on prescription medicines that qualify for a benefit under the National Health Act.,dataset:pharmaceutical-benefits-scheme-pbs-data,De-identified/Identifiable,Linkable(Yes via identification number or consent studies),Pharmaceutical Benefits Scheme (PBS) data
4:699adb08-f1e5-4be8-b17b-792b62a6747d:880,Data related to incentives for general practices.,dataset:practice-incentives-program-pip,De-identified,No,Practice Incentives Program (PIP)
4:699adb08-f1e5-4be8-b17b-792b62a6747d:924,De-identified aggregate data from general practices on specified quality improvement measures.,dataset:practice-incentives-program-quality-improvement-pip-qi-data,De-identified,Yes via Primary Health Insights,Practice Incentives Program Quality Improvement (PIP QI) data
4:699adb08-f1e5-4be8-b17b-792b62a6747d:944,"Snapshot of insured persons by age, gender, and state",dataset:private-health-insurance-annual-coverage-survey,De-identified,No,Private Health Insurance Annual Coverage Survey
4:699adb08-f1e5-4be8-b17b-792b62a6747d:872,"De-identified information on patient demographics, hospital episodes, clinical information, and hospital charges for private hospital separations",dataset:private-hospital-data-bureau-data-collection,De-identified,Yes via sex/gender,Private Hospital Data Bureau data collection
4:699adb08-f1e5-4be8-b17b-792b62a6747d:847,"De-identified information from private hospitals including patient demographics, hospital episodes, clinical information, and hospital charges.",dataset:private-hospital-data-bureau-phdb-data,De-identified,Yes via patient ID,Private Hospital Data Bureau (PHDB) data
4:699adb08-f1e5-4be8-b17b-792b62a6747d:901,"Information collected for a particular purpose, such as a survey or specific research project",dataset:project-specific-data,De-identified,Yes,Project-specific data
4:699adb08-f1e5-4be8-b17b-792b62a6747d:1007,Collects information about treatments and outcomes for men diagnosed with prostate cancer in Tasmania since 2015.,dataset:prostate-cancer-outcomes-registry-tasmania-pcor-tas,De-identified,Yes via PPID,Prostate Cancer Outcomes Registry - Tasmania (PCOR-TAS)*
4:699adb08-f1e5-4be8-b17b-792b62a6747d:942,"Membership, coverage, benefits paid, medical gap, medical devices or human tissue products, and medical services",dataset:quarterly-private-health-insurance-statistics,De-identified,No,Quarterly private health insurance statistics
4:699adb08-f1e5-4be8-b17b-792b62a6747d:983,Non-admitted patient data,dataset:queensland-health-non-admitted-patient-data-collection-qhnapdc,Potentially Identifiable,Yes via project-specific patient identifiers,Queensland Health Non-Admitted Patient Data Collection (QHNAPDC)
4:699adb08-f1e5-4be8-b17b-792b62a6747d:982,Hospital admissions data,dataset:queensland-hospital-admitted-patient-data-collection-qhapdc,Potentially Identifiable,Yes via project-specific patient identifiers,Queensland Hospital Admitted Patient Data Collection (QHAPDC)
4:699adb08-f1e5-4be8-b17b-792b62a6747d:987,Trauma-related data,dataset:queensland-trauma-registry-qtr,Potentially Identifiable,Yes via project-specific patient identifiers,Queensland Trauma Registry (QTR)
4:699adb08-f1e5-4be8-b17b-792b62a6747d:1001,"Includes all children born and registered in the State of Tasmania, including stillbirths, or deaths in utero occurring after 20 weeks gestation, or with a body mass of at least 400 gm at birth.",dataset:rbdm-birth-registrations,De-identified,Yes via PPID,RBDM Birth registrations
4:699adb08-f1e5-4be8-b17b-792b62a6747d:998,Includes any person who died in Tasmania; stillbirths and foetal deaths are not recorded.,dataset:rbdm-death-registrations,De-identified,Yes via PPID,RBDM Death registrations
4:699adb08-f1e5-4be8-b17b-792b62a6747d:986,"Births, deaths, and marriages data (by proxy for QH and research requests)",dataset:registry-of-births-deaths-and-marriages-data,Potentially Identifiable,Yes via project-specific patient identifiers,"Registry of Births, Deaths and Marriages data"
4:699adb08-f1e5-4be8-b17b-792b62a6747d:913,"A national catalogue for finding, accessing, reusing, and attributing data from over 100 Australian research organizations.",dataset:research-data-australia,Varies by dataset,Varies by dataset,Research Data Australia
4:699adb08-f1e5-4be8-b17b-792b62a6747d:1099,Cancer incidence and mortality data for South Australia,dataset:sa-cancer-registry,De-identified,Yes via SA NT DataLink,SA Cancer Registry
4:699adb08-f1e5-4be8-b17b-792b62a6747d:1098,Records of hospital separations in South Australia,dataset:sa-public-hospital-separations,De-identified,Yes via SA NT DataLink,SA Public Hospital Separations
4:699adb08-f1e5-4be8-b17b-792b62a6747d:1004,Incidence rates of NMSCs in Australia are understood to be the highest in the world. Tasmania routinely receives notifications of NMSCs in the population from reporting pathology notifiers.,dataset:tasmanian-cancer-registry-non-melanoma-skin-cancer-nmsc,De-identified,Yes via PPID,Tasmanian Cancer Registry Non-Melanoma Skin Cancer (NMSC)*
4:699adb08-f1e5-4be8-b17b-792b62a6747d:1003,Provides population-based statistics about cancer incidence and mortality for Tasmanian residents.,dataset:tasmanian-cancer-registry-tcr,De-identified,Yes via PPID,Tasmanian Cancer Registry (TCR)
4:699adb08-f1e5-4be8-b17b-792b62a6747d:856,"A vast collection of print, audio, and visual materials on Aboriginal and Torres Strait Islander cultures, histories, and languages. Health-related information is embedded within broader cultural and social materials.",dataset:the-aiatsis-collection,Yes,"Yes, via specific research projects with ethics approval",The AIATSIS Collection
4:699adb08-f1e5-4be8-b17b-792b62a6747d:1094,"Collects detailed information on the incidence, prevalence, and outcomes of dialysis and transplant treatments.",dataset:the-australian-and-new-zealand-dialysis-and-transplant-registry-anzdata,De-identified,Yes via CHeReL MLK,The Australian and New Zealand Dialysis and Transplant Registry (ANZDATA)
4:699adb08-f1e5-4be8-b17b-792b62a6747d:997,Contains all patient episodes where the episode of care took place wholly within one of the four Tasmanian Emergency Departments.,dataset:the-tasmanian-emergency-department-dataset,De-identified,Yes via PPID,The Tasmanian Emergency Department Dataset
4:699adb08-f1e5-4be8-b17b-792b62a6747d:1005,Comprises all episodes of mental health treatment in the public system for consumers that occurred in various settings.,dataset:the-tasmanian-mental-health-services-collection,De-identified,Yes via PPID,The Tasmanian Mental Health Services Collection
4:699adb08-f1e5-4be8-b17b-792b62a6747d:1000,"Collects information on demographic, medical and obstetric information on the mother, and information on the labour, birth and condition of the infant relating to every birth in Tasmania.",dataset:the-tasmanian-perinatal-data-collection-tpdc,De-identified,Yes via PPID,The Tasmanian Perinatal Data Collection (TPDC)
4:699adb08-f1e5-4be8-b17b-792b62a6747d:996,"Contains all patient episodes where the episode of care took place within a licensed Tasmanian private Acute/Sub Acute, overnight or same day facility providing admitted patient care.",dataset:the-tasmanian-private-hospital-admitted-patient-care-data-collection,De-identified,Yes via PPID,The Tasmanian Private Hospital Admitted Patient Care Data Collection
4:699adb08-f1e5-4be8-b17b-792b62a6747d:995,Contains all patient episodes where the episode of care took place within or was contracted by a Tasmanian public facility.,dataset:the-tasmanian-public-hospital-admitted-patient-care-data-collection,De-identified,Yes via PPID,The Tasmanian Public Hospital Admitted Patient Care Data Collection
4:699adb08-f1e5-4be8-b17b-792b62a6747d:973,Aggregated statistical reports on cancer trends in Victoria,dataset:vcr-annual-statistics-trends-report,De-identified,No,VCR Annual Statistics & Trends Report
4:699adb08-f1e5-4be8-b17b-792b62a6747d:974,Interactive online tool providing access to aggregated cancer statistics,dataset:vcr-data-explorer,De-identified,No,VCR Data Explorer
4:699adb08-f1e5-4be8-b17b-792b62a6747d:962,"Comprehensive dataset of causes, effects, nature of illness, treatment outcomes, and hospital health services use in Victoria.",dataset:victorian-admitted-episode-database-vaed,De-identified,Yes via VLM,Victorian Admitted Episode Database (VAED)
4:699adb08-f1e5-4be8-b17b-792b62a6747d:967,Collects morbidity data on all admitted patients from Victorian public and private acute hospitals.,dataset:victorian-admitted-episode-dataset-vaed,De-identified,Yes via Linkage ID,Victorian Admitted Episode Dataset (VAED)
4:699adb08-f1e5-4be8-b17b-792b62a6747d:972,"Population-based cancer incidence, mortality, and survival data for Victoria",dataset:victorian-cancer-registry-data,Yes/De-identified,Yes via ethics approval,Victorian Cancer Registry Data
4:699adb08-f1e5-4be8-b17b-792b62a6747d:964,"Population-based cancer registry providing comprehensive, accurate, and timely information for cancer control.",dataset:victorian-cancer-registry-vcr,De-identified,Yes via VLM,Victorian Cancer Registry (VCR)
4:699adb08-f1e5-4be8-b17b-792b62a6747d:963,"Demographic, administrative, and clinical data detailing presentations at Victorian public hospitals with designated emergency departments.",dataset:victorian-emergency-minimum-dataset-vemd,De-identified,Yes via VLM,Victorian Emergency Minimum Dataset (VEMD)
4:699adb08-f1e5-4be8-b17b-792b62a6747d:992,Contains data on cancer diagnoses and treatments,dataset:wa-cancer-registry,De-identified,Yes via linkage keys,WA Cancer Registry
4:699adb08-f1e5-4be8-b17b-792b62a6747d:905,Detailed patient records collected and used by health professionals during patient care,dataset:yes-clinical-data,De-identified,Yes,Yes Clinical data
4:699adb08-f1e5-4be8-b17b-792b62a6747d:906,"Systematically collected health-related information on individuals with specific devices, illnesses, or healthcare resources",dataset:yes-clinical-registry-data,De-identified,Yes,Yes Clinical registry data
4:699adb08-f1e5-4be8-b17b-792b62a6747d:910,A linked data asset supported by PHRN,dataset:yes-covid-19-register,De-identified,Yes,Yes COVID-19 Register
4:699adb08-f1e5-4be8-b17b-792b62a6747d:845,"Digital versions of paper prescriptions, providing a secure and convenient alternative for prescribing and dispensing medicines.",dataset:yes-electronic-prescriptions,Yes,Yes,Yes Electronic Prescriptions
4:699adb08-f1e5-4be8-b17b-792b62a6747d:1090,"Collection of all presentations to emergency departments at NT public hospitals, containing activity, patient episode and waiting time data and measures",dataset:yes-emergency-department-data,De-identified,No (aggregate only),Yes Emergency department data
4:699adb08-f1e5-4be8-b17b-792b62a6747d:1091,Collection of all attendances at inpatient departments at NT public hospitals based on date of discharge,dataset:yes-inpatient-care-data,De-identified,Yes,Yes Inpatient care data
4:699adb08-f1e5-4be8-b17b-792b62a6747d:846,"Provides national clinical terminologies and vocabularies (e.g., SNOMED CT-AU, AMT) to support consistent and accurate health information recording and exchange.",dataset:yes-national-clinical-terminology-service-ncts,No,Yes,Yes National Clinical Terminology Service (NCTS)
4:699adb08-f1e5-4be8-b17b-792b62a6747d:864,"A listing of all deaths that have occurred in Australia since 1980, used for epidemiologists and clinicians in following up research cohorts using record linkage.",dataset:yes-national-death-index,Yes,No (aggregate only),Yes National Death Index
4:699adb08-f1e5-4be8-b17b-792b62a6747d:909,A linked data asset supported by PHRN,dataset:yes-national-disability-data-asset-ndda,De-identified,Yes,Yes National Disability Data Asset (NDDA)
4:699adb08-f1e5-4be8-b17b-792b62a6747d:908,A linked data asset supported by PHRN,dataset:yes-national-health-data-hub,De-identified,Yes,Yes National Health Data Hub
4:699adb08-f1e5-4be8-b17b-792b62a6747d:1089,Databases containing information about reported instances of 90 notifiable conditions,dataset:yes-nt-notifiable-diseases-register,De-identified,No (aggregate only),Yes NT notifiable diseases register
4:699adb08-f1e5-4be8-b17b-792b62a6747d:1088,Collection of information on all births in hospital or home settings in the NT,dataset:yes-perinatal-registry,De-identified,No (aggregate only),Yes Perinatal registry
4:699adb08-f1e5-4be8-b17b-792b62a6747d:907,"Information collected for a particular purpose, such as a survey or specific research project",dataset:yes-project-specific-data,De-identified,Yes,Yes Project-specific data
4:699adb08-f1e5-4be8-b17b-792b62a6747d:860,A series of reports by the Australian Institute of Health and Welfare (AIHW) that monitor the health and wellbeing of Indigenous Australians. AIATSIS contributes to the evidence base and ethical considerations for this reporting.,dataset:yes-via-abs-datalab-aboriginal-and-torres-strait-islander-health-performance-framework-hpf-reports,De-identified,"Yes, via AIHW","Yes, via ABS DataLab Aboriginal and Torres Strait Islander Health Performance Framework (HPF) reports"
4:699adb08-f1e5-4be8-b17b-792b62a6747d:921,Tracks and evaluates progress towards the goals of the National Aboriginal and Torres Strait Islander Health Plan.,dataset:yes-via-aihw-national-key-performance-indicators-nkpis,De-identified,Yes,Yes via AIHW;National Key Performance Indicators (nKPIs)
4:699adb08-f1e5-4be8-b17b-792b62a6747d:922,"Collects information about governance, funding, partnerships, performance improvement, workforce, and information technology of Local Health Departments.",dataset:yes-via-aihw-national-profile-of-local-health-departments-profile,Yes/De-identified (identified data requires additional agreement),Yes,Yes via AIHW;National Profile of Local Health Departments (Profile)
4:699adb08-f1e5-4be8-b17b-792b62a6747d:951,"Detailed microdata from various ABS surveys covering topics like health, education, labour force, crime, and disabilities.",dataset:yes-via-census-linkage-abs-survey-results,De-identified,No,Yes via Census linkage ABS Survey Results
4:699adb08-f1e5-4be8-b17b-792b62a6747d:1083,Records of ambulance service attendances in the ACT,dataset:yes-via-cherel-act-ambulance-service-data,Identifiable,Yes via CHeReL,Yes via CHeReL ACT Ambulance Service data
4:699adb08-f1e5-4be8-b17b-792b62a6747d:1082,Data on dialysis and transplant patients in the ACT,dataset:yes-via-cherel-act-australia-and-new-zealand-dialysis-and-transplant-registry,Identifiable,Yes (via CHeReL),Yes via CHeReL ACT Australia and New Zealand Dialysis and Transplant Registry
4:699adb08-f1e5-4be8-b17b-792b62a6747d:1078,Official records of births in the ACT,dataset:yes-via-cherel-act-births-deaths-and-marriages-birth-registrations,Identifiable,Yes (via CHeReL),"Yes via CHeReL ACT Births, Deaths and Marriages birth registrations"
4:699adb08-f1e5-4be8-b17b-792b62a6747d:1079,Official records of deaths in the ACT,dataset:yes-via-cherel-act-births-deaths-and-marriages-death-registrations,Identifiable,Yes (via CHeReL),"Yes via CHeReL ACT Births, Deaths and Marriages death registrations"
4:699adb08-f1e5-4be8-b17b-792b62a6747d:1074,Records cancer diagnoses and related data in the ACT,dataset:yes-via-cherel-act-cancer-registry,Identifiable,Yes (via CHeReL),Yes via CHeReL ACT Cancer Registry
4:699adb08-f1e5-4be8-b17b-792b62a6747d:1075,Data on presentations to emergency departments in the ACT,dataset:yes-via-cherel-act-emergency-department-information-system,Identifiable,Yes (via CHeReL),Yes via CHeReL ACT Emergency Department Information System
4:699adb08-f1e5-4be8-b17b-792b62a6747d:1081,Health check data for kindergarten children in the ACT,dataset:yes-via-cherel-act-kindergarten-health-check,Identifiable,Yes (via CHeReL),Yes via CHeReL ACT Kindergarten Health Check
4:699adb08-f1e5-4be8-b17b-792b62a6747d:1076,Information related to maternal and perinatal health outcomes in the ACT,dataset:yes-via-cherel-act-maternal-perinatal-data-collection,Identifiable,Yes (via CHeReL),Yes via CHeReL ACT Maternal Perinatal Data Collection
4:699adb08-f1e5-4be8-b17b-792b62a6747d:1077,Data on infectious diseases reported in the ACT,dataset:yes-via-cherel-act-notifiable-diseases-management-system,Identifiable,Yes (via CHeReL),Yes via CHeReL ACT Notifiable Diseases Management System
4:699adb08-f1e5-4be8-b17b-792b62a6747d:1080,Data on early childhood development in the ACT,dataset:yes-via-cherel-australian-early-development-census,De-identified,Yes (via CHeReL),Yes via CHeReL Australian Early Development Census
4:699adb08-f1e5-4be8-b17b-792b62a6747d:960,"Information collected on a person's stay in hospital (including patient services provided by NSW public hospitals, public psychiatric hospitals, multi-purpose services, private hospitals, and private day procedure centres)",dataset:yes-via-cherel-hospital-data,De-identified,No (aggregate only),Yes via CHeReL Hospital data
4:699adb08-f1e5-4be8-b17b-792b62a6747d:1095,"Records all inpatient separations (discharges, transfers and deaths) from all public hospitals in ACT.",dataset:yes-via-cherel-mlk-act-admitted-patient-care-apc,De-identified,Yes,Yes via CHeReL MLK ACT Admitted Patient Care (APC)
4:699adb08-f1e5-4be8-b17b-792b62a6747d:1096,"Collects detailed information on the incidence, prevalence, and outcomes of dialysis and transplant treatments.",dataset:yes-via-cherel-mlk-the-australian-and-new-zealand-dialysis-and-transplant-registry-anzdata,De-identified,Yes via CHeReL MLK,Yes via CHeReL MLK The Australian and New Zealand Dialysis and Transplant Registry (ANZDATA)
4:699adb08-f1e5-4be8-b17b-792b62a6747d:955,Data related to breast cancer screening.,dataset:yes-via-cherel-or-aihw-breastscreen-nsw,Identifiable (potentially re-identifiable) or De-identified,Yes,Yes via CHeReL or AIHW BreastScreen NSW
4:699adb08-f1e5-4be8-b17b-792b62a6747d:956,Clinical data relating to episodes of care for people treated for cancer in NSW for the specified period.,dataset:yes-via-cherel-or-aihw-nsw-clinical-cancer-registry-2008-2012,Identifiable (potentially re-identifiable) or De-identified,Yes via CHeReL or AIHW,Yes via CHeReL or AIHW NSW Clinical Cancer Registry (2008–2012)
4:699adb08-f1e5-4be8-b17b-792b62a6747d:961,Information collected around the time of birth and includes information on NSW mothers and babies,dataset:yes-via-cherel-perinatal-data,De-identified,Yes via CHeReL,Yes via CHeReL Perinatal data
4:699adb08-f1e5-4be8-b17b-792b62a6747d:933,"Provides statistics on the number of deaths, by sex, selected causes of death, and state or territory of usual residence.",dataset:yes-via-datalab-causes-of-death-australia,De-identified,Yes via DataLab,"Yes via DataLab Causes of Death, Australia"
4:699adb08-f1e5-4be8-b17b-792b62a6747d:932,"Provides a range of information about Aboriginal and Torres Strait Islander people including health outcomes, health risk factors, and social and emotional wellbeing.",dataset:yes-via-datalab-national-aboriginal-and-torres-strait-islander-health-survey,De-identified,No (aggregate only),Yes via DataLab National Aboriginal and Torres Strait Islander Health Survey
4:699adb08-f1e5-4be8-b17b-792b62a6747d:874,"Major national hospitals databases held by the AIHW, which may integrate or link with PHDB data",dataset:yes-via-episode-id-national-hospitals-data-collection,De-identified,Yes via various identifiers,Yes via episode ID National Hospitals data collection
4:699adb08-f1e5-4be8-b17b-792b62a6747d:975,Aggregated statistical reports on cancer trends in Victoria,dataset:yes-via-ethics-approval-vcr-annual-statistics-trends-report,De-identified,No (aggregate only),Yes via ethics approval VCR Annual Statistics & Trends Report
4:699adb08-f1e5-4be8-b17b-792b62a6747d:980,"Data related to chronic diseases such as diabetes, rheumatoid arthritis, osteoarthritis, and cancer, analyzed using federated learning.",dataset:yes-via-health-data-australia-chronic-disease-data-nina-project,De-identified,Yes,Yes via Health Data Australia Chronic Disease Data (NINA Project)
4:699adb08-f1e5-4be8-b17b-792b62a6747d:923,Surveys related to changes impacting local health departments.,dataset:yes-via-icpsr-forces-of-change-studies,Yes/De-identified (identified data requires additional agreement),Yes via ICPSR,Yes via ICPSR;Forces of Change Studies
4:699adb08-f1e5-4be8-b17b-792b62a6747d:971,A patient-level collection of elective surgery waiting list data from approved Victorian public healthcare services.,dataset:yes-via-linkage-id-elective-surgery-information-system-esis,De-identified,Yes via Linkage ID,Yes via Linkage ID Elective Surgery Information System (ESIS)
4:699adb08-f1e5-4be8-b17b-792b62a6747d:970,"A population-based cancer registry aiming to provide comprehensive, accurate and timely information for cancer control.",dataset:yes-via-linkage-id-victorian-cancer-registry-vcr,De-identified,Yes,Yes via Linkage ID Victorian Cancer Registry (VCR)
4:699adb08-f1e5-4be8-b17b-792b62a6747d:969,"Comprises demographic, administrative and clinical data detailing presentations at Victorian public hospitals with designated emergency departments.",dataset:yes-via-linkage-id-victorian-emergency-minimum-dataset-vemd,De-identified,Yes,Yes via Linkage ID Victorian Emergency Minimum Dataset (VEMD)
4:699adb08-f1e5-4be8-b17b-792b62a6747d:993,Contains data on admitted patient activity,dataset:yes-via-linkage-keys-hospital-morbidity-data-collection,De-identified,Yes (via Data Linkage Services WA),Yes via linkage keys Hospital Morbidity Data Collection
4:699adb08-f1e5-4be8-b17b-792b62a6747d:994,Contains data on cancer diagnoses and treatments,dataset:yes-via-linkage-keys-wa-cancer-registry,De-identified,Yes via linkage keys,Yes via linkage keys WA Cancer Registry
4:699adb08-f1e5-4be8-b17b-792b62a6747d:868,"Curated dataset for sharing de-identified data for analytical projects, including data integration or program evaluation.",dataset:yes-via-madip-data-exchange-dex,De-identified,Yes,Yes via MADIP;Data Exchange (DEX)
4:699adb08-f1e5-4be8-b17b-792b62a6747d:840,Monitors the safety and performance of breast implants.,dataset:yes-via-patient-id-australian-breast-device-registry,De-identified,Yes,Yes via patient ID Australian Breast Device Registry
4:699adb08-f1e5-4be8-b17b-792b62a6747d:852,"Clinical, demographic, and financial information for privately insured admitted patients.",dataset:yes-via-patient-id-hospital-casemix-protocol-hcp-data,De-identified,No (aggregate only),Yes via patient ID Hospital Casemix Protocol (HCP) data
4:699adb08-f1e5-4be8-b17b-792b62a6747d:841,Collects data on cardiac procedures and outcomes to improve quality of care.,dataset:yes-via-patient-id-national-cardiac-registry,De-identified,Yes via patient ID,Yes via patient ID National Cardiac Registry
4:699adb08-f1e5-4be8-b17b-792b62a6747d:853,Coordinates data on more than 70 diseases that present a risk to public health in Australia.,dataset:yes-via-patient-id-national-notifiable-diseases-surveillance-system-nndss,De-identified,No (aggregate only),Yes via patient ID National Notifiable Diseases Surveillance System (NNDSS)
4:699adb08-f1e5-4be8-b17b-792b62a6747d:896,"Aggregated data and insights from participating MedicineInsight practices, covering various health issues like cardiovascular disease, diabetes, COVID-19, and bushfires.",dataset:yes-via-patient-id-within-the-de-identified-dataset-general-practice-insights-reports,De-identified,No (aggregate only),Yes via patient ID (within the de-identified dataset) General Practice Insights Reports
4:699adb08-f1e5-4be8-b17b-792b62a6747d:950,"A longitudinal dataset using data from successive Censuses, providing a 5% sample panel of people.",dataset:yes-via-person-linkage-spine-australian-census-longitudinal-dataset-acld,De-identified,No (aggregate only),Yes via Person Linkage Spine Australian Census Longitudinal Dataset (ACLD)
4:699adb08-f1e5-4be8-b17b-792b62a6747d:867,"Data related to participants, outcomes, demographics, payments, and provider data within the National Disability Insurance Scheme.",dataset:yes-via-plida-ndis-data,De-identified,Yes,Yes via PLIDA;NDIS Data
4:699adb08-f1e5-4be8-b17b-792b62a6747d:1019,Contains Tasmanian emergency ambulance care incidents extracted from the Victorian Ambulance Clinical Information System (VACIS).,dataset:yes-via-ppid-ambulance-tasmania-emergency-incidents,De-identified,Yes,Yes via PPID Ambulance Tasmania Emergency Incidents*
4:699adb08-f1e5-4be8-b17b-792b62a6747d:1021,"Data is contributed from all adult and paediatric Renal Units in Australia and New Zealand. This encompasses all patients receiving renal replacement therapy (RRT), either dialysis or kidney transplantation, for the treatment of end stage kidney disease (ESKD).",dataset:yes-via-ppid-australia-new-zealand-dialysis-and-transplant-registry-anzdata,De-identified,Yes via PPID,Yes via PPID Australia New Zealand Dialysis and Transplant Registry (ANZDATA)*
4:699adb08-f1e5-4be8-b17b-792b62a6747d:1015,A full population census of children’s health and development in their first year of formal full-time schooling.,dataset:yes-via-ppid-australian-early-development-census-aedc,De-identified,Yes,Yes via PPID Australian Early Development Census (AEDC)
4:699adb08-f1e5-4be8-b17b-792b62a6747d:1012,"A compilation of death records from State and Territory Registries of Births, Deaths and Marriages and from State and Chief Coroners.",dataset:yes-via-ppid-cause-of-death-tasmania,De-identified,Yes,Yes via PPID Cause of Death (Tasmania)
4:699adb08-f1e5-4be8-b17b-792b62a6747d:1020,Collects information about treatments and outcomes for men diagnosed with prostate cancer in Tasmania since 2015.,dataset:yes-via-ppid-prostate-cancer-outcomes-registry-tasmania-pcor-tas,De-identified,Yes,Yes via PPID Prostate Cancer Outcomes Registry - Tasmania (PCOR-TAS)*
4:699adb08-f1e5-4be8-b17b-792b62a6747d:1014,"Includes all children born and registered in the State of Tasmania, including stillbirths, or deaths in utero occurring after 20 weeks gestation, or with a body mass of at least 400 gm at birth.",dataset:yes-via-ppid-rbdm-birth-registrations,De-identified,Yes,Yes via PPID RBDM Birth registrations
4:699adb08-f1e5-4be8-b17b-792b62a6747d:1011,Includes any person who died in Tasmania; stillbirths and foetal deaths are not recorded.,dataset:yes-via-ppid-rbdm-death-registrations,De-identified,Yes,Yes via PPID RBDM Death registrations
4:699adb08-f1e5-4be8-b17b-792b62a6747d:1017,Incidence rates of NMSCs in Australia are understood to be the highest in the world. Tasmania routinely receives notifications of NMSCs in the population from reporting pathology notifiers.,dataset:yes-via-ppid-tasmanian-cancer-registry-non-melanoma-skin-cancer-nmsc,De-identified,Yes,Yes via PPID Tasmanian Cancer Registry Non-Melanoma Skin Cancer (NMSC)*
4:699adb08-f1e5-4be8-b17b-792b62a6747d:1016,Provides population-based statistics about cancer incidence and mortality for Tasmanian residents.,dataset:yes-via-ppid-tasmanian-cancer-registry-tcr,De-identified,No (aggregate only),Yes via PPID Tasmanian Cancer Registry (TCR)
4:699adb08-f1e5-4be8-b17b-792b62a6747d:1010,Contains all patient episodes where the episode of care took place wholly within one of the four Tasmanian Emergency Departments.,dataset:yes-via-ppid-the-tasmanian-emergency-department-dataset,De-identified,Yes,Yes via PPID The Tasmanian Emergency Department Dataset
4:699adb08-f1e5-4be8-b17b-792b62a6747d:1018,Comprises all episodes of mental health treatment in the public system for consumers that occurred in various settings.,dataset:yes-via-ppid-the-tasmanian-mental-health-services-collection,De-identified,Yes,Yes via PPID The Tasmanian Mental Health Services Collection
4:699adb08-f1e5-4be8-b17b-792b62a6747d:1013,"Collects information on demographic, medical and obstetric information on the mother, and information on the labour, birth and condition of the infant relating to every birth in Tasmania.",dataset:yes-via-ppid-the-tasmanian-perinatal-data-collection-tpdc,De-identified,Yes,Yes via PPID The Tasmanian Perinatal Data Collection (TPDC)
4:699adb08-f1e5-4be8-b17b-792b62a6747d:1009,"Contains all patient episodes where the episode of care took place within a licensed Tasmanian private Acute/Sub Acute, overnight or same day facility providing admitted patient care.",dataset:yes-via-ppid-the-tasmanian-private-hospital-admitted-patient-care-data-collection,De-identified,Yes,Yes via PPID The Tasmanian Private Hospital Admitted Patient Care Data Collection
4:699adb08-f1e5-4be8-b17b-792b62a6747d:928,Data from primary healthcare services commissioned by PHNs.,dataset:yes-via-primary-health-insights-commissioned-services-data,De-identified,Yes via Primary Health Insights,Yes via Primary Health Insights Commissioned Services Data
4:699adb08-f1e5-4be8-b17b-792b62a6747d:927,"De-identified data from general practices, including patient demographics, diagnoses, and treatments.",dataset:yes-via-primary-health-insights-general-practice-data,De-identified,Yes,Yes via Primary Health Insights General Practice Data
4:699adb08-f1e5-4be8-b17b-792b62a6747d:1108,Data from the 45 and Up Study,dataset:yes-via-project-linkage-45-and-up-study-data,De-identified,Yes via project linkage,Yes via project linkage 45 and Up Study data
4:699adb08-f1e5-4be8-b17b-792b62a6747d:1107,Data from various cancer registries,dataset:yes-via-project-linkage-cancer-registries-data,De-identified,Yes,Yes via project linkage Cancer Registries data
4:699adb08-f1e5-4be8-b17b-792b62a6747d:1106,"Medicare claims data, including Department of Veteran Affairs (DVA) Medicare",dataset:yes-via-project-linkage-medicare-benefits-scheme-mbs-data,De-identified,Yes,Yes via project linkage Medicare Benefits Scheme (MBS) data
4:699adb08-f1e5-4be8-b17b-792b62a6747d:865,"Includes major national hospital databases such as the National Hospital Morbidity Database (NHMD), National Public Hospital Establishments Database (NPHED), and National Non-Admitted Patient Emergency Department Care Database (NNAPEDCD).",dataset:yes-via-record-linkage-national-hospitals-data-collection,Yes,Yes via record linkage,Yes via record linkage National Hospitals data collection
4:699adb08-f1e5-4be8-b17b-792b62a6747d:1101,Cancer incidence and mortality data for South Australia,dataset:yes-via-sa-nt-datalink-sa-cancer-registry,De-identified,Yes via SA NT DataLink,Yes via SA NT DataLink SA Cancer Registry
4:699adb08-f1e5-4be8-b17b-792b62a6747d:1100,Records of hospital separations in South Australia,dataset:yes-via-sa-nt-datalink-sa-public-hospital-separations,De-identified,Yes (via SA NT DataLink),Yes via SA NT DataLink SA Public Hospital Separations
4:699adb08-f1e5-4be8-b17b-792b62a6747d:873,"Data related to hospital casemix, used in conjunction with PHDB data for submission and analysis",dataset:yes-via-sex-gender-hospital-casemix-protocol-hcp-data,De-identified,Yes,Yes via sex/gender Hospital Casemix Protocol (HCP) data
4:699adb08-f1e5-4be8-b17b-792b62a6747d:859,A comprehensive survey conducted by the Australian Bureau of Statistics (ABS) covering a wide range of health topics. AIATSIS provides ethical guidance and resources for researchers using this data.,dataset:yes-via-specific-research-projects-with-ethics-approval-national-aboriginal-and-torres-strait-islander-health-survey-natsihs,De-identified,No (aggregate only),"Yes, via specific research projects with ethics approval National Aboriginal and Torres Strait Islander Health Survey (NATSIHS)"
4:699adb08-f1e5-4be8-b17b-792b62a6747d:914,"Health Studies Australian National Data Asset datasets, including clinical trials and other health and medical data.",dataset:yes-via-trial-id-hesanda-datasets,De-identified,"Yes via HeSANDA framework Research Data Australia|A national catalogue for finding, accessing, reusing, and attributing data from over 100 Australian research organizations.|Varies by dataset|Varies by dataset",Yes via trial ID HeSANDA Datasets
4:699adb08-f1e5-4be8-b17b-792b62a6747d:966,"Population-based cancer registry providing comprehensive, accurate, and timely information for cancer control.",dataset:yes-via-vlm-victorian-cancer-registry-vcr,De-identified,Yes via VLM,Yes via VLM Victorian Cancer Registry (VCR)
4:699adb08-f1e5-4be8-b17b-792b62a6747d:965,"Demographic, administrative, and clinical data detailing presentations at Victorian public hospitals with designated emergency departments.",dataset:yes-via-vlm-victorian-emergency-minimum-dataset-vemd,De-identified,Yes,Yes via VLM Victorian Emergency Minimum Dataset (VEMD)
