node_element_id,candidateCustodian,id,matchType,rawText,score,segment,status
4:699adb08-f1e5-4be8-b17b-792b62a6747d:1361,Centre for Health Record Linkage,review:custodian:act-health:1:1:cherel-act-health-is-a-foundin:override,override_force_accept,CHeReL: ACT Health is a founding partner of the Centre for Health Record Linkage (CHeReL) at the NSW Ministry of Health and facilitates the provision of data to researchers and government agencies.,1.0,CHeReL: ACT Health is a founding partner of the Centre for Health Record Linkage (CHeReL) at the NSW Ministry of Health and facilitates the provision of data to researchers and government agencies,accepted
4:699adb08-f1e5-4be8-b17b-792b62a6747d:1334,Australian Government Department of Health and Aged Care,review:custodian:australian-bureau-of-statistics-datalab:1:department-of-health-and-aged-care-partn,alias_leading,"Department of Health and Aged Care: Partner agency in PLIDA [4]
Services Australia: Partner agency in PLIDA [4]
Australian Institute of Health and Welfare: Observer on PLIDA Board [4]",1.01,Department of Health and Aged Care: Partner agency in PLIDA [4],accepted
4:699adb08-f1e5-4be8-b17b-792b62a6747d:1335,Services Australia,review:custodian:australian-bureau-of-statistics-datalab:2:services-australia-partner-agency-in-pli,name_leading,"Department of Health and Aged Care: Partner agency in PLIDA [4]
Services Australia: Partner agency in PLIDA [4]
Australian Institute of Health and Welfare: Observer on PLIDA Board [4]",1.02,Services Australia: Partner agency in PLIDA [4],accepted
4:699adb08-f1e5-4be8-b17b-792b62a6747d:1336,Australian Institute of Health and Welfare,review:custodian:australian-bureau-of-statistics-datalab:3:australian-institute-of-health-and-welfa,name_leading,"Department of Health and Aged Care: Partner agency in PLIDA [4]
Services Australia: Partner agency in PLIDA [4]
Australian Institute of Health and Welfare: Observer on PLIDA Board [4]",1.02,Australian Institute of Health and Welfare: Observer on PLIDA Board [4],accepted
4:699adb08-f1e5-4be8-b17b-792b62a6747d:1322,Australian Institute of Health and Welfare,review:custodian:australian-bureau-of-statistics:1:1:australian-institute-of-health:override,override_force_accept,"Australian Institute of Health and Welfare (AIHW): The ABS and AIHW collaborate on a range of health and welfare statistics, including data linkage projects.
Department of Health and Aged Care: The ABS provides key health data that informs the Department's policy and program development.
Services Australia: The ABS links its data with data from Services Australia to create integrated datasets for research and statistical purposes.",1.0,"Australian Institute of Health and Welfare (AIHW): The ABS and AIHW collaborate on a range of health and welfare statistics, including data linkage projects",accepted
4:699adb08-f1e5-4be8-b17b-792b62a6747d:1323,Australian Government Department of Health and Aged Care,review:custodian:australian-bureau-of-statistics:2:department-of-health-and-aged-care-the-a,alias_leading,"Australian Institute of Health and Welfare (AIHW): The ABS and AIHW collaborate on a range of health and welfare statistics, including data linkage projects.
Department of Health and Aged Care: The ABS provides key health data that informs the Department's policy and program development.
Services Australia: The ABS links its data with data from Services Australia to create integrated datasets for research and statistical purposes.",1.01,Department of Health and Aged Care: The ABS provides key health data that informs the Department's policy and program development,accepted
4:699adb08-f1e5-4be8-b17b-792b62a6747d:1324,Services Australia,review:custodian:australian-bureau-of-statistics:3:1:services-australia-the-abs-lin:override,override_force_accept,"Australian Institute of Health and Welfare (AIHW): The ABS and AIHW collaborate on a range of health and welfare statistics, including data linkage projects.
Department of Health and Aged Care: The ABS provides key health data that informs the Department's policy and program development.
Services Australia: The ABS links its data with data from Services Australia to create integrated datasets for research and statistical purposes.",1.0,Services Australia: The ABS links its data with data from Services Australia to create integrated datasets for research and statistical purposes,accepted
4:699adb08-f1e5-4be8-b17b-792b62a6747d:1270,Australian Institute of Health and Welfare,review:custodian:australian-commission-on-safety-and-quality-in-health-care:1:1:aihw-collaboration-on-data-sta:override,override_force_accept,"AIHW: Collaboration on data standards and national health data initiatives, as mentioned in the ACSQHC Data Plan 2024-2027.
Department of Health and Aged Care: Works in partnership on the National Clinical Quality Registry Program and other health initiatives.
NHMRC/HRECs: Engages with Human Research Ethics Committees for ethical oversight of data use in clinical quality registries.",1.0,"AIHW: Collaboration on data standards and national health data initiatives, as mentioned in the ACSQHC Data Plan 2024-2027",accepted
4:699adb08-f1e5-4be8-b17b-792b62a6747d:1271,Australian Government Department of Health and Aged Care,review:custodian:australian-commission-on-safety-and-quality-in-health-care:2:department-of-health-and-aged-care-works,alias_leading,"AIHW: Collaboration on data standards and national health data initiatives, as mentioned in the ACSQHC Data Plan 2024-2027.
Department of Health and Aged Care: Works in partnership on the National Clinical Quality Registry Program and other health initiatives.
NHMRC/HRECs: Engages with Human Research Ethics Committees for ethical oversight of data use in clinical quality registries.",1.01,Department of Health and Aged Care: Works in partnership on the National Clinical Quality Registry Program and other health initiatives,accepted
4:699adb08-f1e5-4be8-b17b-792b62a6747d:1272,National Health and Medical Research Council (NHMRC) / Human Research Ethics Committees (HRECs),review:custodian:australian-commission-on-safety-and-quality-in-health-care:3:nhmrc-hrecs-engages-with-human-research-,alias_leading,"AIHW: Collaboration on data standards and national health data initiatives, as mentioned in the ACSQHC Data Plan 2024-2027.
Department of Health and Aged Care: Works in partnership on the National Clinical Quality Registry Program and other health initiatives.
NHMRC/HRECs: Engages with Human Research Ethics Committees for ethical oversight of data use in clinical quality registries.",1.01,NHMRC/HRECs: Engages with Human Research Ethics Committees for ethical oversight of data use in clinical quality registries,accepted
4:699adb08-f1e5-4be8-b17b-792b62a6747d:1273,Australian Institute of Health and Welfare,review:custodian:australian-digital-health-agency:1:australian-institute-of-health-and-welfa,name_leading,"Australian Institute of Health and Welfare (AIHW): AIHW has been appointed as the Data Custodian to manage the use of My Health Record system data for research or public health purposes. [3]
Department of Health and Aged Care: The Department of Health and Aged Care is leading the implementation of the framework for secondary use of My Health Record data in partnership with ADHA and AIHW. [3]
Services Australia: ADHA collaborates with Services Australia for Healthcare Identifiers (HPI-Is, HPI-Os, IHIs) and eBusiness Service Centre support. [4]",1.02,Australian Institute of Health and Welfare (AIHW): AIHW has been appointed as the Data Custodian to manage the use of My Health Record system data for research or public health purposes. [3],accepted
4:699adb08-f1e5-4be8-b17b-792b62a6747d:1274,Australian Government Department of Health and Aged Care,review:custodian:australian-digital-health-agency:2:department-of-health-and-aged-care-the-d,alias_leading,"Australian Institute of Health and Welfare (AIHW): AIHW has been appointed as the Data Custodian to manage the use of My Health Record system data for research or public health purposes. [3]
Department of Health and Aged Care: The Department of Health and Aged Care is leading the implementation of the framework for secondary use of My Health Record data in partnership with ADHA and AIHW. [3]
Services Australia: ADHA collaborates with Services Australia for Healthcare Identifiers (HPI-Is, HPI-Os, IHIs) and eBusiness Service Centre support. [4]",1.01,Department of Health and Aged Care: The Department of Health and Aged Care is leading the implementation of the framework for secondary use of My Health Record data in partnership with ADHA and AIHW. [3],accepted
4:699adb08-f1e5-4be8-b17b-792b62a6747d:1275,Services Australia,review:custodian:australian-digital-health-agency:3:services-australia-adha-collaborates-wit,name_leading,"Australian Institute of Health and Welfare (AIHW): AIHW has been appointed as the Data Custodian to manage the use of My Health Record system data for research or public health purposes. [3]
Department of Health and Aged Care: The Department of Health and Aged Care is leading the implementation of the framework for secondary use of My Health Record data in partnership with ADHA and AIHW. [3]
Services Australia: ADHA collaborates with Services Australia for Healthcare Identifiers (HPI-Is, HPI-Os, IHIs) and eBusiness Service Centre support. [4]",1.02,"Services Australia: ADHA collaborates with Services Australia for Healthcare Identifiers (HPI-Is, HPI-Os, IHIs) and eBusiness Service Centre support. [4]",accepted
4:699adb08-f1e5-4be8-b17b-792b62a6747d:1276,Australian Institute of Health and Welfare,review:custodian:australian-government-department-of-health-and-aged-care:1:1:australian-institute-of-health:override,override_force_accept,"Australian Institute of Health and Welfare (AIHW): Collaboration on National Integrated Health Services Information (NIHSI) and data linkage requests.
Services Australia: Holds Medicare statistics that can be helpful for health professionals, researchers, journalists and the general public.
State and Territory Health Authorities: Collaboration on National Integrated Health Services Information (NIHSI).",1.0,Australian Institute of Health and Welfare (AIHW): Collaboration on National Integrated Health Services Information (NIHSI) and data linkage requests,accepted
4:699adb08-f1e5-4be8-b17b-792b62a6747d:1277,Services Australia,review:custodian:australian-government-department-of-health-and-aged-care:2:1:services-australia-holds-medic:override,override_force_accept,"Australian Institute of Health and Welfare (AIHW): Collaboration on National Integrated Health Services Information (NIHSI) and data linkage requests.
Services Australia: Holds Medicare statistics that can be helpful for health professionals, researchers, journalists and the general public.
State and Territory Health Authorities: Collaboration on National Integrated Health Services Information (NIHSI).",1.0,"Services Australia: Holds Medicare statistics that can be helpful for health professionals, researchers, journalists and the general public",accepted
4:699adb08-f1e5-4be8-b17b-792b62a6747d:1278,,review:custodian:australian-government-department-of-health-and-aged-care:3:state-and-territory-health-authorities-c:structural,structural_note,"Australian Institute of Health and Welfare (AIHW): Collaboration on National Integrated Health Services Information (NIHSI) and data linkage requests.
Services Australia: Holds Medicare statistics that can be helpful for health professionals, researchers, journalists and the general public.
State and Territory Health Authorities: Collaboration on National Integrated Health Services Information (NIHSI).",0.0,State and Territory Health Authorities: Collaboration on National Integrated Health Services Information (NIHSI),rejected
4:699adb08-f1e5-4be8-b17b-792b62a6747d:1279,Australian Bureau of Statistics,review:custodian:australian-institute-of-aboriginal-and-torres-strait-islander-studies:1:australian-bureau-of-statistics-abs-coll,name_leading,"Australian Bureau of Statistics (ABS): Collaboration on the National Aboriginal and Torres Strait Islander Health Survey.
Australian Institute of Health and Welfare (AIHW): Collaboration on the Aboriginal and Torres Strait Islander Health Performance Framework reports.
National Health and Medical Research Council (NHMRC)/Human Research Ethics Committees (HRECs): AIATSIS works with the NHMRC and HRECs to ensure ethical research practices in Indigenous health research.",1.02,Australian Bureau of Statistics (ABS): Collaboration on the National Aboriginal and Torres Strait Islander Health Survey,accepted
4:699adb08-f1e5-4be8-b17b-792b62a6747d:1280,Australian Institute of Health and Welfare,review:custodian:australian-institute-of-aboriginal-and-torres-strait-islander-studies:2:australian-institute-of-health-and-welfa,name_leading,"Australian Bureau of Statistics (ABS): Collaboration on the National Aboriginal and Torres Strait Islander Health Survey.
Australian Institute of Health and Welfare (AIHW): Collaboration on the Aboriginal and Torres Strait Islander Health Performance Framework reports.
National Health and Medical Research Council (NHMRC)/Human Research Ethics Committees (HRECs): AIATSIS works with the NHMRC and HRECs to ensure ethical research practices in Indigenous health research.",1.02,Australian Institute of Health and Welfare (AIHW): Collaboration on the Aboriginal and Torres Strait Islander Health Performance Framework reports,accepted
4:699adb08-f1e5-4be8-b17b-792b62a6747d:1281,National Health and Medical Research Council (NHMRC) / Human Research Ethics Committees (HRECs),review:custodian:australian-institute-of-aboriginal-and-torres-strait-islander-studies:3:national-health-and-medical-research-cou,name_exact,"Australian Bureau of Statistics (ABS): Collaboration on the National Aboriginal and Torres Strait Islander Health Survey.
Australian Institute of Health and Welfare (AIHW): Collaboration on the Aboriginal and Torres Strait Islander Health Performance Framework reports.
National Health and Medical Research Council (NHMRC)/Human Research Ethics Committees (HRECs): AIATSIS works with the NHMRC and HRECs to ensure ethical research practices in Indigenous health research.",1.0,National Health and Medical Research Council (NHMRC)/Human Research Ethics Committees (HRECs): AIATSIS works with the NHMRC and HRECs to ensure ethical research practices in Indigenous health research,accepted
4:699adb08-f1e5-4be8-b17b-792b62a6747d:1325,Australian Bureau of Statistics,review:custodian:australian-institute-of-health-and-welfare-data-integration-services-centre:1:abs-collaboration-on-national-disability,alias_leading,"ABS: Collaboration on National Disability Data Asset (NDDA) and data integration. ABS receives de-identified data from AIHW for NDDA preparation.
Services Australia: Data from Medicare Consumer Directory and Centrelink Data Over Multiple Individual Occurrences (DOMINO) are linked by AIHW DISC.
Department of Health and Aged Care: Partner in the National Health Data Hub (NHDH).
NSW Health: Partner in the National Health Data Hub (NHDH).
Queensland Health: Partner in the National Health Data Hub (NHDH).
Population Health Research Network (PHRN): Partner in the National Health Data Hub (NHDH).",1.01,ABS: Collaboration on National Disability Data Asset (NDDA) and data integration. ABS receives de-identified data from AIHW for NDDA preparation,accepted
4:699adb08-f1e5-4be8-b17b-792b62a6747d:1326,Services Australia,review:custodian:australian-institute-of-health-and-welfare-data-integration-services-centre:2:services-australia-data-from-medicare-co,name_leading,"ABS: Collaboration on National Disability Data Asset (NDDA) and data integration. ABS receives de-identified data from AIHW for NDDA preparation.
Services Australia: Data from Medicare Consumer Directory and Centrelink Data Over Multiple Individual Occurrences (DOMINO) are linked by AIHW DISC.
Department of Health and Aged Care: Partner in the National Health Data Hub (NHDH).
NSW Health: Partner in the National Health Data Hub (NHDH).
Queensland Health: Partner in the National Health Data Hub (NHDH).
Population Health Research Network (PHRN): Partner in the National Health Data Hub (NHDH).",1.02,Services Australia: Data from Medicare Consumer Directory and Centrelink Data Over Multiple Individual Occurrences (DOMINO) are linked by AIHW DISC,accepted
4:699adb08-f1e5-4be8-b17b-792b62a6747d:1327,Australian Government Department of Health and Aged Care,review:custodian:australian-institute-of-health-and-welfare-data-integration-services-centre:3:department-of-health-and-aged-care-partn,alias_leading,"ABS: Collaboration on National Disability Data Asset (NDDA) and data integration. ABS receives de-identified data from AIHW for NDDA preparation.
Services Australia: Data from Medicare Consumer Directory and Centrelink Data Over Multiple Individual Occurrences (DOMINO) are linked by AIHW DISC.
Department of Health and Aged Care: Partner in the National Health Data Hub (NHDH).
NSW Health: Partner in the National Health Data Hub (NHDH).
Queensland Health: Partner in the National Health Data Hub (NHDH).
Population Health Research Network (PHRN): Partner in the National Health Data Hub (NHDH).",1.01,Department of Health and Aged Care: Partner in the National Health Data Hub (NHDH),accepted
4:699adb08-f1e5-4be8-b17b-792b62a6747d:1328,NSW Health / Ministry of Health NSW,review:custodian:australian-institute-of-health-and-welfare-data-integration-services-centre:4:1:nsw-health-partner-in-the-nati:override,override_force_accept,"ABS: Collaboration on National Disability Data Asset (NDDA) and data integration. ABS receives de-identified data from AIHW for NDDA preparation.
Services Australia: Data from Medicare Consumer Directory and Centrelink Data Over Multiple Individual Occurrences (DOMINO) are linked by AIHW DISC.
Department of Health and Aged Care: Partner in the National Health Data Hub (NHDH).
NSW Health: Partner in the National Health Data Hub (NHDH).
Queensland Health: Partner in the National Health Data Hub (NHDH).
Population Health Research Network (PHRN): Partner in the National Health Data Hub (NHDH).",1.0,NSW Health: Partner in the National Health Data Hub (NHDH),accepted
4:699adb08-f1e5-4be8-b17b-792b62a6747d:1329,Queensland Health,review:custodian:australian-institute-of-health-and-welfare-data-integration-services-centre:5:queensland-health-partner-in-the-nationa,name_leading,"ABS: Collaboration on National Disability Data Asset (NDDA) and data integration. ABS receives de-identified data from AIHW for NDDA preparation.
Services Australia: Data from Medicare Consumer Directory and Centrelink Data Over Multiple Individual Occurrences (DOMINO) are linked by AIHW DISC.
Department of Health and Aged Care: Partner in the National Health Data Hub (NHDH).
NSW Health: Partner in the National Health Data Hub (NHDH).
Queensland Health: Partner in the National Health Data Hub (NHDH).
Population Health Research Network (PHRN): Partner in the National Health Data Hub (NHDH).",1.02,Queensland Health: Partner in the National Health Data Hub (NHDH),accepted
4:699adb08-f1e5-4be8-b17b-792b62a6747d:1330,Population Health Research Network,review:custodian:australian-institute-of-health-and-welfare-data-integration-services-centre:6:population-health-research-network-phrn-,name_leading,"ABS: Collaboration on National Disability Data Asset (NDDA) and data integration. ABS receives de-identified data from AIHW for NDDA preparation.
Services Australia: Data from Medicare Consumer Directory and Centrelink Data Over Multiple Individual Occurrences (DOMINO) are linked by AIHW DISC.
Department of Health and Aged Care: Partner in the National Health Data Hub (NHDH).
NSW Health: Partner in the National Health Data Hub (NHDH).
Queensland Health: Partner in the National Health Data Hub (NHDH).
Population Health Research Network (PHRN): Partner in the National Health Data Hub (NHDH).",1.02,Population Health Research Network (PHRN): Partner in the National Health Data Hub (NHDH),accepted
4:699adb08-f1e5-4be8-b17b-792b62a6747d:1282,Australian Bureau of Statistics,review:custodian:australian-institute-of-health-and-welfare:1:abs-collaboration-on-data-integration-an,alias_leading,"ABS: Collaboration on data integration and comparison of health expenditure.
Department of Social Services (DSS): Makes Data Over Multiple Individual Occurrences (DOMINO) accessible through the AIHW.
Sax Institute (SURE): Provides the Secure Unified Research Environment for AIHW data access.",1.01,ABS: Collaboration on data integration and comparison of health expenditure,accepted
4:699adb08-f1e5-4be8-b17b-792b62a6747d:1283,Department of Social Services,review:custodian:australian-institute-of-health-and-welfare:2:department-of-social-services-dss-makes-,name_leading,"ABS: Collaboration on data integration and comparison of health expenditure.
Department of Social Services (DSS): Makes Data Over Multiple Individual Occurrences (DOMINO) accessible through the AIHW.
Sax Institute (SURE): Provides the Secure Unified Research Environment for AIHW data access.",1.02,Department of Social Services (DSS): Makes Data Over Multiple Individual Occurrences (DOMINO) accessible through the AIHW,accepted
4:699adb08-f1e5-4be8-b17b-792b62a6747d:1284,Secure Unified Research Environment,review:custodian:australian-institute-of-health-and-welfare:3:sax-institute-sure-provides-the-secure-u,name_exact,"ABS: Collaboration on data integration and comparison of health expenditure.
Department of Social Services (DSS): Makes Data Over Multiple Individual Occurrences (DOMINO) accessible through the AIHW.
Sax Institute (SURE): Provides the Secure Unified Research Environment for AIHW data access.",1.0,Sax Institute (SURE): Provides the Secure Unified Research Environment for AIHW data access,accepted
4:699adb08-f1e5-4be8-b17b-792b62a6747d:1331,,review:custodian:australian-prudential-regulation-authority:1:reserve-bank-of-australia-rba-memorandum:override-reject,override_force_reject,"Reserve Bank of Australia (RBA): Memorandum of Understanding for consultation, information sharing, and coordination on financial stability issues. 
Private Health Insurers: APRA collects data from private health insurers as part of its regulatory function. 
Australian Bureau of Statistics (ABS): APRA conducts consultation with the superannuation industry on additional superannuation data collected under reporting standards and primarily used by ABS.",0.0,"Reserve Bank of Australia (RBA): Memorandum of Understanding for consultation, information sharing, and coordination on financial stability issues",rejected
4:699adb08-f1e5-4be8-b17b-792b62a6747d:1332,,review:custodian:australian-prudential-regulation-authority:2:private-health-insurers-apra-collects-da:override-reject,override_force_reject,"Reserve Bank of Australia (RBA): Memorandum of Understanding for consultation, information sharing, and coordination on financial stability issues. 
Private Health Insurers: APRA collects data from private health insurers as part of its regulatory function. 
Australian Bureau of Statistics (ABS): APRA conducts consultation with the superannuation industry on additional superannuation data collected under reporting standards and primarily used by ABS.",0.0,Private Health Insurers: APRA collects data from private health insurers as part of its regulatory function,rejected
4:699adb08-f1e5-4be8-b17b-792b62a6747d:1333,Australian Bureau of Statistics,review:custodian:australian-prudential-regulation-authority:3:australian-bureau-of-statistics-abs-apra,name_leading,"Reserve Bank of Australia (RBA): Memorandum of Understanding for consultation, information sharing, and coordination on financial stability issues. 
Private Health Insurers: APRA collects data from private health insurers as part of its regulatory function. 
Australian Bureau of Statistics (ABS): APRA conducts consultation with the superannuation industry on additional superannuation data collected under reporting standards and primarily used by ABS.",1.02,Australian Bureau of Statistics (ABS): APRA conducts consultation with the superannuation industry on additional superannuation data collected under reporting standards and primarily used by ABS,accepted
4:699adb08-f1e5-4be8-b17b-792b62a6747d:1308,Australian Institute of Health and Welfare,review:custodian:australian-research-data-commons:1:aihw-collaboration-on-the-national-healt,alias_leading,"AIHW: Collaboration on the National Health Data Hub (NHDH) to improve access to high-quality health data and a Memorandum of Understanding for a long-term partnership.
ABS: Collaboration on making ABS datasets available for research.
Department of Health and Aged Care: ARDC is supported by the Australian Government through the National Collaborative Research Infrastructure Strategy (NCRIS), which includes initiatives relevant to health data.
NHMRC/HRECs: ARDC's Trusted Research Environments Framework provides principles and standards for governance, infrastructure, and practices to ensure ethical handling of sensitive data, which aligns with HREC requirements.",1.01,AIHW: Collaboration on the National Health Data Hub (NHDH) to improve access to high-quality health data and a Memorandum of Understanding for a long-term partnership,accepted
4:699adb08-f1e5-4be8-b17b-792b62a6747d:1309,Australian Bureau of Statistics,review:custodian:australian-research-data-commons:2:abs-collaboration-on-making-abs-datasets,alias_leading,"AIHW: Collaboration on the National Health Data Hub (NHDH) to improve access to high-quality health data and a Memorandum of Understanding for a long-term partnership.
ABS: Collaboration on making ABS datasets available for research.
Department of Health and Aged Care: ARDC is supported by the Australian Government through the National Collaborative Research Infrastructure Strategy (NCRIS), which includes initiatives relevant to health data.
NHMRC/HRECs: ARDC's Trusted Research Environments Framework provides principles and standards for governance, infrastructure, and practices to ensure ethical handling of sensitive data, which aligns with HREC requirements.",1.01,ABS: Collaboration on making ABS datasets available for research,accepted
4:699adb08-f1e5-4be8-b17b-792b62a6747d:1310,Australian Government Department of Health and Aged Care,review:custodian:australian-research-data-commons:3:department-of-health-and-aged-care-ardc-,alias_leading,"AIHW: Collaboration on the National Health Data Hub (NHDH) to improve access to high-quality health data and a Memorandum of Understanding for a long-term partnership.
ABS: Collaboration on making ABS datasets available for research.
Department of Health and Aged Care: ARDC is supported by the Australian Government through the National Collaborative Research Infrastructure Strategy (NCRIS), which includes initiatives relevant to health data.
NHMRC/HRECs: ARDC's Trusted Research Environments Framework provides principles and standards for governance, infrastructure, and practices to ensure ethical handling of sensitive data, which aligns with HREC requirements.",1.01,"Department of Health and Aged Care: ARDC is supported by the Australian Government through the National Collaborative Research Infrastructure Strategy (NCRIS), which includes initiatives relevant to health data",accepted
4:699adb08-f1e5-4be8-b17b-792b62a6747d:1311,National Health and Medical Research Council (NHMRC) / Human Research Ethics Committees (HRECs),review:custodian:australian-research-data-commons:4:nhmrc-hrecs-ardc-s-trusted-research-envi,alias_leading,"AIHW: Collaboration on the National Health Data Hub (NHDH) to improve access to high-quality health data and a Memorandum of Understanding for a long-term partnership.
ABS: Collaboration on making ABS datasets available for research.
Department of Health and Aged Care: ARDC is supported by the Australian Government through the National Collaborative Research Infrastructure Strategy (NCRIS), which includes initiatives relevant to health data.
NHMRC/HRECs: ARDC's Trusted Research Environments Framework provides principles and standards for governance, infrastructure, and practices to ensure ethical handling of sensitive data, which aligns with HREC requirements.",1.01,"NHMRC/HRECs: ARDC's Trusted Research Environments Framework provides principles and standards for governance, infrastructure, and practices to ensure ethical handling of sensitive data, which aligns with HREC requirements",accepted
4:699adb08-f1e5-4be8-b17b-792b62a6747d:1337,NSW Health / Ministry of Health NSW,review:custodian:cancer-institute-nsw:1:1:nsw-health-ministry-of-health-:override,override_force_accept,NSW Health - Ministry of Health NSW (Cancer Institute NSW is a statutory body within the NSW Health portfolio),1.0,NSW Health - Ministry of Health NSW (Cancer Institute NSW is a statutory body within the NSW Health portfolio),accepted
4:699adb08-f1e5-4be8-b17b-792b62a6747d:1366,NSW Health / Ministry of Health NSW,review:custodian:centre-for-health-record-linkage:1:1:nsw-health-cherel-is-a-nsw-gov:override,override_force_accept,"NSW Health: CHeReL is a NSW Government website and works closely with NSW Health for data provision and linkage.
ACT Health: CHeReL provides data linkage services for ACT health data.
PHRN: CHeReL is part of the Population Health Research Network (PHRN).
Cancer Institute NSW: PHSREC is associated with Cancer Institute NSW, and CHeReL works with PHSREC for ethical approvals.",1.0,NSW Health: CHeReL is a NSW Government website and works closely with NSW Health for data provision and linkage,accepted
4:699adb08-f1e5-4be8-b17b-792b62a6747d:1367,ACT Health,review:custodian:centre-for-health-record-linkage:2:act-health-cherel-provides-data-linkage-,name_leading,"NSW Health: CHeReL is a NSW Government website and works closely with NSW Health for data provision and linkage.
ACT Health: CHeReL provides data linkage services for ACT health data.
PHRN: CHeReL is part of the Population Health Research Network (PHRN).
Cancer Institute NSW: PHSREC is associated with Cancer Institute NSW, and CHeReL works with PHSREC for ethical approvals.",1.02,ACT Health: CHeReL provides data linkage services for ACT health data,accepted
4:699adb08-f1e5-4be8-b17b-792b62a6747d:1368,Population Health Research Network,review:custodian:centre-for-health-record-linkage:3:phrn-cherel-is-part-of-the-population-he,alias_leading,"NSW Health: CHeReL is a NSW Government website and works closely with NSW Health for data provision and linkage.
ACT Health: CHeReL provides data linkage services for ACT health data.
PHRN: CHeReL is part of the Population Health Research Network (PHRN).
Cancer Institute NSW: PHSREC is associated with Cancer Institute NSW, and CHeReL works with PHSREC for ethical approvals.",1.01,PHRN: CHeReL is part of the Population Health Research Network (PHRN),accepted
4:699adb08-f1e5-4be8-b17b-792b62a6747d:1369,Cancer Institute NSW,review:custodian:centre-for-health-record-linkage:4:cancer-institute-nsw-phsrec-is-associate,name_leading,"NSW Health: CHeReL is a NSW Government website and works closely with NSW Health for data provision and linkage.
ACT Health: CHeReL provides data linkage services for ACT health data.
PHRN: CHeReL is part of the Population Health Research Network (PHRN).
Cancer Institute NSW: PHSREC is associated with Cancer Institute NSW, and CHeReL works with PHSREC for ethical approvals.",1.02,"Cancer Institute NSW: PHSREC is associated with Cancer Institute NSW, and CHeReL works with PHSREC for ethical approvals",accepted
4:699adb08-f1e5-4be8-b17b-792b62a6747d:1341,Population Health Research Network,review:custodian:centre-for-victorian-data-linkage:1:1:phrn-cvdl-was-established-with:override,override_force_accept,"PHRN: CVDL was established with funding from the national Population Health Research Network (PHRN) and is part of the PHRN network.
AIHW: Some datasets are assembled for submission to the Australian Institute for Health and Welfare (AIHW) for national reporting.
Registry of Births Deaths and Marriages: CVDL obtains Births and Deaths (VDI) data from the Registry of Births Deaths and Marriages under a Memorandum of Understanding.",1.0,PHRN: CVDL was established with funding from the national Population Health Research Network (PHRN) and is part of the PHRN network,accepted
4:699adb08-f1e5-4be8-b17b-792b62a6747d:1342,Australian Institute of Health and Welfare,review:custodian:centre-for-victorian-data-linkage:2:aihw-some-datasets-are-assembled-for-sub,alias_leading,"PHRN: CVDL was established with funding from the national Population Health Research Network (PHRN) and is part of the PHRN network.
AIHW: Some datasets are assembled for submission to the Australian Institute for Health and Welfare (AIHW) for national reporting.
Registry of Births Deaths and Marriages: CVDL obtains Births and Deaths (VDI) data from the Registry of Births Deaths and Marriages under a Memorandum of Understanding.",1.01,AIHW: Some datasets are assembled for submission to the Australian Institute for Health and Welfare (AIHW) for national reporting,accepted
4:699adb08-f1e5-4be8-b17b-792b62a6747d:1343,,review:custodian:centre-for-victorian-data-linkage:3:registry-of-births-deaths-and-marriages-:override-reject,override_force_reject,"PHRN: CVDL was established with funding from the national Population Health Research Network (PHRN) and is part of the PHRN network.
AIHW: Some datasets are assembled for submission to the Australian Institute for Health and Welfare (AIHW) for national reporting.
Registry of Births Deaths and Marriages: CVDL obtains Births and Deaths (VDI) data from the Registry of Births Deaths and Marriages under a Memorandum of Understanding.",0.0,Registry of Births Deaths and Marriages: CVDL obtains Births and Deaths (VDI) data from the Registry of Births Deaths and Marriages under a Memorandum of Understanding,rejected
4:699adb08-f1e5-4be8-b17b-792b62a6747d:1285,Services Australia,review:custodian:department-of-social-services:1:services-australia-dss-administrative-an,name_leading,"Services Australia: DSS administrative analytical datasets for DOMINO are sourced from the Services Australia Enterprise Data Warehouse, and personal information is stored on Services Australia's cloud storage;AIHW: DSS makes DOMINO accessible through the AIHW, and AIHW is listed as a contact point for data access;ABS: ABS is listed as a contact point for data integration, and NDIS data has been linked to the Multi-Agency Data Integration Project (MADIP) by ABS.",1.02,"Services Australia: DSS administrative analytical datasets for DOMINO are sourced from the Services Australia Enterprise Data Warehouse, and personal information is stored on Services Australia's cloud storage",accepted
4:699adb08-f1e5-4be8-b17b-792b62a6747d:1286,Australian Institute of Health and Welfare,review:custodian:department-of-social-services:2:aihw-dss-makes-domino-accessible-through,alias_leading,"Services Australia: DSS administrative analytical datasets for DOMINO are sourced from the Services Australia Enterprise Data Warehouse, and personal information is stored on Services Australia's cloud storage;AIHW: DSS makes DOMINO accessible through the AIHW, and AIHW is listed as a contact point for data access;ABS: ABS is listed as a contact point for data integration, and NDIS data has been linked to the Multi-Agency Data Integration Project (MADIP) by ABS.",1.01,"AIHW: DSS makes DOMINO accessible through the AIHW, and AIHW is listed as a contact point for data access",accepted
4:699adb08-f1e5-4be8-b17b-792b62a6747d:1287,Australian Bureau of Statistics,review:custodian:department-of-social-services:3:abs-abs-is-listed-as-a-contact-point-for,alias_leading,"Services Australia: DSS administrative analytical datasets for DOMINO are sourced from the Services Australia Enterprise Data Warehouse, and personal information is stored on Services Australia's cloud storage;AIHW: DSS makes DOMINO accessible through the AIHW, and AIHW is listed as a contact point for data access;ABS: ABS is listed as a contact point for data integration, and NDIS data has been linked to the Multi-Agency Data Integration Project (MADIP) by ABS.",1.01,"ABS: ABS is listed as a contact point for data integration, and NDIS data has been linked to the Multi-Agency Data Integration Project (MADIP) by ABS",accepted
4:699adb08-f1e5-4be8-b17b-792b62a6747d:1298,Australian Government Department of Health and Aged Care,review:custodian:medicineinsight-australian-commission-on-safety-and-quality-in-health-care:1:department-of-health-and-aged-care-fundi,alias_leading,"Department of Health and Aged Care: funding for the program
RACGP: MedicineInsight is GP practice longitudinal prescribing and clinical data, RACGP is a key partner in general practice
ACSQHC: The Australian Commission on Safety and Quality in Health Care is the custodian of the MedicineInsight program",1.01,Department of Health and Aged Care: funding for the program,accepted
4:699adb08-f1e5-4be8-b17b-792b62a6747d:1299,,review:custodian:medicineinsight-australian-commission-on-safety-and-quality-in-health-care:2:racgp-medicineinsight-is-gp-practice-lon:override-reject,override_force_reject,"Department of Health and Aged Care: funding for the program
RACGP: MedicineInsight is GP practice longitudinal prescribing and clinical data, RACGP is a key partner in general practice
ACSQHC: The Australian Commission on Safety and Quality in Health Care is the custodian of the MedicineInsight program",0.0,"RACGP: MedicineInsight is GP practice longitudinal prescribing and clinical data, RACGP is a key partner in general practice",rejected
4:699adb08-f1e5-4be8-b17b-792b62a6747d:1300,Australian Commission on Safety and Quality in Health Care,review:custodian:medicineinsight-australian-commission-on-safety-and-quality-in-health-care:3:acsqhc-the-australian-commission-on-safe,alias_leading,"Department of Health and Aged Care: funding for the program
RACGP: MedicineInsight is GP practice longitudinal prescribing and clinical data, RACGP is a key partner in general practice
ACSQHC: The Australian Commission on Safety and Quality in Health Care is the custodian of the MedicineInsight program",1.01,ACSQHC: The Australian Commission on Safety and Quality in Health Care is the custodian of the MedicineInsight program,accepted
4:699adb08-f1e5-4be8-b17b-792b62a6747d:1315,Australian Institute of Health and Welfare,review:custodian:national-aboriginal-community-controlled-health-organisation:1:aihw-collaboration-on-the-review-of-onli,alias_leading,"AIHW: collaboration on the review of Online Services Report (OSR) and National Key Performance Indicators (nKPIs);Department of Health and Aged Care: commissioned AIHW to review OSR and nKPIs, and NACCHO advocates for policy reforms with government departments;ACCHOs: NACCHO is the national peak body representing 148 ACCHOs, supporting their data collection and use;ICSPR: repository for Profile and Forces of Change data for researchers.",1.01,AIHW: collaboration on the review of Online Services Report (OSR) and National Key Performance Indicators (nKPIs),accepted
4:699adb08-f1e5-4be8-b17b-792b62a6747d:1316,Australian Government Department of Health and Aged Care,review:custodian:national-aboriginal-community-controlled-health-organisation:2:department-of-health-and-aged-care-commi,alias_leading,"AIHW: collaboration on the review of Online Services Report (OSR) and National Key Performance Indicators (nKPIs);Department of Health and Aged Care: commissioned AIHW to review OSR and nKPIs, and NACCHO advocates for policy reforms with government departments;ACCHOs: NACCHO is the national peak body representing 148 ACCHOs, supporting their data collection and use;ICSPR: repository for Profile and Forces of Change data for researchers.",1.01,"Department of Health and Aged Care: commissioned AIHW to review OSR and nKPIs, and NACCHO advocates for policy reforms with government departments",accepted
4:699adb08-f1e5-4be8-b17b-792b62a6747d:1317,,review:custodian:national-aboriginal-community-controlled-health-organisation:3:acchos-naccho-is-the-national-peak-body-:override-reject,override_force_reject,"AIHW: collaboration on the review of Online Services Report (OSR) and National Key Performance Indicators (nKPIs);Department of Health and Aged Care: commissioned AIHW to review OSR and nKPIs, and NACCHO advocates for policy reforms with government departments;ACCHOs: NACCHO is the national peak body representing 148 ACCHOs, supporting their data collection and use;ICSPR: repository for Profile and Forces of Change data for researchers.",0.0,"ACCHOs: NACCHO is the national peak body representing 148 ACCHOs, supporting their data collection and use",rejected
4:699adb08-f1e5-4be8-b17b-792b62a6747d:1318,,review:custodian:national-aboriginal-community-controlled-health-organisation:4:icspr-repository-for-profile-and-forces-:override-reject,override_force_reject,"AIHW: collaboration on the review of Online Services Report (OSR) and National Key Performance Indicators (nKPIs);Department of Health and Aged Care: commissioned AIHW to review OSR and nKPIs, and NACCHO advocates for policy reforms with government departments;ACCHOs: NACCHO is the national peak body representing 148 ACCHOs, supporting their data collection and use;ICSPR: repository for Profile and Forces of Change data for researchers.",0.0,ICSPR: repository for Profile and Forces of Change data for researchers,rejected
4:699adb08-f1e5-4be8-b17b-792b62a6747d:1312,Australian Bureau of Statistics,review:custodian:national-health-and-medical-research-council-nhmrc-human-research-ethics-committees-hrecs:1:abs-nhmrc-utilizes-abs-standards-for-res,alias_leading,"ABS: NHMRC utilizes ABS standards for research classifications and data definitions, such as the ABS 2020 Standard for sex and gender in health and medical research.
AIHW: NHMRC collaborates with AIHW and ABS on data integration initiatives, including the creation of pilot datasets.
Department of Health and Aged Care: As a Commonwealth entity, NHMRC works closely with the Department of Health and Aged Care on national health policy, research funding, and ethical guidelines.",1.01,"ABS: NHMRC utilizes ABS standards for research classifications and data definitions, such as the ABS 2020 Standard for sex and gender in health and medical research",accepted
4:699adb08-f1e5-4be8-b17b-792b62a6747d:1313,Australian Institute of Health and Welfare,review:custodian:national-health-and-medical-research-council-nhmrc-human-research-ethics-committees-hrecs:2:1:aihw-nhmrc-collaborates-with-a:override,override_force_accept,"ABS: NHMRC utilizes ABS standards for research classifications and data definitions, such as the ABS 2020 Standard for sex and gender in health and medical research.
AIHW: NHMRC collaborates with AIHW and ABS on data integration initiatives, including the creation of pilot datasets.
Department of Health and Aged Care: As a Commonwealth entity, NHMRC works closely with the Department of Health and Aged Care on national health policy, research funding, and ethical guidelines.",1.0,"AIHW: NHMRC collaborates with AIHW and ABS on data integration initiatives, including the creation of pilot datasets",accepted
4:699adb08-f1e5-4be8-b17b-792b62a6747d:1314,Australian Government Department of Health and Aged Care,review:custodian:national-health-and-medical-research-council-nhmrc-human-research-ethics-committees-hrecs:3:department-of-health-and-aged-care-as-a-,alias_leading,"ABS: NHMRC utilizes ABS standards for research classifications and data definitions, such as the ABS 2020 Standard for sex and gender in health and medical research.
AIHW: NHMRC collaborates with AIHW and ABS on data integration initiatives, including the creation of pilot datasets.
Department of Health and Aged Care: As a Commonwealth entity, NHMRC works closely with the Department of Health and Aged Care on national health policy, research funding, and ethical guidelines.",1.01,"Department of Health and Aged Care: As a Commonwealth entity, NHMRC works closely with the Department of Health and Aged Care on national health policy, research funding, and ethical guidelines",accepted
4:699adb08-f1e5-4be8-b17b-792b62a6747d:1338,Centre for Health Record Linkage,review:custodian:nsw-health-ministry-of-health-nsw:1:1:cherel-nsw-health-partners-wit:override,override_force_accept,"CHeReL: NSW Health partners with CHeReL for secure record linkage of health data for research and policy development [3].
Cancer Institute NSW: NSW Health works with the Cancer Institute NSW, which provides cancer data and statistics [2].
Bureau of Health Information: NSW Health collaborates with the Bureau of Health Information, which publishes independent reports and data about the performance of the public healthcare system in NSW [2].",1.0,CHeReL: NSW Health partners with CHeReL for secure record linkage of health data for research and policy development [3],accepted
4:699adb08-f1e5-4be8-b17b-792b62a6747d:1339,Cancer Institute NSW,review:custodian:nsw-health-ministry-of-health-nsw:2:cancer-institute-nsw-nsw-health-works-wi,name_leading,"CHeReL: NSW Health partners with CHeReL for secure record linkage of health data for research and policy development [3].
Cancer Institute NSW: NSW Health works with the Cancer Institute NSW, which provides cancer data and statistics [2].
Bureau of Health Information: NSW Health collaborates with the Bureau of Health Information, which publishes independent reports and data about the performance of the public healthcare system in NSW [2].",1.02,"Cancer Institute NSW: NSW Health works with the Cancer Institute NSW, which provides cancer data and statistics [2]",accepted
4:699adb08-f1e5-4be8-b17b-792b62a6747d:1340,,review:custodian:nsw-health-ministry-of-health-nsw:3:bureau-of-health-information-nsw-health-:override-reject,override_force_reject,"CHeReL: NSW Health partners with CHeReL for secure record linkage of health data for research and policy development [3].
Cancer Institute NSW: NSW Health works with the Cancer Institute NSW, which provides cancer data and statistics [2].
Bureau of Health Information: NSW Health collaborates with the Bureau of Health Information, which publishes independent reports and data about the performance of the public healthcare system in NSW [2].",0.0,"Bureau of Health Information: NSW Health collaborates with the Bureau of Health Information, which publishes independent reports and data about the performance of the public healthcare system in NSW [2]",rejected
4:699adb08-f1e5-4be8-b17b-792b62a6747d:1362,SA Health / SA NT DataLink,review:custodian:nt-health-nt-health-research-governance-office:1:1:sa-nt-datalink-key-provider-of:override,override_force_accept,"SA NT DataLink: Key provider of data linkage services in the Northern Territory.
AIHW: NT Health metadata standards are consistent with national standard classifications, and METeOR (online metadata registry) is developed by AIHW.
NHMRC/HRECs: NT HREC approval is required for research projects.
ACSQHC: NT Health is committed to implementing the Australian Commission on Safety and Quality in Health Care (ACSQHC) National Clinical Trials Governance Framework.",1.0,SA NT DataLink: Key provider of data linkage services in the Northern Territory,accepted
4:699adb08-f1e5-4be8-b17b-792b62a6747d:1363,Australian Institute of Health and Welfare,review:custodian:nt-health-nt-health-research-governance-office:2:aihw-nt-health-metadata-standards-are-co,alias_leading,"SA NT DataLink: Key provider of data linkage services in the Northern Territory.
AIHW: NT Health metadata standards are consistent with national standard classifications, and METeOR (online metadata registry) is developed by AIHW.
NHMRC/HRECs: NT HREC approval is required for research projects.
ACSQHC: NT Health is committed to implementing the Australian Commission on Safety and Quality in Health Care (ACSQHC) National Clinical Trials Governance Framework.",1.01,"AIHW: NT Health metadata standards are consistent with national standard classifications, and METeOR (online metadata registry) is developed by AIHW",accepted
4:699adb08-f1e5-4be8-b17b-792b62a6747d:1364,National Health and Medical Research Council (NHMRC) / Human Research Ethics Committees (HRECs),review:custodian:nt-health-nt-health-research-governance-office:3:nhmrc-hrecs-nt-hrec-approval-is-required,alias_leading,"SA NT DataLink: Key provider of data linkage services in the Northern Territory.
AIHW: NT Health metadata standards are consistent with national standard classifications, and METeOR (online metadata registry) is developed by AIHW.
NHMRC/HRECs: NT HREC approval is required for research projects.
ACSQHC: NT Health is committed to implementing the Australian Commission on Safety and Quality in Health Care (ACSQHC) National Clinical Trials Governance Framework.",1.01,NHMRC/HRECs: NT HREC approval is required for research projects,accepted
4:699adb08-f1e5-4be8-b17b-792b62a6747d:1365,Australian Commission on Safety and Quality in Health Care,review:custodian:nt-health-nt-health-research-governance-office:4:acsqhc-nt-health-is-committed-to-impleme,alias_leading,"SA NT DataLink: Key provider of data linkage services in the Northern Territory.
AIHW: NT Health metadata standards are consistent with national standard classifications, and METeOR (online metadata registry) is developed by AIHW.
NHMRC/HRECs: NT HREC approval is required for research projects.
ACSQHC: NT Health is committed to implementing the Australian Commission on Safety and Quality in Health Care (ACSQHC) National Clinical Trials Governance Framework.",1.01,ACSQHC: NT Health is committed to implementing the Australian Commission on Safety and Quality in Health Care (ACSQHC) National Clinical Trials Governance Framework,accepted
4:699adb08-f1e5-4be8-b17b-792b62a6747d:1319,Australian Institute of Health and Welfare,review:custodian:phn-cooperative-primary-health-insights:1:australian-institute-of-health-and-welfa,name_leading,"Australian Institute of Health and Welfare (AIHW): AIHW is a Primary Health Insights participant and is required to maintain the same data governance requirements as PHNs for the data held in its secure lock box.
Department of Health and Aged Care: The development and implementation of Primary Health Insights was funded by the Australian Government Department of Health.
Primary Health Networks (PHNs): Primary Health Insights is a collaborative initiative of the PHNs, and the platform is owned by them.",1.02,Australian Institute of Health and Welfare (AIHW): AIHW is a Primary Health Insights participant and is required to maintain the same data governance requirements as PHNs for the data held in its secure lock box,accepted
4:699adb08-f1e5-4be8-b17b-792b62a6747d:1320,Australian Government Department of Health and Aged Care,review:custodian:phn-cooperative-primary-health-insights:2:department-of-health-and-aged-care-the-d,alias_leading,"Australian Institute of Health and Welfare (AIHW): AIHW is a Primary Health Insights participant and is required to maintain the same data governance requirements as PHNs for the data held in its secure lock box.
Department of Health and Aged Care: The development and implementation of Primary Health Insights was funded by the Australian Government Department of Health.
Primary Health Networks (PHNs): Primary Health Insights is a collaborative initiative of the PHNs, and the platform is owned by them.",1.01,Department of Health and Aged Care: The development and implementation of Primary Health Insights was funded by the Australian Government Department of Health,accepted
4:699adb08-f1e5-4be8-b17b-792b62a6747d:1321,,review:custodian:phn-cooperative-primary-health-insights:3:primary-health-networks-phns-primary-hea:override-reject,override_force_reject,"Australian Institute of Health and Welfare (AIHW): AIHW is a Primary Health Insights participant and is required to maintain the same data governance requirements as PHNs for the data held in its secure lock box.
Department of Health and Aged Care: The development and implementation of Primary Health Insights was funded by the Australian Government Department of Health.
Primary Health Networks (PHNs): Primary Health Insights is a collaborative initiative of the PHNs, and the platform is owned by them.",0.0,"Primary Health Networks (PHNs): Primary Health Insights is a collaborative initiative of the PHNs, and the platform is owned by them",rejected
4:699adb08-f1e5-4be8-b17b-792b62a6747d:1301,Australian Institute of Health and Welfare,review:custodian:population-health-research-network:1:aihw-phrn-supported-the-development-of-t,alias_leading,"AIHW: PHRN supported the development of the National Health Data Hub, which is managed by AIHW.
NSW Health: PHRN delivers coordinated data linkage infrastructure through partners in state governments, including NSW Health.
WA Health: PHRN delivers coordinated data linkage infrastructure through partners in state governments, including WA Health.
SA Health/SA NT DataLink: PHRN delivers coordinated data linkage infrastructure through partners in state governments, including SA Health.
Tasmanian DoH/TDLU: PHRN delivers coordinated data linkage infrastructure through partners in state governments, including Tasmanian Government Department of Health.
Queensland Health: PHRN delivers coordinated data linkage infrastructure through partners in state governments, including Queensland Government Department of Health.
Department of Health and Aged Care: PHRN receives core funding from the Australian Government’s National Collaborative Research Infrastructure Strategy (NCRIS) program, which is a Department of Health and Aged Care initiative.",1.01,"AIHW: PHRN supported the development of the National Health Data Hub, which is managed by AIHW",accepted
4:699adb08-f1e5-4be8-b17b-792b62a6747d:1302,NSW Health / Ministry of Health NSW,review:custodian:population-health-research-network:2:1:nsw-health-phrn-delivers-coord:override,override_force_accept,"AIHW: PHRN supported the development of the National Health Data Hub, which is managed by AIHW.
NSW Health: PHRN delivers coordinated data linkage infrastructure through partners in state governments, including NSW Health.
WA Health: PHRN delivers coordinated data linkage infrastructure through partners in state governments, including WA Health.
SA Health/SA NT DataLink: PHRN delivers coordinated data linkage infrastructure through partners in state governments, including SA Health.
Tasmanian DoH/TDLU: PHRN delivers coordinated data linkage infrastructure through partners in state governments, including Tasmanian Government Department of Health.
Queensland Health: PHRN delivers coordinated data linkage infrastructure through partners in state governments, including Queensland Government Department of Health.
Department of Health and Aged Care: PHRN receives core funding from the Australian Government’s National Collaborative Research Infrastructure Strategy (NCRIS) program, which is a Department of Health and Aged Care initiative.",1.0,"NSW Health: PHRN delivers coordinated data linkage infrastructure through partners in state governments, including NSW Health",accepted
4:699adb08-f1e5-4be8-b17b-792b62a6747d:1303,WA Health / Data Linkage Services WA,review:custodian:population-health-research-network:3:1:wa-health-phrn-delivers-coordi:override,override_force_accept,"AIHW: PHRN supported the development of the National Health Data Hub, which is managed by AIHW.
NSW Health: PHRN delivers coordinated data linkage infrastructure through partners in state governments, including NSW Health.
WA Health: PHRN delivers coordinated data linkage infrastructure through partners in state governments, including WA Health.
SA Health/SA NT DataLink: PHRN delivers coordinated data linkage infrastructure through partners in state governments, including SA Health.
Tasmanian DoH/TDLU: PHRN delivers coordinated data linkage infrastructure through partners in state governments, including Tasmanian Government Department of Health.
Queensland Health: PHRN delivers coordinated data linkage infrastructure through partners in state governments, including Queensland Government Department of Health.
Department of Health and Aged Care: PHRN receives core funding from the Australian Government’s National Collaborative Research Infrastructure Strategy (NCRIS) program, which is a Department of Health and Aged Care initiative.",1.0,"WA Health: PHRN delivers coordinated data linkage infrastructure through partners in state governments, including WA Health",accepted
4:699adb08-f1e5-4be8-b17b-792b62a6747d:1304,SA Health / SA NT DataLink,review:custodian:population-health-research-network:4:sa-health-sa-nt-datalink-phrn-delivers-c,name_leading,"AIHW: PHRN supported the development of the National Health Data Hub, which is managed by AIHW.
NSW Health: PHRN delivers coordinated data linkage infrastructure through partners in state governments, including NSW Health.
WA Health: PHRN delivers coordinated data linkage infrastructure through partners in state governments, including WA Health.
SA Health/SA NT DataLink: PHRN delivers coordinated data linkage infrastructure through partners in state governments, including SA Health.
Tasmanian DoH/TDLU: PHRN delivers coordinated data linkage infrastructure through partners in state governments, including Tasmanian Government Department of Health.
Queensland Health: PHRN delivers coordinated data linkage infrastructure through partners in state governments, including Queensland Government Department of Health.
Department of Health and Aged Care: PHRN receives core funding from the Australian Government’s National Collaborative Research Infrastructure Strategy (NCRIS) program, which is a Department of Health and Aged Care initiative.",1.02,"SA Health/SA NT DataLink: PHRN delivers coordinated data linkage infrastructure through partners in state governments, including SA Health",accepted
4:699adb08-f1e5-4be8-b17b-792b62a6747d:1305,Tasmanian Department of Health / Tasmanian Data Linkage Unit,review:custodian:population-health-research-network:5:tasmanian-doh-tdlu-phrn-delivers-coordin,alias_exact,"AIHW: PHRN supported the development of the National Health Data Hub, which is managed by AIHW.
NSW Health: PHRN delivers coordinated data linkage infrastructure through partners in state governments, including NSW Health.
WA Health: PHRN delivers coordinated data linkage infrastructure through partners in state governments, including WA Health.
SA Health/SA NT DataLink: PHRN delivers coordinated data linkage infrastructure through partners in state governments, including SA Health.
Tasmanian DoH/TDLU: PHRN delivers coordinated data linkage infrastructure through partners in state governments, including Tasmanian Government Department of Health.
Queensland Health: PHRN delivers coordinated data linkage infrastructure through partners in state governments, including Queensland Government Department of Health.
Department of Health and Aged Care: PHRN receives core funding from the Australian Government’s National Collaborative Research Infrastructure Strategy (NCRIS) program, which is a Department of Health and Aged Care initiative.",0.96,"Tasmanian DoH/TDLU: PHRN delivers coordinated data linkage infrastructure through partners in state governments, including Tasmanian Government Department of Health",accepted
4:699adb08-f1e5-4be8-b17b-792b62a6747d:1306,Queensland Health,review:custodian:population-health-research-network:6:queensland-health-phrn-delivers-coordina,name_leading,"AIHW: PHRN supported the development of the National Health Data Hub, which is managed by AIHW.
NSW Health: PHRN delivers coordinated data linkage infrastructure through partners in state governments, including NSW Health.
WA Health: PHRN delivers coordinated data linkage infrastructure through partners in state governments, including WA Health.
SA Health/SA NT DataLink: PHRN delivers coordinated data linkage infrastructure through partners in state governments, including SA Health.
Tasmanian DoH/TDLU: PHRN delivers coordinated data linkage infrastructure through partners in state governments, including Tasmanian Government Department of Health.
Queensland Health: PHRN delivers coordinated data linkage infrastructure through partners in state governments, including Queensland Government Department of Health.
Department of Health and Aged Care: PHRN receives core funding from the Australian Government’s National Collaborative Research Infrastructure Strategy (NCRIS) program, which is a Department of Health and Aged Care initiative.",1.02,"Queensland Health: PHRN delivers coordinated data linkage infrastructure through partners in state governments, including Queensland Government Department of Health",accepted
4:699adb08-f1e5-4be8-b17b-792b62a6747d:1307,Australian Government Department of Health and Aged Care,review:custodian:population-health-research-network:7:department-of-health-and-aged-care-phrn-,alias_leading,"AIHW: PHRN supported the development of the National Health Data Hub, which is managed by AIHW.
NSW Health: PHRN delivers coordinated data linkage infrastructure through partners in state governments, including NSW Health.
WA Health: PHRN delivers coordinated data linkage infrastructure through partners in state governments, including WA Health.
SA Health/SA NT DataLink: PHRN delivers coordinated data linkage infrastructure through partners in state governments, including SA Health.
Tasmanian DoH/TDLU: PHRN delivers coordinated data linkage infrastructure through partners in state governments, including Tasmanian Government Department of Health.
Queensland Health: PHRN delivers coordinated data linkage infrastructure through partners in state governments, including Queensland Government Department of Health.
Department of Health and Aged Care: PHRN receives core funding from the Australian Government’s National Collaborative Research Infrastructure Strategy (NCRIS) program, which is a Department of Health and Aged Care initiative.",1.01,"Department of Health and Aged Care: PHRN receives core funding from the Australian Government’s National Collaborative Research Infrastructure Strategy (NCRIS) program, which is a Department of Health and Aged Care initiative",accepted
4:699adb08-f1e5-4be8-b17b-792b62a6747d:1288,Australian Institute of Health and Welfare,review:custodian:private-hospital-data-bureau:1:aihw-the-aihw-receives-de-identified-phd,alias_leading,"AIHW: The AIHW receives de-identified PHDB data from the Department of Health and makes it available for research and reporting.
Department of Health and Aged Care: The Department of Health collects PHDB data directly from private hospitals and supplies de-identified data to the AIHW.
ABS: The AIHW partners with the ABS for secure data access environments like SEAM, which may be used for linked PHDB data.
PHRN: The Population Health Research Network (PHRN) supports researcher requests to access linked data, which could include PHDB data.",1.01,AIHW: The AIHW receives de-identified PHDB data from the Department of Health and makes it available for research and reporting,accepted
4:699adb08-f1e5-4be8-b17b-792b62a6747d:1289,Australian Government Department of Health and Aged Care,review:custodian:private-hospital-data-bureau:2:department-of-health-and-aged-care-the-d,alias_leading,"AIHW: The AIHW receives de-identified PHDB data from the Department of Health and makes it available for research and reporting.
Department of Health and Aged Care: The Department of Health collects PHDB data directly from private hospitals and supplies de-identified data to the AIHW.
ABS: The AIHW partners with the ABS for secure data access environments like SEAM, which may be used for linked PHDB data.
PHRN: The Population Health Research Network (PHRN) supports researcher requests to access linked data, which could include PHDB data.",1.01,Department of Health and Aged Care: The Department of Health collects PHDB data directly from private hospitals and supplies de-identified data to the AIHW,accepted
4:699adb08-f1e5-4be8-b17b-792b62a6747d:1290,Australian Bureau of Statistics,review:custodian:private-hospital-data-bureau:3:abs-the-aihw-partners-with-the-abs-for-s,alias_leading,"AIHW: The AIHW receives de-identified PHDB data from the Department of Health and makes it available for research and reporting.
Department of Health and Aged Care: The Department of Health collects PHDB data directly from private hospitals and supplies de-identified data to the AIHW.
ABS: The AIHW partners with the ABS for secure data access environments like SEAM, which may be used for linked PHDB data.
PHRN: The Population Health Research Network (PHRN) supports researcher requests to access linked data, which could include PHDB data.",1.01,"ABS: The AIHW partners with the ABS for secure data access environments like SEAM, which may be used for linked PHDB data",accepted
4:699adb08-f1e5-4be8-b17b-792b62a6747d:1291,Population Health Research Network,review:custodian:private-hospital-data-bureau:4:phrn-the-population-health-research-netw,alias_leading,"AIHW: The AIHW receives de-identified PHDB data from the Department of Health and makes it available for research and reporting.
Department of Health and Aged Care: The Department of Health collects PHDB data directly from private hospitals and supplies de-identified data to the AIHW.
ABS: The AIHW partners with the ABS for secure data access environments like SEAM, which may be used for linked PHDB data.
PHRN: The Population Health Research Network (PHRN) supports researcher requests to access linked data, which could include PHDB data.",1.01,"PHRN: The Population Health Research Network (PHRN) supports researcher requests to access linked data, which could include PHDB data",accepted
4:699adb08-f1e5-4be8-b17b-792b62a6747d:1349,Australian Research Data Commons,review:custodian:queensland-cyber-infrastructure-foundation:1:ardc-qcif-receives-investment-from-ardc-,alias_leading,"ARDC: QCIF receives investment from ARDC for the HeSANDA Queensland node and collaborates on secure eResearch platforms like KeyPoint.
Health Translation Queensland: Administers the HeSANDA Queensland node in collaboration with QCIF.
University of Queensland: Collaborating organization on the NINA project and a partner in the development of KeyPoint.",1.01,ARDC: QCIF receives investment from ARDC for the HeSANDA Queensland node and collaborates on secure eResearch platforms like KeyPoint,accepted
4:699adb08-f1e5-4be8-b17b-792b62a6747d:1350,Australian Research Data Commons,review:custodian:queensland-cyber-infrastructure-foundation:2:health-translation-queensland-administer,alias_exact,"ARDC: QCIF receives investment from ARDC for the HeSANDA Queensland node and collaborates on secure eResearch platforms like KeyPoint.
Health Translation Queensland: Administers the HeSANDA Queensland node in collaboration with QCIF.
University of Queensland: Collaborating organization on the NINA project and a partner in the development of KeyPoint.",0.96,Health Translation Queensland: Administers the HeSANDA Queensland node in collaboration with QCIF,accepted
4:699adb08-f1e5-4be8-b17b-792b62a6747d:1351,,review:custodian:queensland-cyber-infrastructure-foundation:3:university-of-queensland-collaborating-o:not-custodian,not_a_custodian,"ARDC: QCIF receives investment from ARDC for the HeSANDA Queensland node and collaborates on secure eResearch platforms like KeyPoint.
Health Translation Queensland: Administers the HeSANDA Queensland node in collaboration with QCIF.
University of Queensland: Collaborating organization on the NINA project and a partner in the development of KeyPoint.",0.0,University of Queensland: Collaborating organization on the NINA project and a partner in the development of KeyPoint,rejected
4:699adb08-f1e5-4be8-b17b-792b62a6747d:1352,Australian Institute of Health and Welfare,review:custodian:queensland-health:1:australian-institute-of-health-and-welfa,name_leading,Australian Institute of Health and Welfare (AIHW) (national hospital data reporting); QCIF (secure infrastructure used by Queensland researchers working with Queensland Health data); PHRN (through Data Linkage Queensland / SALUD for linkage); Cancer Institute NSW (cross-state cancer registry comparison work),1.02,Australian Institute of Health and Welfare (AIHW) (national hospital data reporting),accepted
4:699adb08-f1e5-4be8-b17b-792b62a6747d:1353,Queensland Cyber Infrastructure Foundation,review:custodian:queensland-health:2:qcif-secure-infrastructure-used-by-queen,alias_leading,Australian Institute of Health and Welfare (AIHW) (national hospital data reporting); QCIF (secure infrastructure used by Queensland researchers working with Queensland Health data); PHRN (through Data Linkage Queensland / SALUD for linkage); Cancer Institute NSW (cross-state cancer registry comparison work),1.01,QCIF (secure infrastructure used by Queensland researchers working with Queensland Health data),accepted
4:699adb08-f1e5-4be8-b17b-792b62a6747d:1354,Population Health Research Network,review:custodian:queensland-health:3:1:phrn-through-data-linkage-quee:override,override_force_accept,Australian Institute of Health and Welfare (AIHW) (national hospital data reporting); QCIF (secure infrastructure used by Queensland researchers working with Queensland Health data); PHRN (through Data Linkage Queensland / SALUD for linkage); Cancer Institute NSW (cross-state cancer registry comparison work),1.0,PHRN (through Data Linkage Queensland / SALUD for linkage),accepted
4:699adb08-f1e5-4be8-b17b-792b62a6747d:1355,Cancer Institute NSW,review:custodian:queensland-health:4:cancer-institute-nsw-cross-state-cancer-,name_leading,Australian Institute of Health and Welfare (AIHW) (national hospital data reporting); QCIF (secure infrastructure used by Queensland researchers working with Queensland Health data); PHRN (through Data Linkage Queensland / SALUD for linkage); Cancer Institute NSW (cross-state cancer registry comparison work),1.02,Cancer Institute NSW (cross-state cancer registry comparison work),accepted
4:699adb08-f1e5-4be8-b17b-792b62a6747d:1370,Services Australia,review:custodian:sa-health-sa-nt-datalink:1:services-australia-for-mbs-pbs-and-centr,name_leading,"Services Australia (for MBS, PBS, and Centrelink data used in linked projects); Population Health Research Network (PHRN) (national linkage network membership)",1.02,"Services Australia (for MBS, PBS, and Centrelink data used in linked projects)",accepted
4:699adb08-f1e5-4be8-b17b-792b62a6747d:1371,Population Health Research Network,review:custodian:sa-health-sa-nt-datalink:2:population-health-research-network-phrn-,name_leading,"Services Australia (for MBS, PBS, and Centrelink data used in linked projects); Population Health Research Network (PHRN) (national linkage network membership)",1.02,Population Health Research Network (PHRN) (national linkage network membership),accepted
4:699adb08-f1e5-4be8-b17b-792b62a6747d:1372,Population Health Research Network,review:custodian:secure-unified-research-environment:1:phrn-sure-is-supported-by-the-population,alias_leading,"PHRN: SURE is supported by the Population Health Research Network.
AIHW: AIHW data is accessed via SURE.
Cancer Institute NSW: Cancer Institute NSW data is accessed via SURE.
Department of Health and Aged Care: Australian Government National Collaborative Research Infrastructure Strategy (NCRIS) is an initiative of the Australian Government.
NSW Health: NSW Government supports SURE.",1.01,PHRN: SURE is supported by the Population Health Research Network,accepted
4:699adb08-f1e5-4be8-b17b-792b62a6747d:1373,Australian Institute of Health and Welfare,review:custodian:secure-unified-research-environment:2:1:aihw-aihw-data-is-accessed-via:override,override_force_accept,"PHRN: SURE is supported by the Population Health Research Network.
AIHW: AIHW data is accessed via SURE.
Cancer Institute NSW: Cancer Institute NSW data is accessed via SURE.
Department of Health and Aged Care: Australian Government National Collaborative Research Infrastructure Strategy (NCRIS) is an initiative of the Australian Government.
NSW Health: NSW Government supports SURE.",1.0,AIHW: AIHW data is accessed via SURE,accepted
4:699adb08-f1e5-4be8-b17b-792b62a6747d:1374,Cancer Institute NSW,review:custodian:secure-unified-research-environment:3:1:cancer-institute-nsw-cancer-in:override,override_force_accept,"PHRN: SURE is supported by the Population Health Research Network.
AIHW: AIHW data is accessed via SURE.
Cancer Institute NSW: Cancer Institute NSW data is accessed via SURE.
Department of Health and Aged Care: Australian Government National Collaborative Research Infrastructure Strategy (NCRIS) is an initiative of the Australian Government.
NSW Health: NSW Government supports SURE.",1.0,Cancer Institute NSW: Cancer Institute NSW data is accessed via SURE,accepted
4:699adb08-f1e5-4be8-b17b-792b62a6747d:1375,Australian Government Department of Health and Aged Care,review:custodian:secure-unified-research-environment:4:department-of-health-and-aged-care-austr,alias_leading,"PHRN: SURE is supported by the Population Health Research Network.
AIHW: AIHW data is accessed via SURE.
Cancer Institute NSW: Cancer Institute NSW data is accessed via SURE.
Department of Health and Aged Care: Australian Government National Collaborative Research Infrastructure Strategy (NCRIS) is an initiative of the Australian Government.
NSW Health: NSW Government supports SURE.",1.01,Department of Health and Aged Care: Australian Government National Collaborative Research Infrastructure Strategy (NCRIS) is an initiative of the Australian Government,accepted
4:699adb08-f1e5-4be8-b17b-792b62a6747d:1376,NSW Health / Ministry of Health NSW,review:custodian:secure-unified-research-environment:5:1:nsw-health-nsw-government-supp:override,override_force_accept,"PHRN: SURE is supported by the Population Health Research Network.
AIHW: AIHW data is accessed via SURE.
Cancer Institute NSW: Cancer Institute NSW data is accessed via SURE.
Department of Health and Aged Care: Australian Government National Collaborative Research Infrastructure Strategy (NCRIS) is an initiative of the Australian Government.
NSW Health: NSW Government supports SURE.",1.0,NSW Health: NSW Government supports SURE,accepted
4:699adb08-f1e5-4be8-b17b-792b62a6747d:1292,Australian Government Department of Health and Aged Care,review:custodian:services-australia:1:department-of-health-and-aged-care-servi,alias_leading,"Department of Health and Aged Care: Services Australia works with the Department of Health and Aged Care as the relevant policy department to ensure legislation and regulations allow the access, use, and disclosure of data. They also source MBS and PBS data from Services Australia for Medicare compliance purposes.
AIHW: AIHW collects and publishes data related to MBS and PBS, often drawing on data originating from Services Australia.
ABS: Services Australia refers to the National Statistical Service website (which includes ABS) for integrating data from administrative or survey sources.",1.01,"Department of Health and Aged Care: Services Australia works with the Department of Health and Aged Care as the relevant policy department to ensure legislation and regulations allow the access, use, and disclosure of data. They also source MBS and PBS data from Services Australia for Medicare compliance purposes",accepted
4:699adb08-f1e5-4be8-b17b-792b62a6747d:1293,Australian Institute of Health and Welfare,review:custodian:services-australia:2:aihw-aihw-collects-and-publishes-data-re,alias_leading,"Department of Health and Aged Care: Services Australia works with the Department of Health and Aged Care as the relevant policy department to ensure legislation and regulations allow the access, use, and disclosure of data. They also source MBS and PBS data from Services Australia for Medicare compliance purposes.
AIHW: AIHW collects and publishes data related to MBS and PBS, often drawing on data originating from Services Australia.
ABS: Services Australia refers to the National Statistical Service website (which includes ABS) for integrating data from administrative or survey sources.",1.01,"AIHW: AIHW collects and publishes data related to MBS and PBS, often drawing on data originating from Services Australia",accepted
4:699adb08-f1e5-4be8-b17b-792b62a6747d:1294,Australian Bureau of Statistics,review:custodian:services-australia:3:abs-services-australia-refers-to-the-nat,alias_leading,"Department of Health and Aged Care: Services Australia works with the Department of Health and Aged Care as the relevant policy department to ensure legislation and regulations allow the access, use, and disclosure of data. They also source MBS and PBS data from Services Australia for Medicare compliance purposes.
AIHW: AIHW collects and publishes data related to MBS and PBS, often drawing on data originating from Services Australia.
ABS: Services Australia refers to the National Statistical Service website (which includes ABS) for integrating data from administrative or survey sources.",1.01,ABS: Services Australia refers to the National Statistical Service website (which includes ABS) for integrating data from administrative or survey sources,accepted
4:699adb08-f1e5-4be8-b17b-792b62a6747d:1358,National Health and Medical Research Council (NHMRC) / Human Research Ethics Committees (HRECs),review:custodian:tasmanian-department-of-health-tasmanian-data-linkage-unit:1:nhmrc-approves-ethics-applications-for-d,alias_leading,"NHMRC: Approves ethics applications for data linkage projects.
PHRN: Provides the Online Application System (OAS) for submitting expressions of interest.
SURE: A remote-access data research laboratory where linked data may be provided for analysis.",1.01,NHMRC: Approves ethics applications for data linkage projects,accepted
4:699adb08-f1e5-4be8-b17b-792b62a6747d:1359,Population Health Research Network,review:custodian:tasmanian-department-of-health-tasmanian-data-linkage-unit:2:phrn-provides-the-online-application-sys,alias_leading,"NHMRC: Approves ethics applications for data linkage projects.
PHRN: Provides the Online Application System (OAS) for submitting expressions of interest.
SURE: A remote-access data research laboratory where linked data may be provided for analysis.",1.01,PHRN: Provides the Online Application System (OAS) for submitting expressions of interest,accepted
4:699adb08-f1e5-4be8-b17b-792b62a6747d:1360,Secure Unified Research Environment,review:custodian:tasmanian-department-of-health-tasmanian-data-linkage-unit:3:sure-a-remote-access-data-research-labor,alias_leading,"NHMRC: Approves ethics applications for data linkage projects.
PHRN: Provides the Online Application System (OAS) for submitting expressions of interest.
SURE: A remote-access data research laboratory where linked data may be provided for analysis.",1.01,SURE: A remote-access data research laboratory where linked data may be provided for analysis,accepted
4:699adb08-f1e5-4be8-b17b-792b62a6747d:1295,Australian Institute of Health and Welfare,review:custodian:therapeutic-goods-administration:1:australian-institute-of-health-and-welfa,name_leading,"Australian Institute of Health and Welfare (AIHW): TGA plays a key role in the National Medicines Policy, which AIHW reports on.
Department of Health and Aged Care: TGA is part of the Australian Government Department of Health and Aged Care.
NHMRC/HRECs: Human Research Ethics Committees (HRECs) register with the National Health and Medical Research Council (NHMRC) and are involved in TGA-regulated clinical trials.",1.02,"Australian Institute of Health and Welfare (AIHW): TGA plays a key role in the National Medicines Policy, which AIHW reports on",accepted
4:699adb08-f1e5-4be8-b17b-792b62a6747d:1296,Australian Government Department of Health and Aged Care,review:custodian:therapeutic-goods-administration:2:department-of-health-and-aged-care-tga-i,alias_leading,"Australian Institute of Health and Welfare (AIHW): TGA plays a key role in the National Medicines Policy, which AIHW reports on.
Department of Health and Aged Care: TGA is part of the Australian Government Department of Health and Aged Care.
NHMRC/HRECs: Human Research Ethics Committees (HRECs) register with the National Health and Medical Research Council (NHMRC) and are involved in TGA-regulated clinical trials.",1.01,Department of Health and Aged Care: TGA is part of the Australian Government Department of Health and Aged Care,accepted
4:699adb08-f1e5-4be8-b17b-792b62a6747d:1297,National Health and Medical Research Council (NHMRC) / Human Research Ethics Committees (HRECs),review:custodian:therapeutic-goods-administration:3:nhmrc-hrecs-human-research-ethics-commit,alias_leading,"Australian Institute of Health and Welfare (AIHW): TGA plays a key role in the National Medicines Policy, which AIHW reports on.
Department of Health and Aged Care: TGA is part of the Australian Government Department of Health and Aged Care.
NHMRC/HRECs: Human Research Ethics Committees (HRECs) register with the National Health and Medical Research Council (NHMRC) and are involved in TGA-regulated clinical trials.",1.01,NHMRC/HRECs: Human Research Ethics Committees (HRECs) register with the National Health and Medical Research Council (NHMRC) and are involved in TGA-regulated clinical trials,accepted
4:699adb08-f1e5-4be8-b17b-792b62a6747d:1344,Australian Institute of Health and Welfare,review:custodian:victorian-agency-for-health-information:1:aihw-cvdl-assembles-data-for-national-re,alias_leading,"AIHW: CVDL assembles data for national reporting to AIHW [3]
Department of Health and Aged Care: HACC data for people aged 65+ transferred to Commonwealth Department of Health and Aged Care [3]
Victorian Cancer Registry: VCR data is integrated into CVDL's Integrated Data Resource [3]",1.01,AIHW: CVDL assembles data for national reporting to AIHW [3],accepted
4:699adb08-f1e5-4be8-b17b-792b62a6747d:1345,Australian Government Department of Health and Aged Care,review:custodian:victorian-agency-for-health-information:2:department-of-health-and-aged-care-hacc-,alias_leading,"AIHW: CVDL assembles data for national reporting to AIHW [3]
Department of Health and Aged Care: HACC data for people aged 65+ transferred to Commonwealth Department of Health and Aged Care [3]
Victorian Cancer Registry: VCR data is integrated into CVDL's Integrated Data Resource [3]",1.01,Department of Health and Aged Care: HACC data for people aged 65+ transferred to Commonwealth Department of Health and Aged Care [3],accepted
4:699adb08-f1e5-4be8-b17b-792b62a6747d:1346,Victorian Cancer Registry,review:custodian:victorian-agency-for-health-information:3:victorian-cancer-registry-vcr-data-is-in,name_leading,"AIHW: CVDL assembles data for national reporting to AIHW [3]
Department of Health and Aged Care: HACC data for people aged 65+ transferred to Commonwealth Department of Health and Aged Care [3]
Victorian Cancer Registry: VCR data is integrated into CVDL's Integrated Data Resource [3]",1.02,Victorian Cancer Registry: VCR data is integrated into CVDL's Integrated Data Resource [3],accepted
4:699adb08-f1e5-4be8-b17b-792b62a6747d:1347,Australian Institute of Health and Welfare,review:custodian:victorian-cancer-registry:1:australian-institute-of-health-and-welfa,name_leading,Australian Institute of Health and Welfare (AIHW) (for compiling national cancer figures); VAHI (Victorian Agency for Health Information) (Victorian health system reporting and governance alignment),1.02,Australian Institute of Health and Welfare (AIHW) (for compiling national cancer figures),accepted
4:699adb08-f1e5-4be8-b17b-792b62a6747d:1348,Victorian Agency for Health Information,review:custodian:victorian-cancer-registry:2:vahi-victorian-agency-for-health-informa,alias_leading,Australian Institute of Health and Welfare (AIHW) (for compiling national cancer figures); VAHI (Victorian Agency for Health Information) (Victorian health system reporting and governance alignment),1.01,VAHI (Victorian Agency for Health Information) (Victorian health system reporting and governance alignment),accepted
4:699adb08-f1e5-4be8-b17b-792b62a6747d:1356,Australian Institute of Health and Welfare,review:custodian:wa-health-data-linkage-services-wa:1:1:australian-institute-of-health:override,override_force_accept,Australian Institute of Health and Welfare (AIHW) (cross-jurisdictional research and reporting); Population Health Research Network (PHRN) (national linkage network membership),1.0,Australian Institute of Health and Welfare (AIHW) (cross-jurisdictional research and reporting),accepted
4:699adb08-f1e5-4be8-b17b-792b62a6747d:1357,Population Health Research Network,review:custodian:wa-health-data-linkage-services-wa:2:1:population-health-research-net:override,override_force_accept,Australian Institute of Health and Welfare (AIHW) (cross-jurisdictional research and reporting); Population Health Research Network (PHRN) (national linkage network membership),1.0,Population Health Research Network (PHRN) (national linkage network membership),accepted
