relationship_element_id,start_node_element_id,end_node_element_id,matchScore,matchType,rawText,segment
5:699adb08-f1e5-4be8-b17b-792b62a6747d:1152928101676613632,4:699adb08-f1e5-4be8-b17b-792b62a6747d:0,4:699adb08-f1e5-4be8-b17b-792b62a6747d:1027,1.01,alias_leading,"NHMRC: Approves ethics applications for data linkage projects.
PHRN: Provides the Online Application System (OAS) for submitting expressions of interest.
SURE: A remote-access data research laboratory where linked data may be provided for analysis.",SURE: A remote-access data research laboratory where linked data may be provided for analysis
5:699adb08-f1e5-4be8-b17b-792b62a6747d:6935550023220331135,4:699adb08-f1e5-4be8-b17b-792b62a6747d:0,4:699adb08-f1e5-4be8-b17b-792b62a6747d:639,1.01,alias_leading,"NHMRC: Approves ethics applications for data linkage projects.
PHRN: Provides the Online Application System (OAS) for submitting expressions of interest.
SURE: A remote-access data research laboratory where linked data may be provided for analysis.",PHRN: Provides the Online Application System (OAS) for submitting expressions of interest
5:699adb08-f1e5-4be8-b17b-792b62a6747d:6924291024151904897,4:699adb08-f1e5-4be8-b17b-792b62a6747d:0,4:699adb08-f1e5-4be8-b17b-792b62a6747d:641,1.01,alias_leading,"NHMRC: Approves ethics applications for data linkage projects.
PHRN: Provides the Online Application System (OAS) for submitting expressions of interest.
SURE: A remote-access data research laboratory where linked data may be provided for analysis.",NHMRC: Approves ethics applications for data linkage projects
5:699adb08-f1e5-4be8-b17b-792b62a6747d:1152928101676613633,4:699adb08-f1e5-4be8-b17b-792b62a6747d:1,4:699adb08-f1e5-4be8-b17b-792b62a6747d:1025,1.0,override_force_accept,CHeReL: ACT Health is a founding partner of the Centre for Health Record Linkage (CHeReL) at the NSW Ministry of Health and facilitates the provision of data to researchers and government agencies.,CHeReL: ACT Health is a founding partner of the Centre for Health Record Linkage (CHeReL) at the NSW Ministry of Health and facilitates the provision of data to researchers and government agencies
5:699adb08-f1e5-4be8-b17b-792b62a6747d:1152928101676614656,4:699adb08-f1e5-4be8-b17b-792b62a6747d:1024,4:699adb08-f1e5-4be8-b17b-792b62a6747d:1026,1.0,override_force_accept,"SA NT DataLink: Key provider of data linkage services in the Northern Territory.
AIHW: NT Health metadata standards are consistent with national standard classifications, and METeOR (online metadata registry) is developed by AIHW.
NHMRC/HRECs: NT HREC approval is required for research projects.
ACSQHC: NT Health is committed to implementing the Australian Commission on Safety and Quality in Health Care (ACSQHC) National Clinical Trials Governance Framework.",SA NT DataLink: Key provider of data linkage services in the Northern Territory
5:699adb08-f1e5-4be8-b17b-792b62a6747d:1159683501117670400,4:699adb08-f1e5-4be8-b17b-792b62a6747d:1024,4:699adb08-f1e5-4be8-b17b-792b62a6747d:629,1.01,alias_leading,"SA NT DataLink: Key provider of data linkage services in the Northern Territory.
AIHW: NT Health metadata standards are consistent with national standard classifications, and METeOR (online metadata registry) is developed by AIHW.
NHMRC/HRECs: NT HREC approval is required for research projects.
ACSQHC: NT Health is committed to implementing the Australian Commission on Safety and Quality in Health Care (ACSQHC) National Clinical Trials Governance Framework.",ACSQHC: NT Health is committed to implementing the Australian Commission on Safety and Quality in Health Care (ACSQHC) National Clinical Trials Governance Framework
5:699adb08-f1e5-4be8-b17b-792b62a6747d:1155179901490299904,4:699adb08-f1e5-4be8-b17b-792b62a6747d:1024,4:699adb08-f1e5-4be8-b17b-792b62a6747d:633,1.01,alias_leading,"SA NT DataLink: Key provider of data linkage services in the Northern Territory.
AIHW: NT Health metadata standards are consistent with national standard classifications, and METeOR (online metadata registry) is developed by AIHW.
NHMRC/HRECs: NT HREC approval is required for research projects.
ACSQHC: NT Health is committed to implementing the Australian Commission on Safety and Quality in Health Care (ACSQHC) National Clinical Trials Governance Framework.","AIHW: NT Health metadata standards are consistent with national standard classifications, and METeOR (online metadata registry) is developed by AIHW"
5:699adb08-f1e5-4be8-b17b-792b62a6747d:1157431701303985152,4:699adb08-f1e5-4be8-b17b-792b62a6747d:1024,4:699adb08-f1e5-4be8-b17b-792b62a6747d:641,1.01,alias_leading,"SA NT DataLink: Key provider of data linkage services in the Northern Territory.
AIHW: NT Health metadata standards are consistent with national standard classifications, and METeOR (online metadata registry) is developed by AIHW.
NHMRC/HRECs: NT HREC approval is required for research projects.
ACSQHC: NT Health is committed to implementing the Australian Commission on Safety and Quality in Health Care (ACSQHC) National Clinical Trials Governance Framework.",NHMRC/HRECs: NT HREC approval is required for research projects
5:699adb08-f1e5-4be8-b17b-792b62a6747d:6919787424524533761,4:699adb08-f1e5-4be8-b17b-792b62a6747d:1025,4:699adb08-f1e5-4be8-b17b-792b62a6747d:1,1.02,name_leading,"NSW Health: CHeReL is a NSW Government website and works closely with NSW Health for data provision and linkage.
ACT Health: CHeReL provides data linkage services for ACT health data.
PHRN: CHeReL is part of the Population Health Research Network (PHRN).
Cancer Institute NSW: PHSREC is associated with Cancer Institute NSW, and CHeReL works with PHSREC for ethical approvals.",ACT Health: CHeReL provides data linkage services for ACT health data
5:699adb08-f1e5-4be8-b17b-792b62a6747d:6937801823034016383,4:699adb08-f1e5-4be8-b17b-792b62a6747d:1025,4:699adb08-f1e5-4be8-b17b-792b62a6747d:639,1.01,alias_leading,"NSW Health: CHeReL is a NSW Government website and works closely with NSW Health for data provision and linkage.
ACT Health: CHeReL provides data linkage services for ACT health data.
PHRN: CHeReL is part of the Population Health Research Network (PHRN).
Cancer Institute NSW: PHSREC is associated with Cancer Institute NSW, and CHeReL works with PHSREC for ethical approvals.",PHRN: CHeReL is part of the Population Health Research Network (PHRN)
5:699adb08-f1e5-4be8-b17b-792b62a6747d:6919787424524534408,4:699adb08-f1e5-4be8-b17b-792b62a6747d:1025,4:699adb08-f1e5-4be8-b17b-792b62a6747d:648,1.02,name_leading,"NSW Health: CHeReL is a NSW Government website and works closely with NSW Health for data provision and linkage.
ACT Health: CHeReL provides data linkage services for ACT health data.
PHRN: CHeReL is part of the Population Health Research Network (PHRN).
Cancer Institute NSW: PHSREC is associated with Cancer Institute NSW, and CHeReL works with PHSREC for ethical approvals.","Cancer Institute NSW: PHSREC is associated with Cancer Institute NSW, and CHeReL works with PHSREC for ethical approvals"
5:699adb08-f1e5-4be8-b17b-792b62a6747d:6922039224338219657,4:699adb08-f1e5-4be8-b17b-792b62a6747d:1025,4:699adb08-f1e5-4be8-b17b-792b62a6747d:649,1.0,override_force_accept,"NSW Health: CHeReL is a NSW Government website and works closely with NSW Health for data provision and linkage.
ACT Health: CHeReL provides data linkage services for ACT health data.
PHRN: CHeReL is part of the Population Health Research Network (PHRN).
Cancer Institute NSW: PHSREC is associated with Cancer Institute NSW, and CHeReL works with PHSREC for ethical approvals.",NSW Health: CHeReL is a NSW Government website and works closely with NSW Health for data provision and linkage
5:699adb08-f1e5-4be8-b17b-792b62a6747d:6924291024151904892,4:699adb08-f1e5-4be8-b17b-792b62a6747d:1026,4:699adb08-f1e5-4be8-b17b-792b62a6747d:636,1.02,name_leading,"Services Australia (for MBS, PBS, and Centrelink data used in linked projects); Population Health Research Network (PHRN) (national linkage network membership)","Services Australia (for MBS, PBS, and Centrelink data used in linked projects)"
5:699adb08-f1e5-4be8-b17b-792b62a6747d:6940053622847701631,4:699adb08-f1e5-4be8-b17b-792b62a6747d:1026,4:699adb08-f1e5-4be8-b17b-792b62a6747d:639,1.02,name_leading,"Services Australia (for MBS, PBS, and Centrelink data used in linked projects); Population Health Research Network (PHRN) (national linkage network membership)",Population Health Research Network (PHRN) (national linkage network membership)
5:699adb08-f1e5-4be8-b17b-792b62a6747d:6942305422661386871,4:699adb08-f1e5-4be8-b17b-792b62a6747d:1027,4:699adb08-f1e5-4be8-b17b-792b62a6747d:631,1.01,alias_leading,"PHRN: SURE is supported by the Population Health Research Network.
AIHW: AIHW data is accessed via SURE.
Cancer Institute NSW: Cancer Institute NSW data is accessed via SURE.
Department of Health and Aged Care: Australian Government National Collaborative Research Infrastructure Strategy (NCRIS) is an initiative of the Australian Government.
NSW Health: NSW Government supports SURE.",Department of Health and Aged Care: Australian Government National Collaborative Research Infrastructure Strategy (NCRIS) is an initiative of the Australian Government
5:699adb08-f1e5-4be8-b17b-792b62a6747d:6955816221543498361,4:699adb08-f1e5-4be8-b17b-792b62a6747d:1027,4:699adb08-f1e5-4be8-b17b-792b62a6747d:633,1.0,override_force_accept,"PHRN: SURE is supported by the Population Health Research Network.
AIHW: AIHW data is accessed via SURE.
Cancer Institute NSW: Cancer Institute NSW data is accessed via SURE.
Department of Health and Aged Care: Australian Government National Collaborative Research Infrastructure Strategy (NCRIS) is an initiative of the Australian Government.
NSW Health: NSW Government supports SURE.",AIHW: AIHW data is accessed via SURE
5:699adb08-f1e5-4be8-b17b-792b62a6747d:6942305422661386879,4:699adb08-f1e5-4be8-b17b-792b62a6747d:1027,4:699adb08-f1e5-4be8-b17b-792b62a6747d:639,1.01,alias_leading,"PHRN: SURE is supported by the Population Health Research Network.
AIHW: AIHW data is accessed via SURE.
Cancer Institute NSW: Cancer Institute NSW data is accessed via SURE.
Department of Health and Aged Care: Australian Government National Collaborative Research Infrastructure Strategy (NCRIS) is an initiative of the Australian Government.
NSW Health: NSW Government supports SURE.",PHRN: SURE is supported by the Population Health Research Network
5:699adb08-f1e5-4be8-b17b-792b62a6747d:6922039224338219656,4:699adb08-f1e5-4be8-b17b-792b62a6747d:1027,4:699adb08-f1e5-4be8-b17b-792b62a6747d:648,1.0,override_force_accept,"PHRN: SURE is supported by the Population Health Research Network.
AIHW: AIHW data is accessed via SURE.
Cancer Institute NSW: Cancer Institute NSW data is accessed via SURE.
Department of Health and Aged Care: Australian Government National Collaborative Research Infrastructure Strategy (NCRIS) is an initiative of the Australian Government.
NSW Health: NSW Government supports SURE.",Cancer Institute NSW: Cancer Institute NSW data is accessed via SURE
5:699adb08-f1e5-4be8-b17b-792b62a6747d:6924291024151904905,4:699adb08-f1e5-4be8-b17b-792b62a6747d:1027,4:699adb08-f1e5-4be8-b17b-792b62a6747d:649,1.0,override_force_accept,"PHRN: SURE is supported by the Population Health Research Network.
AIHW: AIHW data is accessed via SURE.
Cancer Institute NSW: Cancer Institute NSW data is accessed via SURE.
Department of Health and Aged Care: Australian Government National Collaborative Research Infrastructure Strategy (NCRIS) is an initiative of the Australian Government.
NSW Health: NSW Government supports SURE.",NSW Health: NSW Government supports SURE
5:699adb08-f1e5-4be8-b17b-792b62a6747d:1155179901490299509,4:699adb08-f1e5-4be8-b17b-792b62a6747d:629,4:699adb08-f1e5-4be8-b17b-792b62a6747d:631,1.01,alias_leading,"AIHW: Collaboration on data standards and national health data initiatives, as mentioned in the ACSQHC Data Plan 2024-2027.
Department of Health and Aged Care: Works in partnership on the National Clinical Quality Registry Program and other health initiatives.
NHMRC/HRECs: Engages with Human Research Ethics Committees for ethical oversight of data use in clinical quality registries.",Department of Health and Aged Care: Works in partnership on the National Clinical Quality Registry Program and other health initiatives
5:699adb08-f1e5-4be8-b17b-792b62a6747d:1152928101676614261,4:699adb08-f1e5-4be8-b17b-792b62a6747d:629,4:699adb08-f1e5-4be8-b17b-792b62a6747d:633,1.0,override_force_accept,"AIHW: Collaboration on data standards and national health data initiatives, as mentioned in the ACSQHC Data Plan 2024-2027.
Department of Health and Aged Care: Works in partnership on the National Clinical Quality Registry Program and other health initiatives.
NHMRC/HRECs: Engages with Human Research Ethics Committees for ethical oversight of data use in clinical quality registries.","AIHW: Collaboration on data standards and national health data initiatives, as mentioned in the ACSQHC Data Plan 2024-2027"
5:699adb08-f1e5-4be8-b17b-792b62a6747d:1157431701303984757,4:699adb08-f1e5-4be8-b17b-792b62a6747d:629,4:699adb08-f1e5-4be8-b17b-792b62a6747d:641,1.01,alias_leading,"AIHW: Collaboration on data standards and national health data initiatives, as mentioned in the ACSQHC Data Plan 2024-2027.
Department of Health and Aged Care: Works in partnership on the National Clinical Quality Registry Program and other health initiatives.
NHMRC/HRECs: Engages with Human Research Ethics Committees for ethical oversight of data use in clinical quality registries.",NHMRC/HRECs: Engages with Human Research Ethics Committees for ethical oversight of data use in clinical quality registries
5:699adb08-f1e5-4be8-b17b-792b62a6747d:1155179901490299510,4:699adb08-f1e5-4be8-b17b-792b62a6747d:630,4:699adb08-f1e5-4be8-b17b-792b62a6747d:631,1.01,alias_leading,"Australian Institute of Health and Welfare (AIHW): AIHW has been appointed as the Data Custodian to manage the use of My Health Record system data for research or public health purposes. [3]
Department of Health and Aged Care: The Department of Health and Aged Care is leading the implementation of the framework for secondary use of My Health Record data in partnership with ADHA and AIHW. [3]
Services Australia: ADHA collaborates with Services Australia for Healthcare Identifiers (HPI-Is, HPI-Os, IHIs) and eBusiness Service Centre support. [4]",Department of Health and Aged Care: The Department of Health and Aged Care is leading the implementation of the framework for secondary use of My Health Record data in partnership with ADHA and AIHW. [3]
5:699adb08-f1e5-4be8-b17b-792b62a6747d:1152928101676614262,4:699adb08-f1e5-4be8-b17b-792b62a6747d:630,4:699adb08-f1e5-4be8-b17b-792b62a6747d:633,1.02,name_leading,"Australian Institute of Health and Welfare (AIHW): AIHW has been appointed as the Data Custodian to manage the use of My Health Record system data for research or public health purposes. [3]
Department of Health and Aged Care: The Department of Health and Aged Care is leading the implementation of the framework for secondary use of My Health Record data in partnership with ADHA and AIHW. [3]
Services Australia: ADHA collaborates with Services Australia for Healthcare Identifiers (HPI-Is, HPI-Os, IHIs) and eBusiness Service Centre support. [4]",Australian Institute of Health and Welfare (AIHW): AIHW has been appointed as the Data Custodian to manage the use of My Health Record system data for research or public health purposes. [3]
5:699adb08-f1e5-4be8-b17b-792b62a6747d:1157431701303984758,4:699adb08-f1e5-4be8-b17b-792b62a6747d:630,4:699adb08-f1e5-4be8-b17b-792b62a6747d:636,1.02,name_leading,"Australian Institute of Health and Welfare (AIHW): AIHW has been appointed as the Data Custodian to manage the use of My Health Record system data for research or public health purposes. [3]
Department of Health and Aged Care: The Department of Health and Aged Care is leading the implementation of the framework for secondary use of My Health Record data in partnership with ADHA and AIHW. [3]
Services Australia: ADHA collaborates with Services Australia for Healthcare Identifiers (HPI-Is, HPI-Os, IHIs) and eBusiness Service Centre support. [4]","Services Australia: ADHA collaborates with Services Australia for Healthcare Identifiers (HPI-Is, HPI-Os, IHIs) and eBusiness Service Centre support. [4]"
5:699adb08-f1e5-4be8-b17b-792b62a6747d:1152928101676614263,4:699adb08-f1e5-4be8-b17b-792b62a6747d:631,4:699adb08-f1e5-4be8-b17b-792b62a6747d:633,1.0,override_force_accept,"Australian Institute of Health and Welfare (AIHW): Collaboration on National Integrated Health Services Information (NIHSI) and data linkage requests.
Services Australia: Holds Medicare statistics that can be helpful for health professionals, researchers, journalists and the general public.
State and Territory Health Authorities: Collaboration on National Integrated Health Services Information (NIHSI).",Australian Institute of Health and Welfare (AIHW): Collaboration on National Integrated Health Services Information (NIHSI) and data linkage requests
5:699adb08-f1e5-4be8-b17b-792b62a6747d:1155179901490299511,4:699adb08-f1e5-4be8-b17b-792b62a6747d:631,4:699adb08-f1e5-4be8-b17b-792b62a6747d:636,1.0,override_force_accept,"Australian Institute of Health and Welfare (AIHW): Collaboration on National Integrated Health Services Information (NIHSI) and data linkage requests.
Services Australia: Holds Medicare statistics that can be helpful for health professionals, researchers, journalists and the general public.
State and Territory Health Authorities: Collaboration on National Integrated Health Services Information (NIHSI).","Services Australia: Holds Medicare statistics that can be helpful for health professionals, researchers, journalists and the general public"
5:699adb08-f1e5-4be8-b17b-792b62a6747d:1155179901490299512,4:699adb08-f1e5-4be8-b17b-792b62a6747d:632,4:699adb08-f1e5-4be8-b17b-792b62a6747d:633,1.02,name_leading,"Australian Bureau of Statistics (ABS): Collaboration on the National Aboriginal and Torres Strait Islander Health Survey.
Australian Institute of Health and Welfare (AIHW): Collaboration on the Aboriginal and Torres Strait Islander Health Performance Framework reports.
National Health and Medical Research Council (NHMRC)/Human Research Ethics Committees (HRECs): AIATSIS works with the NHMRC and HRECs to ensure ethical research practices in Indigenous health research.",Australian Institute of Health and Welfare (AIHW): Collaboration on the Aboriginal and Torres Strait Islander Health Performance Framework reports
5:699adb08-f1e5-4be8-b17b-792b62a6747d:1157431701303984760,4:699adb08-f1e5-4be8-b17b-792b62a6747d:632,4:699adb08-f1e5-4be8-b17b-792b62a6747d:641,1.0,name_exact,"Australian Bureau of Statistics (ABS): Collaboration on the National Aboriginal and Torres Strait Islander Health Survey.
Australian Institute of Health and Welfare (AIHW): Collaboration on the Aboriginal and Torres Strait Islander Health Performance Framework reports.
National Health and Medical Research Council (NHMRC)/Human Research Ethics Committees (HRECs): AIATSIS works with the NHMRC and HRECs to ensure ethical research practices in Indigenous health research.",National Health and Medical Research Council (NHMRC)/Human Research Ethics Committees (HRECs): AIATSIS works with the NHMRC and HRECs to ensure ethical research practices in Indigenous health research
5:699adb08-f1e5-4be8-b17b-792b62a6747d:1152928101676614264,4:699adb08-f1e5-4be8-b17b-792b62a6747d:632,4:699adb08-f1e5-4be8-b17b-792b62a6747d:644,1.02,name_leading,"Australian Bureau of Statistics (ABS): Collaboration on the National Aboriginal and Torres Strait Islander Health Survey.
Australian Institute of Health and Welfare (AIHW): Collaboration on the Aboriginal and Torres Strait Islander Health Performance Framework reports.
National Health and Medical Research Council (NHMRC)/Human Research Ethics Committees (HRECs): AIATSIS works with the NHMRC and HRECs to ensure ethical research practices in Indigenous health research.",Australian Bureau of Statistics (ABS): Collaboration on the National Aboriginal and Torres Strait Islander Health Survey
5:699adb08-f1e5-4be8-b17b-792b62a6747d:1157431701303984761,4:699adb08-f1e5-4be8-b17b-792b62a6747d:633,4:699adb08-f1e5-4be8-b17b-792b62a6747d:1027,1.0,name_exact,"ABS: Collaboration on data integration and comparison of health expenditure.
Department of Social Services (DSS): Makes Data Over Multiple Individual Occurrences (DOMINO) accessible through the AIHW.
Sax Institute (SURE): Provides the Secure Unified Research Environment for AIHW data access.",Sax Institute (SURE): Provides the Secure Unified Research Environment for AIHW data access
5:699adb08-f1e5-4be8-b17b-792b62a6747d:1155179901490299513,4:699adb08-f1e5-4be8-b17b-792b62a6747d:633,4:699adb08-f1e5-4be8-b17b-792b62a6747d:634,1.02,name_leading,"ABS: Collaboration on data integration and comparison of health expenditure.
Department of Social Services (DSS): Makes Data Over Multiple Individual Occurrences (DOMINO) accessible through the AIHW.
Sax Institute (SURE): Provides the Secure Unified Research Environment for AIHW data access.",Department of Social Services (DSS): Makes Data Over Multiple Individual Occurrences (DOMINO) accessible through the AIHW
5:699adb08-f1e5-4be8-b17b-792b62a6747d:1152928101676614265,4:699adb08-f1e5-4be8-b17b-792b62a6747d:633,4:699adb08-f1e5-4be8-b17b-792b62a6747d:644,1.01,alias_leading,"ABS: Collaboration on data integration and comparison of health expenditure.
Department of Social Services (DSS): Makes Data Over Multiple Individual Occurrences (DOMINO) accessible through the AIHW.
Sax Institute (SURE): Provides the Secure Unified Research Environment for AIHW data access.",ABS: Collaboration on data integration and comparison of health expenditure
5:699adb08-f1e5-4be8-b17b-792b62a6747d:1155179901490299514,4:699adb08-f1e5-4be8-b17b-792b62a6747d:634,4:699adb08-f1e5-4be8-b17b-792b62a6747d:633,1.01,alias_leading,"Services Australia: DSS administrative analytical datasets for DOMINO are sourced from the Services Australia Enterprise Data Warehouse, and personal information is stored on Services Australia's cloud storage;AIHW: DSS makes DOMINO accessible through the AIHW, and AIHW is listed as a contact point for data access;ABS: ABS is listed as a contact point for data integration, and NDIS data has been linked to the Multi-Agency Data Integration Project (MADIP) by ABS.","AIHW: DSS makes DOMINO accessible through the AIHW, and AIHW is listed as a contact point for data access"
5:699adb08-f1e5-4be8-b17b-792b62a6747d:1152928101676614266,4:699adb08-f1e5-4be8-b17b-792b62a6747d:634,4:699adb08-f1e5-4be8-b17b-792b62a6747d:636,1.02,name_leading,"Services Australia: DSS administrative analytical datasets for DOMINO are sourced from the Services Australia Enterprise Data Warehouse, and personal information is stored on Services Australia's cloud storage;AIHW: DSS makes DOMINO accessible through the AIHW, and AIHW is listed as a contact point for data access;ABS: ABS is listed as a contact point for data integration, and NDIS data has been linked to the Multi-Agency Data Integration Project (MADIP) by ABS.","Services Australia: DSS administrative analytical datasets for DOMINO are sourced from the Services Australia Enterprise Data Warehouse, and personal information is stored on Services Australia's cloud storage"
5:699adb08-f1e5-4be8-b17b-792b62a6747d:1157431701303984762,4:699adb08-f1e5-4be8-b17b-792b62a6747d:634,4:699adb08-f1e5-4be8-b17b-792b62a6747d:644,1.01,alias_leading,"Services Australia: DSS administrative analytical datasets for DOMINO are sourced from the Services Australia Enterprise Data Warehouse, and personal information is stored on Services Australia's cloud storage;AIHW: DSS makes DOMINO accessible through the AIHW, and AIHW is listed as a contact point for data access;ABS: ABS is listed as a contact point for data integration, and NDIS data has been linked to the Multi-Agency Data Integration Project (MADIP) by ABS.","ABS: ABS is listed as a contact point for data integration, and NDIS data has been linked to the Multi-Agency Data Integration Project (MADIP) by ABS"
5:699adb08-f1e5-4be8-b17b-792b62a6747d:6922039224338219639,4:699adb08-f1e5-4be8-b17b-792b62a6747d:635,4:699adb08-f1e5-4be8-b17b-792b62a6747d:631,1.01,alias_leading,"AIHW: The AIHW receives de-identified PHDB data from the Department of Health and makes it available for research and reporting.
Department of Health and Aged Care: The Department of Health collects PHDB data directly from private hospitals and supplies de-identified data to the AIHW.
ABS: The AIHW partners with the ABS for secure data access environments like SEAM, which may be used for linked PHDB data.
PHRN: The Population Health Research Network (PHRN) supports researcher requests to access linked data, which could include PHDB data.",Department of Health and Aged Care: The Department of Health collects PHDB data directly from private hospitals and supplies de-identified data to the AIHW
5:699adb08-f1e5-4be8-b17b-792b62a6747d:6924291024151904889,4:699adb08-f1e5-4be8-b17b-792b62a6747d:635,4:699adb08-f1e5-4be8-b17b-792b62a6747d:633,1.01,alias_leading,"AIHW: The AIHW receives de-identified PHDB data from the Department of Health and makes it available for research and reporting.
Department of Health and Aged Care: The Department of Health collects PHDB data directly from private hospitals and supplies de-identified data to the AIHW.
ABS: The AIHW partners with the ABS for secure data access environments like SEAM, which may be used for linked PHDB data.
PHRN: The Population Health Research Network (PHRN) supports researcher requests to access linked data, which could include PHDB data.",AIHW: The AIHW receives de-identified PHDB data from the Department of Health and makes it available for research and reporting
5:699adb08-f1e5-4be8-b17b-792b62a6747d:1155179901490299515,4:699adb08-f1e5-4be8-b17b-792b62a6747d:635,4:699adb08-f1e5-4be8-b17b-792b62a6747d:639,1.01,alias_leading,"AIHW: The AIHW receives de-identified PHDB data from the Department of Health and makes it available for research and reporting.
Department of Health and Aged Care: The Department of Health collects PHDB data directly from private hospitals and supplies de-identified data to the AIHW.
ABS: The AIHW partners with the ABS for secure data access environments like SEAM, which may be used for linked PHDB data.
PHRN: The Population Health Research Network (PHRN) supports researcher requests to access linked data, which could include PHDB data.","PHRN: The Population Health Research Network (PHRN) supports researcher requests to access linked data, which could include PHDB data"
5:699adb08-f1e5-4be8-b17b-792b62a6747d:1152928101676614267,4:699adb08-f1e5-4be8-b17b-792b62a6747d:635,4:699adb08-f1e5-4be8-b17b-792b62a6747d:644,1.01,alias_leading,"AIHW: The AIHW receives de-identified PHDB data from the Department of Health and makes it available for research and reporting.
Department of Health and Aged Care: The Department of Health collects PHDB data directly from private hospitals and supplies de-identified data to the AIHW.
ABS: The AIHW partners with the ABS for secure data access environments like SEAM, which may be used for linked PHDB data.
PHRN: The Population Health Research Network (PHRN) supports researcher requests to access linked data, which could include PHDB data.","ABS: The AIHW partners with the ABS for secure data access environments like SEAM, which may be used for linked PHDB data"
5:699adb08-f1e5-4be8-b17b-792b62a6747d:6924291024151904887,4:699adb08-f1e5-4be8-b17b-792b62a6747d:636,4:699adb08-f1e5-4be8-b17b-792b62a6747d:631,1.01,alias_leading,"Department of Health and Aged Care: Services Australia works with the Department of Health and Aged Care as the relevant policy department to ensure legislation and regulations allow the access, use, and disclosure of data. They also source MBS and PBS data from Services Australia for Medicare compliance purposes.
AIHW: AIHW collects and publishes data related to MBS and PBS, often drawing on data originating from Services Australia.
ABS: Services Australia refers to the National Statistical Service website (which includes ABS) for integrating data from administrative or survey sources.","Department of Health and Aged Care: Services Australia works with the Department of Health and Aged Care as the relevant policy department to ensure legislation and regulations allow the access, use, and disclosure of data. They also source MBS and PBS data from Services Australia for Medicare compliance purposes"
5:699adb08-f1e5-4be8-b17b-792b62a6747d:6926542823965590137,4:699adb08-f1e5-4be8-b17b-792b62a6747d:636,4:699adb08-f1e5-4be8-b17b-792b62a6747d:633,1.01,alias_leading,"Department of Health and Aged Care: Services Australia works with the Department of Health and Aged Care as the relevant policy department to ensure legislation and regulations allow the access, use, and disclosure of data. They also source MBS and PBS data from Services Australia for Medicare compliance purposes.
AIHW: AIHW collects and publishes data related to MBS and PBS, often drawing on data originating from Services Australia.
ABS: Services Australia refers to the National Statistical Service website (which includes ABS) for integrating data from administrative or survey sources.","AIHW: AIHW collects and publishes data related to MBS and PBS, often drawing on data originating from Services Australia"
5:699adb08-f1e5-4be8-b17b-792b62a6747d:1152928101676614268,4:699adb08-f1e5-4be8-b17b-792b62a6747d:636,4:699adb08-f1e5-4be8-b17b-792b62a6747d:644,1.01,alias_leading,"Department of Health and Aged Care: Services Australia works with the Department of Health and Aged Care as the relevant policy department to ensure legislation and regulations allow the access, use, and disclosure of data. They also source MBS and PBS data from Services Australia for Medicare compliance purposes.
AIHW: AIHW collects and publishes data related to MBS and PBS, often drawing on data originating from Services Australia.
ABS: Services Australia refers to the National Statistical Service website (which includes ABS) for integrating data from administrative or survey sources.",ABS: Services Australia refers to the National Statistical Service website (which includes ABS) for integrating data from administrative or survey sources
5:699adb08-f1e5-4be8-b17b-792b62a6747d:6926542823965590135,4:699adb08-f1e5-4be8-b17b-792b62a6747d:637,4:699adb08-f1e5-4be8-b17b-792b62a6747d:631,1.01,alias_leading,"Australian Institute of Health and Welfare (AIHW): TGA plays a key role in the National Medicines Policy, which AIHW reports on.
Department of Health and Aged Care: TGA is part of the Australian Government Department of Health and Aged Care.
NHMRC/HRECs: Human Research Ethics Committees (HRECs) register with the National Health and Medical Research Council (NHMRC) and are involved in TGA-regulated clinical trials.",Department of Health and Aged Care: TGA is part of the Australian Government Department of Health and Aged Care
5:699adb08-f1e5-4be8-b17b-792b62a6747d:6928794623779275385,4:699adb08-f1e5-4be8-b17b-792b62a6747d:637,4:699adb08-f1e5-4be8-b17b-792b62a6747d:633,1.02,name_leading,"Australian Institute of Health and Welfare (AIHW): TGA plays a key role in the National Medicines Policy, which AIHW reports on.
Department of Health and Aged Care: TGA is part of the Australian Government Department of Health and Aged Care.
NHMRC/HRECs: Human Research Ethics Committees (HRECs) register with the National Health and Medical Research Council (NHMRC) and are involved in TGA-regulated clinical trials.","Australian Institute of Health and Welfare (AIHW): TGA plays a key role in the National Medicines Policy, which AIHW reports on"
5:699adb08-f1e5-4be8-b17b-792b62a6747d:1152928101676614269,4:699adb08-f1e5-4be8-b17b-792b62a6747d:637,4:699adb08-f1e5-4be8-b17b-792b62a6747d:641,1.01,alias_leading,"Australian Institute of Health and Welfare (AIHW): TGA plays a key role in the National Medicines Policy, which AIHW reports on.
Department of Health and Aged Care: TGA is part of the Australian Government Department of Health and Aged Care.
NHMRC/HRECs: Human Research Ethics Committees (HRECs) register with the National Health and Medical Research Council (NHMRC) and are involved in TGA-regulated clinical trials.",NHMRC/HRECs: Human Research Ethics Committees (HRECs) register with the National Health and Medical Research Council (NHMRC) and are involved in TGA-regulated clinical trials
5:699adb08-f1e5-4be8-b17b-792b62a6747d:6924291024151904885,4:699adb08-f1e5-4be8-b17b-792b62a6747d:638,4:699adb08-f1e5-4be8-b17b-792b62a6747d:629,1.01,alias_leading,"Department of Health and Aged Care: funding for the program
RACGP: MedicineInsight is GP practice longitudinal prescribing and clinical data, RACGP is a key partner in general practice
ACSQHC: The Australian Commission on Safety and Quality in Health Care is the custodian of the MedicineInsight program",ACSQHC: The Australian Commission on Safety and Quality in Health Care is the custodian of the MedicineInsight program
5:699adb08-f1e5-4be8-b17b-792b62a6747d:6928794623779275383,4:699adb08-f1e5-4be8-b17b-792b62a6747d:638,4:699adb08-f1e5-4be8-b17b-792b62a6747d:631,1.01,alias_leading,"Department of Health and Aged Care: funding for the program
RACGP: MedicineInsight is GP practice longitudinal prescribing and clinical data, RACGP is a key partner in general practice
ACSQHC: The Australian Commission on Safety and Quality in Health Care is the custodian of the MedicineInsight program",Department of Health and Aged Care: funding for the program
5:699adb08-f1e5-4be8-b17b-792b62a6747d:1159683501117670015,4:699adb08-f1e5-4be8-b17b-792b62a6747d:639,4:699adb08-f1e5-4be8-b17b-792b62a6747d:0,0.96,alias_exact,"AIHW: PHRN supported the development of the National Health Data Hub, which is managed by AIHW.
NSW Health: PHRN delivers coordinated data linkage infrastructure through partners in state governments, including NSW Health.
WA Health: PHRN delivers coordinated data linkage infrastructure through partners in state governments, including WA Health.
SA Health/SA NT DataLink: PHRN delivers coordinated data linkage infrastructure through partners in state governments, including SA Health.
Tasmanian DoH/TDLU: PHRN delivers coordinated data linkage infrastructure through partners in state governments, including Tasmanian Government Department of Health.
Queensland Health: PHRN delivers coordinated data linkage infrastructure through partners in state governments, including Queensland Government Department of Health.
Department of Health and Aged Care: PHRN receives core funding from the Australian Government’s National Collaborative Research Infrastructure Strategy (NCRIS) program, which is a Department of Health and Aged Care initiative.","Tasmanian DoH/TDLU: PHRN delivers coordinated data linkage infrastructure through partners in state governments, including Tasmanian Government Department of Health"
5:699adb08-f1e5-4be8-b17b-792b62a6747d:1157431701303984767,4:699adb08-f1e5-4be8-b17b-792b62a6747d:639,4:699adb08-f1e5-4be8-b17b-792b62a6747d:1026,1.02,name_leading,"AIHW: PHRN supported the development of the National Health Data Hub, which is managed by AIHW.
NSW Health: PHRN delivers coordinated data linkage infrastructure through partners in state governments, including NSW Health.
WA Health: PHRN delivers coordinated data linkage infrastructure through partners in state governments, including WA Health.
SA Health/SA NT DataLink: PHRN delivers coordinated data linkage infrastructure through partners in state governments, including SA Health.
Tasmanian DoH/TDLU: PHRN delivers coordinated data linkage infrastructure through partners in state governments, including Tasmanian Government Department of Health.
Queensland Health: PHRN delivers coordinated data linkage infrastructure through partners in state governments, including Queensland Government Department of Health.
Department of Health and Aged Care: PHRN receives core funding from the Australian Government’s National Collaborative Research Infrastructure Strategy (NCRIS) program, which is a Department of Health and Aged Care initiative.","SA Health/SA NT DataLink: PHRN delivers coordinated data linkage infrastructure through partners in state governments, including SA Health"
5:699adb08-f1e5-4be8-b17b-792b62a6747d:1164187100745040511,4:699adb08-f1e5-4be8-b17b-792b62a6747d:639,4:699adb08-f1e5-4be8-b17b-792b62a6747d:631,1.01,alias_leading,"AIHW: PHRN supported the development of the National Health Data Hub, which is managed by AIHW.
NSW Health: PHRN delivers coordinated data linkage infrastructure through partners in state governments, including NSW Health.
WA Health: PHRN delivers coordinated data linkage infrastructure through partners in state governments, including WA Health.
SA Health/SA NT DataLink: PHRN delivers coordinated data linkage infrastructure through partners in state governments, including SA Health.
Tasmanian DoH/TDLU: PHRN delivers coordinated data linkage infrastructure through partners in state governments, including Tasmanian Government Department of Health.
Queensland Health: PHRN delivers coordinated data linkage infrastructure through partners in state governments, including Queensland Government Department of Health.
Department of Health and Aged Care: PHRN receives core funding from the Australian Government’s National Collaborative Research Infrastructure Strategy (NCRIS) program, which is a Department of Health and Aged Care initiative.","Department of Health and Aged Care: PHRN receives core funding from the Australian Government’s National Collaborative Research Infrastructure Strategy (NCRIS) program, which is a Department of Health and Aged Care initiative"
5:699adb08-f1e5-4be8-b17b-792b62a6747d:6931046423592960633,4:699adb08-f1e5-4be8-b17b-792b62a6747d:639,4:699adb08-f1e5-4be8-b17b-792b62a6747d:633,1.01,alias_leading,"AIHW: PHRN supported the development of the National Health Data Hub, which is managed by AIHW.
NSW Health: PHRN delivers coordinated data linkage infrastructure through partners in state governments, including NSW Health.
WA Health: PHRN delivers coordinated data linkage infrastructure through partners in state governments, including WA Health.
SA Health/SA NT DataLink: PHRN delivers coordinated data linkage infrastructure through partners in state governments, including SA Health.
Tasmanian DoH/TDLU: PHRN delivers coordinated data linkage infrastructure through partners in state governments, including Tasmanian Government Department of Health.
Queensland Health: PHRN delivers coordinated data linkage infrastructure through partners in state governments, including Queensland Government Department of Health.
Department of Health and Aged Care: PHRN receives core funding from the Australian Government’s National Collaborative Research Infrastructure Strategy (NCRIS) program, which is a Department of Health and Aged Care initiative.","AIHW: PHRN supported the development of the National Health Data Hub, which is managed by AIHW"
5:699adb08-f1e5-4be8-b17b-792b62a6747d:1152928101676614271,4:699adb08-f1e5-4be8-b17b-792b62a6747d:639,4:699adb08-f1e5-4be8-b17b-792b62a6747d:649,1.0,override_force_accept,"AIHW: PHRN supported the development of the National Health Data Hub, which is managed by AIHW.
NSW Health: PHRN delivers coordinated data linkage infrastructure through partners in state governments, including NSW Health.
WA Health: PHRN delivers coordinated data linkage infrastructure through partners in state governments, including WA Health.
SA Health/SA NT DataLink: PHRN delivers coordinated data linkage infrastructure through partners in state governments, including SA Health.
Tasmanian DoH/TDLU: PHRN delivers coordinated data linkage infrastructure through partners in state governments, including Tasmanian Government Department of Health.
Queensland Health: PHRN delivers coordinated data linkage infrastructure through partners in state governments, including Queensland Government Department of Health.
Department of Health and Aged Care: PHRN receives core funding from the Australian Government’s National Collaborative Research Infrastructure Strategy (NCRIS) program, which is a Department of Health and Aged Care initiative.","NSW Health: PHRN delivers coordinated data linkage infrastructure through partners in state governments, including NSW Health"
5:699adb08-f1e5-4be8-b17b-792b62a6747d:1161935300931355263,4:699adb08-f1e5-4be8-b17b-792b62a6747d:639,4:699adb08-f1e5-4be8-b17b-792b62a6747d:654,1.02,name_leading,"AIHW: PHRN supported the development of the National Health Data Hub, which is managed by AIHW.
NSW Health: PHRN delivers coordinated data linkage infrastructure through partners in state governments, including NSW Health.
WA Health: PHRN delivers coordinated data linkage infrastructure through partners in state governments, including WA Health.
SA Health/SA NT DataLink: PHRN delivers coordinated data linkage infrastructure through partners in state governments, including SA Health.
Tasmanian DoH/TDLU: PHRN delivers coordinated data linkage infrastructure through partners in state governments, including Tasmanian Government Department of Health.
Queensland Health: PHRN delivers coordinated data linkage infrastructure through partners in state governments, including Queensland Government Department of Health.
Department of Health and Aged Care: PHRN receives core funding from the Australian Government’s National Collaborative Research Infrastructure Strategy (NCRIS) program, which is a Department of Health and Aged Care initiative.","Queensland Health: PHRN delivers coordinated data linkage infrastructure through partners in state governments, including Queensland Government Department of Health"
5:699adb08-f1e5-4be8-b17b-792b62a6747d:1155179901490299519,4:699adb08-f1e5-4be8-b17b-792b62a6747d:639,4:699adb08-f1e5-4be8-b17b-792b62a6747d:655,1.0,override_force_accept,"AIHW: PHRN supported the development of the National Health Data Hub, which is managed by AIHW.
NSW Health: PHRN delivers coordinated data linkage infrastructure through partners in state governments, including NSW Health.
WA Health: PHRN delivers coordinated data linkage infrastructure through partners in state governments, including WA Health.
SA Health/SA NT DataLink: PHRN delivers coordinated data linkage infrastructure through partners in state governments, including SA Health.
Tasmanian DoH/TDLU: PHRN delivers coordinated data linkage infrastructure through partners in state governments, including Tasmanian Government Department of Health.
Queensland Health: PHRN delivers coordinated data linkage infrastructure through partners in state governments, including Queensland Government Department of Health.
Department of Health and Aged Care: PHRN receives core funding from the Australian Government’s National Collaborative Research Infrastructure Strategy (NCRIS) program, which is a Department of Health and Aged Care initiative.","WA Health: PHRN delivers coordinated data linkage infrastructure through partners in state governments, including WA Health"
5:699adb08-f1e5-4be8-b17b-792b62a6747d:1155179901490299520,4:699adb08-f1e5-4be8-b17b-792b62a6747d:640,4:699adb08-f1e5-4be8-b17b-792b62a6747d:631,1.01,alias_leading,"AIHW: Collaboration on the National Health Data Hub (NHDH) to improve access to high-quality health data and a Memorandum of Understanding for a long-term partnership.
ABS: Collaboration on making ABS datasets available for research.
Department of Health and Aged Care: ARDC is supported by the Australian Government through the National Collaborative Research Infrastructure Strategy (NCRIS), which includes initiatives relevant to health data.
NHMRC/HRECs: ARDC's Trusted Research Environments Framework provides principles and standards for governance, infrastructure, and practices to ensure ethical handling of sensitive data, which aligns with HREC requirements.","Department of Health and Aged Care: ARDC is supported by the Australian Government through the National Collaborative Research Infrastructure Strategy (NCRIS), which includes initiatives relevant to health data"
5:699adb08-f1e5-4be8-b17b-792b62a6747d:6933298223406645881,4:699adb08-f1e5-4be8-b17b-792b62a6747d:640,4:699adb08-f1e5-4be8-b17b-792b62a6747d:633,1.01,alias_leading,"AIHW: Collaboration on the National Health Data Hub (NHDH) to improve access to high-quality health data and a Memorandum of Understanding for a long-term partnership.
ABS: Collaboration on making ABS datasets available for research.
Department of Health and Aged Care: ARDC is supported by the Australian Government through the National Collaborative Research Infrastructure Strategy (NCRIS), which includes initiatives relevant to health data.
NHMRC/HRECs: ARDC's Trusted Research Environments Framework provides principles and standards for governance, infrastructure, and practices to ensure ethical handling of sensitive data, which aligns with HREC requirements.",AIHW: Collaboration on the National Health Data Hub (NHDH) to improve access to high-quality health data and a Memorandum of Understanding for a long-term partnership
5:699adb08-f1e5-4be8-b17b-792b62a6747d:1157431701303984768,4:699adb08-f1e5-4be8-b17b-792b62a6747d:640,4:699adb08-f1e5-4be8-b17b-792b62a6747d:641,1.01,alias_leading,"AIHW: Collaboration on the National Health Data Hub (NHDH) to improve access to high-quality health data and a Memorandum of Understanding for a long-term partnership.
ABS: Collaboration on making ABS datasets available for research.
Department of Health and Aged Care: ARDC is supported by the Australian Government through the National Collaborative Research Infrastructure Strategy (NCRIS), which includes initiatives relevant to health data.
NHMRC/HRECs: ARDC's Trusted Research Environments Framework provides principles and standards for governance, infrastructure, and practices to ensure ethical handling of sensitive data, which aligns with HREC requirements.","NHMRC/HRECs: ARDC's Trusted Research Environments Framework provides principles and standards for governance, infrastructure, and practices to ensure ethical handling of sensitive data, which aligns with HREC requirements"
5:699adb08-f1e5-4be8-b17b-792b62a6747d:1152928101676614272,4:699adb08-f1e5-4be8-b17b-792b62a6747d:640,4:699adb08-f1e5-4be8-b17b-792b62a6747d:644,1.01,alias_leading,"AIHW: Collaboration on the National Health Data Hub (NHDH) to improve access to high-quality health data and a Memorandum of Understanding for a long-term partnership.
ABS: Collaboration on making ABS datasets available for research.
Department of Health and Aged Care: ARDC is supported by the Australian Government through the National Collaborative Research Infrastructure Strategy (NCRIS), which includes initiatives relevant to health data.
NHMRC/HRECs: ARDC's Trusted Research Environments Framework provides principles and standards for governance, infrastructure, and practices to ensure ethical handling of sensitive data, which aligns with HREC requirements.",ABS: Collaboration on making ABS datasets available for research
5:699adb08-f1e5-4be8-b17b-792b62a6747d:1157431701303984769,4:699adb08-f1e5-4be8-b17b-792b62a6747d:641,4:699adb08-f1e5-4be8-b17b-792b62a6747d:631,1.01,alias_leading,"ABS: NHMRC utilizes ABS standards for research classifications and data definitions, such as the ABS 2020 Standard for sex and gender in health and medical research.
AIHW: NHMRC collaborates with AIHW and ABS on data integration initiatives, including the creation of pilot datasets.
Department of Health and Aged Care: As a Commonwealth entity, NHMRC works closely with the Department of Health and Aged Care on national health policy, research funding, and ethical guidelines.","Department of Health and Aged Care: As a Commonwealth entity, NHMRC works closely with the Department of Health and Aged Care on national health policy, research funding, and ethical guidelines"
5:699adb08-f1e5-4be8-b17b-792b62a6747d:1155179901490299521,4:699adb08-f1e5-4be8-b17b-792b62a6747d:641,4:699adb08-f1e5-4be8-b17b-792b62a6747d:633,1.0,override_force_accept,"ABS: NHMRC utilizes ABS standards for research classifications and data definitions, such as the ABS 2020 Standard for sex and gender in health and medical research.
AIHW: NHMRC collaborates with AIHW and ABS on data integration initiatives, including the creation of pilot datasets.
Department of Health and Aged Care: As a Commonwealth entity, NHMRC works closely with the Department of Health and Aged Care on national health policy, research funding, and ethical guidelines.","AIHW: NHMRC collaborates with AIHW and ABS on data integration initiatives, including the creation of pilot datasets"
5:699adb08-f1e5-4be8-b17b-792b62a6747d:1152928101676614273,4:699adb08-f1e5-4be8-b17b-792b62a6747d:641,4:699adb08-f1e5-4be8-b17b-792b62a6747d:644,1.01,alias_leading,"ABS: NHMRC utilizes ABS standards for research classifications and data definitions, such as the ABS 2020 Standard for sex and gender in health and medical research.
AIHW: NHMRC collaborates with AIHW and ABS on data integration initiatives, including the creation of pilot datasets.
Department of Health and Aged Care: As a Commonwealth entity, NHMRC works closely with the Department of Health and Aged Care on national health policy, research funding, and ethical guidelines.","ABS: NHMRC utilizes ABS standards for research classifications and data definitions, such as the ABS 2020 Standard for sex and gender in health and medical research"
5:699adb08-f1e5-4be8-b17b-792b62a6747d:6931046423592960631,4:699adb08-f1e5-4be8-b17b-792b62a6747d:642,4:699adb08-f1e5-4be8-b17b-792b62a6747d:631,1.01,alias_leading,"AIHW: collaboration on the review of Online Services Report (OSR) and National Key Performance Indicators (nKPIs);Department of Health and Aged Care: commissioned AIHW to review OSR and nKPIs, and NACCHO advocates for policy reforms with government departments;ACCHOs: NACCHO is the national peak body representing 148 ACCHOs, supporting their data collection and use;ICSPR: repository for Profile and Forces of Change data for researchers.","Department of Health and Aged Care: commissioned AIHW to review OSR and nKPIs, and NACCHO advocates for policy reforms with government departments"
5:699adb08-f1e5-4be8-b17b-792b62a6747d:6935550023220331129,4:699adb08-f1e5-4be8-b17b-792b62a6747d:642,4:699adb08-f1e5-4be8-b17b-792b62a6747d:633,1.01,alias_leading,"AIHW: collaboration on the review of Online Services Report (OSR) and National Key Performance Indicators (nKPIs);Department of Health and Aged Care: commissioned AIHW to review OSR and nKPIs, and NACCHO advocates for policy reforms with government departments;ACCHOs: NACCHO is the national peak body representing 148 ACCHOs, supporting their data collection and use;ICSPR: repository for Profile and Forces of Change data for researchers.",AIHW: collaboration on the review of Online Services Report (OSR) and National Key Performance Indicators (nKPIs)
5:699adb08-f1e5-4be8-b17b-792b62a6747d:6933298223406645879,4:699adb08-f1e5-4be8-b17b-792b62a6747d:643,4:699adb08-f1e5-4be8-b17b-792b62a6747d:631,1.01,alias_leading,"Australian Institute of Health and Welfare (AIHW): AIHW is a Primary Health Insights participant and is required to maintain the same data governance requirements as PHNs for the data held in its secure lock box.
Department of Health and Aged Care: The development and implementation of Primary Health Insights was funded by the Australian Government Department of Health.
Primary Health Networks (PHNs): Primary Health Insights is a collaborative initiative of the PHNs, and the platform is owned by them.",Department of Health and Aged Care: The development and implementation of Primary Health Insights was funded by the Australian Government Department of Health
5:699adb08-f1e5-4be8-b17b-792b62a6747d:6937801823034016377,4:699adb08-f1e5-4be8-b17b-792b62a6747d:643,4:699adb08-f1e5-4be8-b17b-792b62a6747d:633,1.02,name_leading,"Australian Institute of Health and Welfare (AIHW): AIHW is a Primary Health Insights participant and is required to maintain the same data governance requirements as PHNs for the data held in its secure lock box.
Department of Health and Aged Care: The development and implementation of Primary Health Insights was funded by the Australian Government Department of Health.
Primary Health Networks (PHNs): Primary Health Insights is a collaborative initiative of the PHNs, and the platform is owned by them.",Australian Institute of Health and Welfare (AIHW): AIHW is a Primary Health Insights participant and is required to maintain the same data governance requirements as PHNs for the data held in its secure lock box
5:699adb08-f1e5-4be8-b17b-792b62a6747d:6935550023220331127,4:699adb08-f1e5-4be8-b17b-792b62a6747d:644,4:699adb08-f1e5-4be8-b17b-792b62a6747d:631,1.01,alias_leading,"Australian Institute of Health and Welfare (AIHW): The ABS and AIHW collaborate on a range of health and welfare statistics, including data linkage projects.
Department of Health and Aged Care: The ABS provides key health data that informs the Department's policy and program development.
Services Australia: The ABS links its data with data from Services Australia to create integrated datasets for research and statistical purposes.",Department of Health and Aged Care: The ABS provides key health data that informs the Department's policy and program development
5:699adb08-f1e5-4be8-b17b-792b62a6747d:6940053622847701625,4:699adb08-f1e5-4be8-b17b-792b62a6747d:644,4:699adb08-f1e5-4be8-b17b-792b62a6747d:633,1.0,override_force_accept,"Australian Institute of Health and Welfare (AIHW): The ABS and AIHW collaborate on a range of health and welfare statistics, including data linkage projects.
Department of Health and Aged Care: The ABS provides key health data that informs the Department's policy and program development.
Services Australia: The ABS links its data with data from Services Australia to create integrated datasets for research and statistical purposes.","Australian Institute of Health and Welfare (AIHW): The ABS and AIHW collaborate on a range of health and welfare statistics, including data linkage projects"
5:699adb08-f1e5-4be8-b17b-792b62a6747d:6919787424524534396,4:699adb08-f1e5-4be8-b17b-792b62a6747d:644,4:699adb08-f1e5-4be8-b17b-792b62a6747d:636,1.0,override_force_accept,"Australian Institute of Health and Welfare (AIHW): The ABS and AIHW collaborate on a range of health and welfare statistics, including data linkage projects.
Department of Health and Aged Care: The ABS provides key health data that informs the Department's policy and program development.
Services Australia: The ABS links its data with data from Services Australia to create integrated datasets for research and statistical purposes.",Services Australia: The ABS links its data with data from Services Australia to create integrated datasets for research and statistical purposes
5:699adb08-f1e5-4be8-b17b-792b62a6747d:1157431701303984773,4:699adb08-f1e5-4be8-b17b-792b62a6747d:645,4:699adb08-f1e5-4be8-b17b-792b62a6747d:631,1.01,alias_leading,"ABS: Collaboration on National Disability Data Asset (NDDA) and data integration. ABS receives de-identified data from AIHW for NDDA preparation.
Services Australia: Data from Medicare Consumer Directory and Centrelink Data Over Multiple Individual Occurrences (DOMINO) are linked by AIHW DISC.
Department of Health and Aged Care: Partner in the National Health Data Hub (NHDH).
NSW Health: Partner in the National Health Data Hub (NHDH).
Queensland Health: Partner in the National Health Data Hub (NHDH).
Population Health Research Network (PHRN): Partner in the National Health Data Hub (NHDH).",Department of Health and Aged Care: Partner in the National Health Data Hub (NHDH)
5:699adb08-f1e5-4be8-b17b-792b62a6747d:1155179901490299525,4:699adb08-f1e5-4be8-b17b-792b62a6747d:645,4:699adb08-f1e5-4be8-b17b-792b62a6747d:636,1.02,name_leading,"ABS: Collaboration on National Disability Data Asset (NDDA) and data integration. ABS receives de-identified data from AIHW for NDDA preparation.
Services Australia: Data from Medicare Consumer Directory and Centrelink Data Over Multiple Individual Occurrences (DOMINO) are linked by AIHW DISC.
Department of Health and Aged Care: Partner in the National Health Data Hub (NHDH).
NSW Health: Partner in the National Health Data Hub (NHDH).
Queensland Health: Partner in the National Health Data Hub (NHDH).
Population Health Research Network (PHRN): Partner in the National Health Data Hub (NHDH).",Services Australia: Data from Medicare Consumer Directory and Centrelink Data Over Multiple Individual Occurrences (DOMINO) are linked by AIHW DISC
5:699adb08-f1e5-4be8-b17b-792b62a6747d:1164187100745040517,4:699adb08-f1e5-4be8-b17b-792b62a6747d:645,4:699adb08-f1e5-4be8-b17b-792b62a6747d:639,1.02,name_leading,"ABS: Collaboration on National Disability Data Asset (NDDA) and data integration. ABS receives de-identified data from AIHW for NDDA preparation.
Services Australia: Data from Medicare Consumer Directory and Centrelink Data Over Multiple Individual Occurrences (DOMINO) are linked by AIHW DISC.
Department of Health and Aged Care: Partner in the National Health Data Hub (NHDH).
NSW Health: Partner in the National Health Data Hub (NHDH).
Queensland Health: Partner in the National Health Data Hub (NHDH).
Population Health Research Network (PHRN): Partner in the National Health Data Hub (NHDH).",Population Health Research Network (PHRN): Partner in the National Health Data Hub (NHDH)
5:699adb08-f1e5-4be8-b17b-792b62a6747d:1152928101676614277,4:699adb08-f1e5-4be8-b17b-792b62a6747d:645,4:699adb08-f1e5-4be8-b17b-792b62a6747d:644,1.01,alias_leading,"ABS: Collaboration on National Disability Data Asset (NDDA) and data integration. ABS receives de-identified data from AIHW for NDDA preparation.
Services Australia: Data from Medicare Consumer Directory and Centrelink Data Over Multiple Individual Occurrences (DOMINO) are linked by AIHW DISC.
Department of Health and Aged Care: Partner in the National Health Data Hub (NHDH).
NSW Health: Partner in the National Health Data Hub (NHDH).
Queensland Health: Partner in the National Health Data Hub (NHDH).
Population Health Research Network (PHRN): Partner in the National Health Data Hub (NHDH).",ABS: Collaboration on National Disability Data Asset (NDDA) and data integration. ABS receives de-identified data from AIHW for NDDA preparation
5:699adb08-f1e5-4be8-b17b-792b62a6747d:1159683501117670021,4:699adb08-f1e5-4be8-b17b-792b62a6747d:645,4:699adb08-f1e5-4be8-b17b-792b62a6747d:649,1.0,override_force_accept,"ABS: Collaboration on National Disability Data Asset (NDDA) and data integration. ABS receives de-identified data from AIHW for NDDA preparation.
Services Australia: Data from Medicare Consumer Directory and Centrelink Data Over Multiple Individual Occurrences (DOMINO) are linked by AIHW DISC.
Department of Health and Aged Care: Partner in the National Health Data Hub (NHDH).
NSW Health: Partner in the National Health Data Hub (NHDH).
Queensland Health: Partner in the National Health Data Hub (NHDH).
Population Health Research Network (PHRN): Partner in the National Health Data Hub (NHDH).",NSW Health: Partner in the National Health Data Hub (NHDH)
5:699adb08-f1e5-4be8-b17b-792b62a6747d:1161935300931355269,4:699adb08-f1e5-4be8-b17b-792b62a6747d:645,4:699adb08-f1e5-4be8-b17b-792b62a6747d:654,1.02,name_leading,"ABS: Collaboration on National Disability Data Asset (NDDA) and data integration. ABS receives de-identified data from AIHW for NDDA preparation.
Services Australia: Data from Medicare Consumer Directory and Centrelink Data Over Multiple Individual Occurrences (DOMINO) are linked by AIHW DISC.
Department of Health and Aged Care: Partner in the National Health Data Hub (NHDH).
NSW Health: Partner in the National Health Data Hub (NHDH).
Queensland Health: Partner in the National Health Data Hub (NHDH).
Population Health Research Network (PHRN): Partner in the National Health Data Hub (NHDH).",Queensland Health: Partner in the National Health Data Hub (NHDH)
5:699adb08-f1e5-4be8-b17b-792b62a6747d:1152928101676614278,4:699adb08-f1e5-4be8-b17b-792b62a6747d:646,4:699adb08-f1e5-4be8-b17b-792b62a6747d:644,1.02,name_leading,"Reserve Bank of Australia (RBA): Memorandum of Understanding for consultation, information sharing, and coordination on financial stability issues. 
Private Health Insurers: APRA collects data from private health insurers as part of its regulatory function. 
Australian Bureau of Statistics (ABS): APRA conducts consultation with the superannuation industry on additional superannuation data collected under reporting standards and primarily used by ABS.",Australian Bureau of Statistics (ABS): APRA conducts consultation with the superannuation industry on additional superannuation data collected under reporting standards and primarily used by ABS
5:699adb08-f1e5-4be8-b17b-792b62a6747d:6937801823034016375,4:699adb08-f1e5-4be8-b17b-792b62a6747d:647,4:699adb08-f1e5-4be8-b17b-792b62a6747d:631,1.01,alias_leading,"Department of Health and Aged Care: Partner agency in PLIDA [4]
Services Australia: Partner agency in PLIDA [4]
Australian Institute of Health and Welfare: Observer on PLIDA Board [4]",Department of Health and Aged Care: Partner agency in PLIDA [4]
5:699adb08-f1e5-4be8-b17b-792b62a6747d:6942305422661386873,4:699adb08-f1e5-4be8-b17b-792b62a6747d:647,4:699adb08-f1e5-4be8-b17b-792b62a6747d:633,1.02,name_leading,"Department of Health and Aged Care: Partner agency in PLIDA [4]
Services Australia: Partner agency in PLIDA [4]
Australian Institute of Health and Welfare: Observer on PLIDA Board [4]",Australian Institute of Health and Welfare: Observer on PLIDA Board [4]
5:699adb08-f1e5-4be8-b17b-792b62a6747d:6922039224338219644,4:699adb08-f1e5-4be8-b17b-792b62a6747d:647,4:699adb08-f1e5-4be8-b17b-792b62a6747d:636,1.02,name_leading,"Department of Health and Aged Care: Partner agency in PLIDA [4]
Services Australia: Partner agency in PLIDA [4]
Australian Institute of Health and Welfare: Observer on PLIDA Board [4]",Services Australia: Partner agency in PLIDA [4]
5:699adb08-f1e5-4be8-b17b-792b62a6747d:1152928101676614280,4:699adb08-f1e5-4be8-b17b-792b62a6747d:648,4:699adb08-f1e5-4be8-b17b-792b62a6747d:649,1.0,override_force_accept,NSW Health - Ministry of Health NSW (Cancer Institute NSW is a statutory body within the NSW Health portfolio),NSW Health - Ministry of Health NSW (Cancer Institute NSW is a statutory body within the NSW Health portfolio)
5:699adb08-f1e5-4be8-b17b-792b62a6747d:1152928101676614281,4:699adb08-f1e5-4be8-b17b-792b62a6747d:649,4:699adb08-f1e5-4be8-b17b-792b62a6747d:1025,1.0,override_force_accept,"CHeReL: NSW Health partners with CHeReL for secure record linkage of health data for research and policy development [3].
Cancer Institute NSW: NSW Health works with the Cancer Institute NSW, which provides cancer data and statistics [2].
Bureau of Health Information: NSW Health collaborates with the Bureau of Health Information, which publishes independent reports and data about the performance of the public healthcare system in NSW [2].",CHeReL: NSW Health partners with CHeReL for secure record linkage of health data for research and policy development [3]
5:699adb08-f1e5-4be8-b17b-792b62a6747d:1155179901490299529,4:699adb08-f1e5-4be8-b17b-792b62a6747d:649,4:699adb08-f1e5-4be8-b17b-792b62a6747d:648,1.02,name_leading,"CHeReL: NSW Health partners with CHeReL for secure record linkage of health data for research and policy development [3].
Cancer Institute NSW: NSW Health works with the Cancer Institute NSW, which provides cancer data and statistics [2].
Bureau of Health Information: NSW Health collaborates with the Bureau of Health Information, which publishes independent reports and data about the performance of the public healthcare system in NSW [2].","Cancer Institute NSW: NSW Health works with the Cancer Institute NSW, which provides cancer data and statistics [2]"
5:699adb08-f1e5-4be8-b17b-792b62a6747d:6944557222475072121,4:699adb08-f1e5-4be8-b17b-792b62a6747d:650,4:699adb08-f1e5-4be8-b17b-792b62a6747d:633,1.01,alias_leading,"PHRN: CVDL was established with funding from the national Population Health Research Network (PHRN) and is part of the PHRN network.
AIHW: Some datasets are assembled for submission to the Australian Institute for Health and Welfare (AIHW) for national reporting.
Registry of Births Deaths and Marriages: CVDL obtains Births and Deaths (VDI) data from the Registry of Births Deaths and Marriages under a Memorandum of Understanding.",AIHW: Some datasets are assembled for submission to the Australian Institute for Health and Welfare (AIHW) for national reporting
5:699adb08-f1e5-4be8-b17b-792b62a6747d:6931046423592960639,4:699adb08-f1e5-4be8-b17b-792b62a6747d:650,4:699adb08-f1e5-4be8-b17b-792b62a6747d:639,1.0,override_force_accept,"PHRN: CVDL was established with funding from the national Population Health Research Network (PHRN) and is part of the PHRN network.
AIHW: Some datasets are assembled for submission to the Australian Institute for Health and Welfare (AIHW) for national reporting.
Registry of Births Deaths and Marriages: CVDL obtains Births and Deaths (VDI) data from the Registry of Births Deaths and Marriages under a Memorandum of Understanding.",PHRN: CVDL was established with funding from the national Population Health Research Network (PHRN) and is part of the PHRN network
5:699adb08-f1e5-4be8-b17b-792b62a6747d:6940053622847701623,4:699adb08-f1e5-4be8-b17b-792b62a6747d:651,4:699adb08-f1e5-4be8-b17b-792b62a6747d:631,1.01,alias_leading,"AIHW: CVDL assembles data for national reporting to AIHW [3]
Department of Health and Aged Care: HACC data for people aged 65+ transferred to Commonwealth Department of Health and Aged Care [3]
Victorian Cancer Registry: VCR data is integrated into CVDL's Integrated Data Resource [3]",Department of Health and Aged Care: HACC data for people aged 65+ transferred to Commonwealth Department of Health and Aged Care [3]
5:699adb08-f1e5-4be8-b17b-792b62a6747d:6946809022288757369,4:699adb08-f1e5-4be8-b17b-792b62a6747d:651,4:699adb08-f1e5-4be8-b17b-792b62a6747d:633,1.01,alias_leading,"AIHW: CVDL assembles data for national reporting to AIHW [3]
Department of Health and Aged Care: HACC data for people aged 65+ transferred to Commonwealth Department of Health and Aged Care [3]
Victorian Cancer Registry: VCR data is integrated into CVDL's Integrated Data Resource [3]",AIHW: CVDL assembles data for national reporting to AIHW [3]
5:699adb08-f1e5-4be8-b17b-792b62a6747d:1152928101676614283,4:699adb08-f1e5-4be8-b17b-792b62a6747d:651,4:699adb08-f1e5-4be8-b17b-792b62a6747d:652,1.02,name_leading,"AIHW: CVDL assembles data for national reporting to AIHW [3]
Department of Health and Aged Care: HACC data for people aged 65+ transferred to Commonwealth Department of Health and Aged Care [3]
Victorian Cancer Registry: VCR data is integrated into CVDL's Integrated Data Resource [3]",Victorian Cancer Registry: VCR data is integrated into CVDL's Integrated Data Resource [3]
5:699adb08-f1e5-4be8-b17b-792b62a6747d:6949060822102442617,4:699adb08-f1e5-4be8-b17b-792b62a6747d:652,4:699adb08-f1e5-4be8-b17b-792b62a6747d:633,1.02,name_leading,Australian Institute of Health and Welfare (AIHW) (for compiling national cancer figures); VAHI (Victorian Agency for Health Information) (Victorian health system reporting and governance alignment),Australian Institute of Health and Welfare (AIHW) (for compiling national cancer figures)
5:699adb08-f1e5-4be8-b17b-792b62a6747d:6919787424524534411,4:699adb08-f1e5-4be8-b17b-792b62a6747d:652,4:699adb08-f1e5-4be8-b17b-792b62a6747d:651,1.01,alias_leading,Australian Institute of Health and Welfare (AIHW) (for compiling national cancer figures); VAHI (Victorian Agency for Health Information) (Victorian health system reporting and governance alignment),VAHI (Victorian Agency for Health Information) (Victorian health system reporting and governance alignment)
5:699adb08-f1e5-4be8-b17b-792b62a6747d:6924291024151904896,4:699adb08-f1e5-4be8-b17b-792b62a6747d:653,4:699adb08-f1e5-4be8-b17b-792b62a6747d:640,1.01,alias_leading,"ARDC: QCIF receives investment from ARDC for the HeSANDA Queensland node and collaborates on secure eResearch platforms like KeyPoint.
Health Translation Queensland: Administers the HeSANDA Queensland node in collaboration with QCIF.
University of Queensland: Collaborating organization on the NINA project and a partner in the development of KeyPoint.",ARDC: QCIF receives investment from ARDC for the HeSANDA Queensland node and collaborates on secure eResearch platforms like KeyPoint
5:699adb08-f1e5-4be8-b17b-792b62a6747d:6951312621916127865,4:699adb08-f1e5-4be8-b17b-792b62a6747d:654,4:699adb08-f1e5-4be8-b17b-792b62a6747d:633,1.02,name_leading,Australian Institute of Health and Welfare (AIHW) (national hospital data reporting); QCIF (secure infrastructure used by Queensland researchers working with Queensland Health data); PHRN (through Data Linkage Queensland / SALUD for linkage); Cancer Institute NSW (cross-state cancer registry comparison work),Australian Institute of Health and Welfare (AIHW) (national hospital data reporting)
5:699adb08-f1e5-4be8-b17b-792b62a6747d:1155179901490299534,4:699adb08-f1e5-4be8-b17b-792b62a6747d:654,4:699adb08-f1e5-4be8-b17b-792b62a6747d:639,1.0,override_force_accept,Australian Institute of Health and Welfare (AIHW) (national hospital data reporting); QCIF (secure infrastructure used by Queensland researchers working with Queensland Health data); PHRN (through Data Linkage Queensland / SALUD for linkage); Cancer Institute NSW (cross-state cancer registry comparison work),PHRN (through Data Linkage Queensland / SALUD for linkage)
5:699adb08-f1e5-4be8-b17b-792b62a6747d:1157431701303984782,4:699adb08-f1e5-4be8-b17b-792b62a6747d:654,4:699adb08-f1e5-4be8-b17b-792b62a6747d:648,1.02,name_leading,Australian Institute of Health and Welfare (AIHW) (national hospital data reporting); QCIF (secure infrastructure used by Queensland researchers working with Queensland Health data); PHRN (through Data Linkage Queensland / SALUD for linkage); Cancer Institute NSW (cross-state cancer registry comparison work),Cancer Institute NSW (cross-state cancer registry comparison work)
5:699adb08-f1e5-4be8-b17b-792b62a6747d:1152928101676614286,4:699adb08-f1e5-4be8-b17b-792b62a6747d:654,4:699adb08-f1e5-4be8-b17b-792b62a6747d:653,1.01,alias_leading,Australian Institute of Health and Welfare (AIHW) (national hospital data reporting); QCIF (secure infrastructure used by Queensland researchers working with Queensland Health data); PHRN (through Data Linkage Queensland / SALUD for linkage); Cancer Institute NSW (cross-state cancer registry comparison work),QCIF (secure infrastructure used by Queensland researchers working with Queensland Health data)
5:699adb08-f1e5-4be8-b17b-792b62a6747d:6953564421729813113,4:699adb08-f1e5-4be8-b17b-792b62a6747d:655,4:699adb08-f1e5-4be8-b17b-792b62a6747d:633,1.0,override_force_accept,Australian Institute of Health and Welfare (AIHW) (cross-jurisdictional research and reporting); Population Health Research Network (PHRN) (national linkage network membership),Australian Institute of Health and Welfare (AIHW) (cross-jurisdictional research and reporting)
5:699adb08-f1e5-4be8-b17b-792b62a6747d:6933298223406645887,4:699adb08-f1e5-4be8-b17b-792b62a6747d:655,4:699adb08-f1e5-4be8-b17b-792b62a6747d:639,1.0,override_force_accept,Australian Institute of Health and Welfare (AIHW) (cross-jurisdictional research and reporting); Population Health Research Network (PHRN) (national linkage network membership),Population Health Research Network (PHRN) (national linkage network membership)
