entity_type,entity_id,entity_name,field_name,current_value,issue_type,review_priority,source_urls,source_url_count,candidate_value,evidence_status,confidence,notes
custodian,custodian:australian-commission-on-safety-and-quality-in-health-care,Australian Commission on Safety and Quality in Health Care,Access Pathway Steps,"Not publicly available for general ACSQHC data. For MedicineInsight data: Step 1: Submit application | Actor: Researcher | Form/Portal: Not specified, contact medicineinsight@safetyandquality.gov.au | Duration: Not specified",placeholder,P1,https://www.safetyandquality.gov.au/about-us; https://www.safetyandquality.gov.au/our-work/indicators-measurement-and-reporting/national-guidance-clinical-quality-registries; https://www.safetyandquality.gov.au/our-work/indicators-measurement-and-reporting/medicineinsight/medicineinsight-privacy-security-and-governance; https://www.safetyandquality.gov.au/about-us/governance/data-governance; https://www.health.gov.au/our-work/national-clinical-quality-registry-program?language=en,5,,needs_refresh,,
custodian,custodian:australian-commission-on-safety-and-quality-in-health-care,Australian Commission on Safety and Quality in Health Care,TRE / Secure Access Platform,,blank_optional,P2,https://www.safetyandquality.gov.au/about-us; https://www.safetyandquality.gov.au/our-work/indicators-measurement-and-reporting/national-guidance-clinical-quality-registries; https://www.safetyandquality.gov.au/our-work/indicators-measurement-and-reporting/medicineinsight/medicineinsight-privacy-security-and-governance; https://www.safetyandquality.gov.au/about-us/governance/data-governance; https://www.health.gov.au/our-work/national-clinical-quality-registry-program?language=en,5,,needs_refresh,,
custodian,custodian:australian-commission-on-safety-and-quality-in-health-care,Australian Commission on Safety and Quality in Health Care,Indicative Timeline,"Not publicly available for general ACSQHC data. For other Commonwealth entities, data access can range from 4-6 months for approved requests.",placeholder,P2,https://www.safetyandquality.gov.au/about-us; https://www.safetyandquality.gov.au/our-work/indicators-measurement-and-reporting/national-guidance-clinical-quality-registries; https://www.safetyandquality.gov.au/our-work/indicators-measurement-and-reporting/medicineinsight/medicineinsight-privacy-security-and-governance; https://www.safetyandquality.gov.au/about-us/governance/data-governance; https://www.health.gov.au/our-work/national-clinical-quality-registry-program?language=en,5,,needs_refresh,,
custodian,custodian:australian-digital-health-agency,Australian Digital Health Agency,Access Pathway Steps,"Step 1: Initial Inquiry | Actor: Researcher | Form/Portal: Not publicly available, likely via AIHW | Duration: Not publicly available
Step 2: Application Submission | Actor: Researcher | Form/Portal: Not publicly available, likely via AIHW | Duration: Not publicly available
Step 3: Review by My Health Record Data Governance Board | Actor: My Health Record Data Governance Board (representatives from AIHW, ADHA, Aboriginal and Torres Strait Islander Peoples’ Advisory Panel, independent experts) | Form/Portal: Not publicly available | Duration: Not publicly available
Step 4: Data Release | Actor: AIHW | Form/Portal: Not publicly available | Duration: Not publicly available",placeholder,P1,https://www.digitalhealth.gov.au/; https://www.digitalhealth.gov.au/about-us; https://www.digitalhealth.gov.au/initiatives-and-programs/my-health-record/manage-your-record/privacy-and-access/secondary-use-of-data; https://www.digitalhealth.gov.au/support/contact-us,4,,needs_refresh,,
custodian,custodian:australian-digital-health-agency,Australian Digital Health Agency,TRE / Secure Access Platform,,blank_optional,P2,https://www.digitalhealth.gov.au/; https://www.digitalhealth.gov.au/about-us; https://www.digitalhealth.gov.au/initiatives-and-programs/my-health-record/manage-your-record/privacy-and-access/secondary-use-of-data; https://www.digitalhealth.gov.au/support/contact-us,4,,needs_refresh,,
custodian,custodian:australian-digital-health-agency,Australian Digital Health Agency,Indicative Timeline,Not publicly available,placeholder,P2,https://www.digitalhealth.gov.au/; https://www.digitalhealth.gov.au/about-us; https://www.digitalhealth.gov.au/initiatives-and-programs/my-health-record/manage-your-record/privacy-and-access/secondary-use-of-data; https://www.digitalhealth.gov.au/support/contact-us,4,,needs_refresh,,
custodian,custodian:australian-institute-of-health-and-welfare,Australian Institute of Health and Welfare,Access Pathway Steps,"Step 1: Check publicly available data | Actor: Researcher | Form/Portal: AIHW website (various topic areas) | Duration: Varies
Step 2: Check 'Our data collections' | Actor: Researcher | Form/Portal: https://www.aihw.gov.au/about-our-data/our-data-collections | Duration: Varies
Step 3: Contact experts | Actor: Researcher | Form/Portal: Email address provided in data collections | Duration: Varies
Step 4: Complete data on request form | Actor: Researcher | Form/Portal: Data on request form (specific URL not provided) | Duration: Varies
For DATA Scheme requests:
Step 1: Become an accredited user | Actor: Researcher | Form/Portal: Not specified | Duration: Varies
Step 2: Submit request via Dataplace | Actor: Researcher | Form/Portal: Dataplace (specific URL not provided) | Duration: Varies",placeholder,P1,https://www.aihw.gov.au/; https://www.aihw.gov.au/about-us/our-role-organisation-goals; https://www.aihw.gov.au/about-our-data/our-data-collections; https://www.aihw.gov.au/about-our-data/our-data-collections/australian-cancer-database; https://www.aihw.gov.au/about-our-data/our-data-collections/national-death-index; https://www.aihw.gov.au/about-our-data/our-data-collections/national-hospitals-data-collection; https://www.aihw.gov.au/about-our-data/accessing-data-through-the-aihw; https://www.aihw.gov.au/about-our-data/accessing-data-through-the-aihw/data-on-request; https://www.saxinstitute.org.au/solutions/sure/; https://www.aihw.gov.au/about-our-data/data-governance/the-five-safes-framework,10,,needs_refresh,,
custodian,custodian:department-of-social-services,Department of Social Services,Access Pathway Steps,Step 1: Register an account | Actor: Researcher | Form/Portal: DSS Request Data Portal (https://requestdata.dss.gov.au/) | Duration: Not publicly available;Step 2: Submit a data request | Actor: Researcher | Form/Portal: DSS Request Data Portal (https://requestdata.dss.gov.au/) | Duration: Not publicly available,placeholder,P1,https://www.dss.gov.au/access-information/information-publication-scheme/requesting-our-data; https://requestdata.dss.gov.au/; https://dss.aristotlecloud.io/steward/dss/; https://dss.aristotlecloud.io/item/1942; https://dataresearch.ndis.gov.au/,5,,needs_refresh,,
custodian,custodian:department-of-social-services,Department of Social Services,TRE / Secure Access Platform,,blank_optional,P2,https://www.dss.gov.au/access-information/information-publication-scheme/requesting-our-data; https://requestdata.dss.gov.au/; https://dss.aristotlecloud.io/steward/dss/; https://dss.aristotlecloud.io/item/1942; https://dataresearch.ndis.gov.au/,5,,needs_refresh,,
custodian,custodian:department-of-social-services,Department of Social Services,Indicative Timeline,Not publicly available,placeholder,P2,https://www.dss.gov.au/access-information/information-publication-scheme/requesting-our-data; https://requestdata.dss.gov.au/; https://dss.aristotlecloud.io/steward/dss/; https://dss.aristotlecloud.io/item/1942; https://dataresearch.ndis.gov.au/,5,,needs_refresh,,
custodian,custodian:private-hospital-data-bureau,Private Hospital Data Bureau,Access Pathway Steps,"Step 1: Initial Inquiry | Actor: Researcher | Form/Portal: AIHW website (https://www.aihw.gov.au/about-our-data/accessing-data-through-the-aihw/data-on-request) | Duration: Not specified
Step 2: Check Publicly Available Data | Actor: Researcher | Form/Portal: AIHW website (https://www.aihw.gov.au/about-our-data/our-data-collections) | Duration: 1-2 weeks
Step 3: Contact Experts | Actor: Researcher | Form/Portal: hospitaldata@aihw.gov.au | Duration: 1-2 weeks
Step 4: Complete Data on Request Form | Actor: Researcher | Form/Portal: AIHW Data on Request Form (https://www.aihw.gov.au/about-our-data/accessing-data-through-the-aihw/data-on-request) | Duration: 2-4 weeks
Step 5: Ethical Approval (if required) | Actor: AIHW Ethics Committee | Form/Portal: AIHW Ethics Committee application (https://www.aihw.gov.au/about-our-data/accessing-data-through-the-aihw/data-on-request) | Duration: Up to 3 months (quarterly meetings)
Step 6: Data Provision | Actor: AIHW | Form/Portal: Not specified (secure transfer) | Duration: 2 weeks to several months (depending on complexity)",placeholder,P1,https://www.aihw.gov.au/about-our-data/our-data-collections/private-hospital-data-bureau-phdb-data-collection; https://www.health.gov.au/topics/hospital-care/our-role/phdb-data?language=en; https://www.aihw.gov.au/about-our-data/accessing-data-through-the-aihw; https://www.aihw.gov.au/about-our-data/accessing-data-through-the-aihw/data-on-request; https://www.aihw.gov.au/reports-data/nhdh/researcher-access-eligibility-costs,5,,needs_refresh,,
custodian,custodian:services-australia,Services Australia,Access Pathway Steps,"Step 1: Initial Inquiry & Assessment | Actor: Researcher & Services Australia | Form/Portal: Email to external.information.release@servicesaustralia.gov.au | Duration: Not specified
Step 2: Document Completion & Compliance Check | Actor: Researcher & Services Australia | Form/Portal: Documents provided by Services Australia | Duration: Not specified
Step 3: Data Extraction & Review | Actor: Services Australia | Form/Portal: Internal process | Duration: Not specified
Step 4: Quality Assurance & Invoice | Actor: Services Australia | Form/Portal: Internal process | Duration: Not specified
Step 5: Data Release | Actor: Services Australia | Form/Portal: Not specified (implied secure transfer) | Duration: 4-6 months",placeholder,P1,https://www.servicesaustralia.gov.au/statistical-information-and-data?context=22; https://www.ihacpa.gov.au/health-care/data/data-access-and-release-researchers; https://www.health.gov.au/sites/default/files/2025-07/data-matching-notice-data-matching-for-medicare-compliance-purposes.pdf; https://www.aihw.gov.au/about-our-data/our-data-collections/medicare-benefits-schedule-mbs; https://www.oaic.gov.au/privacy/privacy-legislation/the-privacy-act,5,,needs_refresh,,
custodian,custodian:therapeutic-goods-administration,Therapeutic Goods Administration,Access Pathway Steps,"Step 1: Initial Inquiry | Actor: Researcher | Form/Portal: TGA General Enquiries (info@tga.gov.au or 1800 020 653) | Duration: Not publicly available
Step 2: Formal Data Request (if applicable) | Actor: Researcher | Form/Portal: Freedom of Information (FOI) request (tga.foi@health.gov.au) | Duration: 30 calendar days (may be extended)
Step 3: Data Access (if approved) | Actor: TGA | Form/Portal: No dedicated TRE – data provided via secure file transfer or public database access | Duration: Not publicly available",placeholder,P1,https://www.tga.gov.au/; https://www.tga.gov.au/resources/datasets; https://www.tga.gov.au/products/unapproved-therapeutic-goods/access-pathways; https://www.tga.gov.au/about-us/using-our-website/privacy; https://www.tga.gov.au/contact-us; https://www.tga.gov.au/resources/legislation/privacy-act-1988; https://www.tga.gov.au/sites/default/files/access-hrec.pdf; https://www.aihw.gov.au/reports/medicines/medicines-in-the-health-system; https://www.health.gov.au/contacts/therapeutic-goods-administration-tga?language=en,9,,needs_refresh,,
custodian,custodian:therapeutic-goods-administration,Therapeutic Goods Administration,TRE / Secure Access Platform,,blank_optional,P2,https://www.tga.gov.au/; https://www.tga.gov.au/resources/datasets; https://www.tga.gov.au/products/unapproved-therapeutic-goods/access-pathways; https://www.tga.gov.au/about-us/using-our-website/privacy; https://www.tga.gov.au/contact-us; https://www.tga.gov.au/resources/legislation/privacy-act-1988; https://www.tga.gov.au/sites/default/files/access-hrec.pdf; https://www.aihw.gov.au/reports/medicines/medicines-in-the-health-system; https://www.health.gov.au/contacts/therapeutic-goods-administration-tga?language=en,9,,needs_refresh,,
custodian,custodian:therapeutic-goods-administration,Therapeutic Goods Administration,Indicative Timeline,Not publicly available for general research data access requests. FOI requests have a 30-day processing time.,placeholder,P2,https://www.tga.gov.au/; https://www.tga.gov.au/resources/datasets; https://www.tga.gov.au/products/unapproved-therapeutic-goods/access-pathways; https://www.tga.gov.au/about-us/using-our-website/privacy; https://www.tga.gov.au/contact-us; https://www.tga.gov.au/resources/legislation/privacy-act-1988; https://www.tga.gov.au/sites/default/files/access-hrec.pdf; https://www.aihw.gov.au/reports/medicines/medicines-in-the-health-system; https://www.health.gov.au/contacts/therapeutic-goods-administration-tga?language=en,9,,needs_refresh,,
custodian,custodian:medicineinsight-australian-commission-on-safety-and-quality-in-health-care,MedicineInsight (Australian Commission on Safety and Quality in Health Care),Access Pathway Steps,"Step 1: Enquire to determine the MedicineInsight data required for your project | Actor: Researcher | Form/Portal: Email QUMprogram@safetyandquality.gov.au | Duration: Not specified
Step 2: Confirm MedicineInsight data requirements and determine pricing | Actor: MedicineInsight (ACSQHC) | Form/Portal: Not specified | Duration: 2-3 weeks
Step 3: Project review and approval by independent Data Governance Committee | Actor: Data Governance Committee | Form/Portal: Not specified | Duration: Committee meets every 2 months
Step 4: Grant access to MedicineInsight reports or data | Actor: MedicineInsight (ACSQHC) | Form/Portal: Not specified | Duration: As agreed",placeholder,P1,https://www.nps.org.au/medicine-insight; https://www.safetyandquality.gov.au/our-work/indicators-measurement-and-reporting/medicineinsight/medicineinsight-privacy-security-and-governance; https://www.nps.org.au/about-us/services/health-insights/medicineinsight/how-to-access; https://www.nps.org.au/medicine-insight/privacy-security-governance,4,,needs_refresh,,
custodian,custodian:medicineinsight-australian-commission-on-safety-and-quality-in-health-care,MedicineInsight (Australian Commission on Safety and Quality in Health Care),TRE / Secure Access Platform,,blank_optional,P2,https://www.nps.org.au/medicine-insight; https://www.safetyandquality.gov.au/our-work/indicators-measurement-and-reporting/medicineinsight/medicineinsight-privacy-security-and-governance; https://www.nps.org.au/about-us/services/health-insights/medicineinsight/how-to-access; https://www.nps.org.au/medicine-insight/privacy-security-governance,4,,needs_refresh,,
custodian,custodian:population-health-research-network,Population Health Research Network,Access Pathway Steps,"Step 1: Consultation | Actor: Researcher and PHRN Client Services team | Form/Portal: N/A | Duration: Not publicly available
Step 2: Application | Actor: Researcher | Form/Portal: PHRN Online Application System (OAS) | Duration: Not publicly available
Step 3: Approval | Actor: Data custodians, Data Linkage Units (DLUs), Ethics committees | Form/Portal: N/A | Duration: Not publicly available
Step 4: Data linkage | Actor: Data Linkage Units (DLUs) | Form/Portal: N/A | Duration: Not publicly available
Step 5: Data access and analysis | Actor: Researcher | Form/Portal: Secure access environment | Duration: Not publicly available
Step 6: Publication | Actor: Researcher | Form/Portal: N/A | Duration: Not publicly available",placeholder,P1,https://www.phrn.org.au/about/; https://www.phrn.org.au/data/types-of-data/; https://www.phrn.org.au/data/how-to-apply/; https://www.phrn.org.au/about/our-partners-and-funders/,4,,needs_refresh,,
custodian,custodian:population-health-research-network,Population Health Research Network,TRE / Secure Access Platform,,blank_optional,P2,https://www.phrn.org.au/about/; https://www.phrn.org.au/data/types-of-data/; https://www.phrn.org.au/data/how-to-apply/; https://www.phrn.org.au/about/our-partners-and-funders/,4,,needs_refresh,,
custodian,custodian:population-health-research-network,Population Health Research Network,Indicative Timeline,Not publicly available,placeholder,P2,https://www.phrn.org.au/about/; https://www.phrn.org.au/data/types-of-data/; https://www.phrn.org.au/data/how-to-apply/; https://www.phrn.org.au/about/our-partners-and-funders/,4,,needs_refresh,,
custodian,custodian:australian-research-data-commons,Australian Research Data Commons,TRE / Secure Access Platform,,blank_optional,P2,https://ardc.edu.au/; https://ardc.edu.au/services/health-data-australia/; https://researchdata.edu.au/health/data-access; https://ardc.edu.au/resource/trusted-research-environments-framework/; https://ardc.edu.au/project/secure-eresearch-platform/; https://documentation.ardc.edu.au/hda/hesanda-node-network-contact-details,6,,needs_refresh,,
custodian,custodian:australian-research-data-commons,Australian Research Data Commons,Indicative Timeline,Not publicly available. The timeline for data receipt is highly variable and depends on the data provider's specific governance requirements and review processes.,placeholder,P2,https://ardc.edu.au/; https://ardc.edu.au/services/health-data-australia/; https://researchdata.edu.au/health/data-access; https://ardc.edu.au/resource/trusted-research-environments-framework/; https://ardc.edu.au/project/secure-eresearch-platform/; https://documentation.ardc.edu.au/hda/hesanda-node-network-contact-details,6,,needs_refresh,,
custodian,custodian:national-aboriginal-community-controlled-health-organisation,National Aboriginal Community Controlled Health Organisation,Access Pathway Steps,Step 1: Submit written request to NACCHO|Actor: Researcher|Form/Portal: Data Request Form available on NACCHO’s website (not a specific URL found)|Duration: Not publicly available;Step 2: Request consideration by NACCHO’s Senior Director for Research and Evaluation|Actor: NACCHO|Form/Portal: Internal process|Duration: Not publicly available;Step 3: Agree to and abide by the Data Use Agreement|Actor: Researcher|Form/Portal: Data Use Agreement|Duration: Not publicly available;Step 4: Obtain authorization from appropriate local health officials for identified data|Actor: Researcher|Form/Portal: Written authorization|Duration: Not publicly available,placeholder,P1,https://www.naccho.org.au/; https://www.naccho.org.au/policy/; https://www.naccho.org.au/privacy-policy/; https://www.naccho.org.au/governance/; https://www.aihw.gov.au/reports/indigenous-australians/review-of-the-two-national-indigenous-specific-pri/summary; https://www.naccho.org/uploads/downloadable-resources/Data-Release-Policy_Profile-2019.pdf,6,,needs_refresh,,
custodian,custodian:national-aboriginal-community-controlled-health-organisation,National Aboriginal Community Controlled Health Organisation,TRE / Secure Access Platform,,blank_optional,P2,https://www.naccho.org.au/; https://www.naccho.org.au/policy/; https://www.naccho.org.au/privacy-policy/; https://www.naccho.org.au/governance/; https://www.aihw.gov.au/reports/indigenous-australians/review-of-the-two-national-indigenous-specific-pri/summary; https://www.naccho.org/uploads/downloadable-resources/Data-Release-Policy_Profile-2019.pdf,6,,needs_refresh,,
custodian,custodian:national-aboriginal-community-controlled-health-organisation,National Aboriginal Community Controlled Health Organisation,Indicative Timeline,Not publicly available,placeholder,P2,https://www.naccho.org.au/; https://www.naccho.org.au/policy/; https://www.naccho.org.au/privacy-policy/; https://www.naccho.org.au/governance/; https://www.aihw.gov.au/reports/indigenous-australians/review-of-the-two-national-indigenous-specific-pri/summary; https://www.naccho.org/uploads/downloadable-resources/Data-Release-Policy_Profile-2019.pdf,6,,needs_refresh,,
custodian,custodian:phn-cooperative-primary-health-insights,PHN Cooperative / Primary Health Insights,Access Pathway Steps,Not publicly available,placeholder,P1,https://www.primaryhealthinsights.org.au/; https://www.phncooperative.org.au/; https://static1.squarespace.com/static/5d8d987f1f23b42c65541c06/t/624bc7aee9dc9b090b1944fa/1649133488950/PHNs+National+Data+Governance+Policy.pdf; https://www.primaryhealthinsights.org.au/about; https://www.primaryhealthinsights.org.au/how-primary-health-insights-works,5,,needs_refresh,,
custodian,custodian:phn-cooperative-primary-health-insights,PHN Cooperative / Primary Health Insights,Indicative Timeline,Not publicly available,placeholder,P2,https://www.primaryhealthinsights.org.au/; https://www.phncooperative.org.au/; https://static1.squarespace.com/static/5d8d987f1f23b42c65541c06/t/624bc7aee9dc9b090b1944fa/1649133488950/PHNs+National+Data+Governance+Policy.pdf; https://www.primaryhealthinsights.org.au/about; https://www.primaryhealthinsights.org.au/how-primary-health-insights-works,5,,needs_refresh,,
custodian,custodian:australian-institute-of-health-and-welfare-data-integration-services-centre,Australian Institute of Health and Welfare Data Integration Services Centre,Access Pathway Steps,"Step 1: Submit project proposal form | Actor: Researcher | Form/Portal: Project proposal form (via AIHW website) | Duration: Not publicly available
Step 2: Project proposal reviewed and assessed | Actor: AIHW Data Custodian, AIHW Ethics Committee secretary, NHDH Advisory Committee, other data custodians | Form/Portal: Internal review process | Duration: Not publicly available
Step 3: Approval obtained | Actor: AIHW | Form/Portal: N/A | Duration: Not publicly available
Step 4: Onboarding training and secure access setup | Actor: Researcher, AIHW | Form/Portal: N/A | Duration: Not publicly available
Step 5: Submit Output Clearance Request Form for data release | Actor: Researcher | Form/Portal: Output Clearance Request Form (via AIHW website) | Duration: Not publicly available",placeholder,P1,https://www.aihw.gov.au/our-services/data-linkage/data-linkage-services; https://www.aihw.gov.au/about-our-data/linked-data-assets; https://www.aihw.gov.au/about-our-data/accessing-data-through-the-aihw; https://www.aihw.gov.au/reports-data/nhdh/access; https://www.aihw.gov.au/about-us/committees/aihw-ethics-committee; https://www.aihw.gov.au/about-our-data/data-governance; https://www.aihw.gov.au/our-services/data-linkage/our-secure-linkage-environment; https://ardc.edu.au/project/linked-data-asset-australian-health-research/,8,,needs_refresh,,
custodian,custodian:australian-institute-of-health-and-welfare-data-integration-services-centre,Australian Institute of Health and Welfare Data Integration Services Centre,TRE / Secure Access Platform,,blank_optional,P2,https://www.aihw.gov.au/our-services/data-linkage/data-linkage-services; https://www.aihw.gov.au/about-our-data/linked-data-assets; https://www.aihw.gov.au/about-our-data/accessing-data-through-the-aihw; https://www.aihw.gov.au/reports-data/nhdh/access; https://www.aihw.gov.au/about-us/committees/aihw-ethics-committee; https://www.aihw.gov.au/about-our-data/data-governance; https://www.aihw.gov.au/our-services/data-linkage/our-secure-linkage-environment; https://ardc.edu.au/project/linked-data-asset-australian-health-research/,8,,needs_refresh,,
custodian,custodian:australian-institute-of-health-and-welfare-data-integration-services-centre,Australian Institute of Health and Welfare Data Integration Services Centre,Indicative Timeline,Not publicly available (process can vary based on project complexity),placeholder,P2,https://www.aihw.gov.au/our-services/data-linkage/data-linkage-services; https://www.aihw.gov.au/about-our-data/linked-data-assets; https://www.aihw.gov.au/about-our-data/accessing-data-through-the-aihw; https://www.aihw.gov.au/reports-data/nhdh/access; https://www.aihw.gov.au/about-us/committees/aihw-ethics-committee; https://www.aihw.gov.au/about-our-data/data-governance; https://www.aihw.gov.au/our-services/data-linkage/our-secure-linkage-environment; https://ardc.edu.au/project/linked-data-asset-australian-health-research/,8,,needs_refresh,,
custodian,custodian:australian-prudential-regulation-authority,Australian Prudential Regulation Authority,Access Pathway Steps,Not publicly available for external researchers to access granular data. APRA publishes aggregate statistics.,placeholder,P1,https://www.apra.gov.au/quarterly-private-health-insurance-statistics; https://www.apra.gov.au/about-us; https://www.apra.gov.au/statistics; https://www.apra.gov.au/private-health-insurance-reform-data-collection-0; https://www.rba.gov.au/fin-stability/reg-framework/memoranda-of-understanding/mou-apra-2025.html,5,,needs_refresh,,
custodian,custodian:australian-prudential-regulation-authority,Australian Prudential Regulation Authority,Ethics and Governance Requirements,"APRA's data collection and management are governed by the Financial Sector (Collection of Data) Act 2001. APRA also has prudential standards such as CPS 234 Information Security and CPG 235 Managing Data Risk, which apply to regulated entities reporting data to APRA. These frameworks ensure the security and integrity of the data APRA collects. Specific ethics and governance requirements for external researchers accessing granular data from APRA are not publicly available.",placeholder,P2,https://www.apra.gov.au/quarterly-private-health-insurance-statistics; https://www.apra.gov.au/about-us; https://www.apra.gov.au/statistics; https://www.apra.gov.au/private-health-insurance-reform-data-collection-0; https://www.rba.gov.au/fin-stability/reg-framework/memoranda-of-understanding/mou-apra-2025.html,5,,needs_refresh,,
custodian,custodian:australian-prudential-regulation-authority,Australian Prudential Regulation Authority,Indicative Timeline,Not applicable,placeholder,P2,https://www.apra.gov.au/quarterly-private-health-insurance-statistics; https://www.apra.gov.au/about-us; https://www.apra.gov.au/statistics; https://www.apra.gov.au/private-health-insurance-reform-data-collection-0; https://www.rba.gov.au/fin-stability/reg-framework/memoranda-of-understanding/mou-apra-2025.html,5,,needs_refresh,,
custodian,custodian:australian-bureau-of-statistics-datalab,Australian Bureau of Statistics DataLab,Access Pathway Steps,"Step 1: Ensure you meet requirements | Actor: Applicant/ABS | Form/Portal: N/A | Duration: Not publicly available
Step 2: Register and activate your account | Actor: Applicant | Form/Portal: myDATA Portal (https://mydataportal.abs.gov.au/) | Duration: Not publicly available
Step 3: Submit project proposal | Actor: Applicant | Form/Portal: myDATA Portal (https://mydataportal.abs.gov.au/) | Duration: Not publicly available
Step 4: Complete DataLab safe researcher training and onboarding | Actor: Applicant | Form/Portal: N/A | Duration: Approximately 4 weeks for training registration [7]",placeholder,P1,https://www.abs.gov.au/statistics/microdata-tablebuilder/datalab; https://www.abs.gov.au/about/data-services/data-integration/integrated-data/person-level-integrated-data-asset-plida; https://mydataportal.abs.gov.au/; https://www.abs.gov.au/about/data-services/data-integration/integrated-data/person-level-integrated-data-asset-plida/plida-data-and-legislation; https://www.abs.gov.au/statistics/microdata-tablebuilder/available-microdata-tablebuilder/australian-census-longitudinal-dataset; https://www.abs.gov.au/about/data-services/data-integration/integrated-data/data-integration-service; https://evaluation.treasury.gov.au/sites/evaluation.treasury.gov.au/files/2025-01/government-administrative-data-sources-for-evaluation-in-australia.docx,7,,needs_refresh,,
custodian,custodian:australian-bureau-of-statistics-datalab,Australian Bureau of Statistics DataLab,Indicative Timeline,Not publicly available (project approval and data receipt timeline varies),placeholder,P2,https://www.abs.gov.au/statistics/microdata-tablebuilder/datalab; https://www.abs.gov.au/about/data-services/data-integration/integrated-data/person-level-integrated-data-asset-plida; https://mydataportal.abs.gov.au/; https://www.abs.gov.au/about/data-services/data-integration/integrated-data/person-level-integrated-data-asset-plida/plida-data-and-legislation; https://www.abs.gov.au/statistics/microdata-tablebuilder/available-microdata-tablebuilder/australian-census-longitudinal-dataset; https://www.abs.gov.au/about/data-services/data-integration/integrated-data/data-integration-service; https://evaluation.treasury.gov.au/sites/evaluation.treasury.gov.au/files/2025-01/government-administrative-data-sources-for-evaluation-in-australia.docx,7,,needs_refresh,,
custodian,custodian:cancer-institute-nsw,Cancer Institute NSW,Access Pathway Steps,"Step 1: Initial Inquiry and Data Custodian Approval | Actor: Researcher & Cancer Institute NSW Data Custodian | Form/Portal: Email to CINSW-DARenquiries@health.nsw.gov.au | Duration: Not specified for initial inquiry, but approval for unlinked de-identified data is ~3 months.
Step 2: Documentation Submission for Ethical Review | Actor: Researcher | Form/Portal: NSW PHSREC website (documentation listed there), submission to CINSW-DARenquiries@health.nsw.gov.au | Duration: Approval in approximately three months if documentation is complete.
Step 3: Data Release | Actor: Cancer Institute NSW | Form/Portal: Not specified (secure transfer implied) | Duration: Approximately one month after approval.",placeholder,P1,https://www.cancer.nsw.gov.au/what-we-do; https://www.cancer.nsw.gov.au/research-and-data/cancer-data-and-statistics/data-available-on-request/request-unit-record-data-for-research/nsw-cancer-registry; https://www.cancer.nsw.gov.au/research-and-data/cancer-data-and-statistics/data-governance; https://www.cancer.nsw.gov.au/research-and-data/cancer-data-and-statistics/data-available-on-request/request-unit-record-data-for-research; https://www.aihw.gov.au/reports/cancer/metastatic-breast-cancer-first-national-estimates/contents/summary,5,,needs_refresh,,
custodian,custodian:cancer-institute-nsw,Cancer Institute NSW,TRE / Secure Access Platform,,blank_optional,P2,https://www.cancer.nsw.gov.au/what-we-do; https://www.cancer.nsw.gov.au/research-and-data/cancer-data-and-statistics/data-available-on-request/request-unit-record-data-for-research/nsw-cancer-registry; https://www.cancer.nsw.gov.au/research-and-data/cancer-data-and-statistics/data-governance; https://www.cancer.nsw.gov.au/research-and-data/cancer-data-and-statistics/data-available-on-request/request-unit-record-data-for-research; https://www.aihw.gov.au/reports/cancer/metastatic-breast-cancer-first-national-estimates/contents/summary,5,,needs_refresh,,
custodian,custodian:nsw-health-ministry-of-health-nsw,NSW Health / Ministry of Health NSW,Access Pathway Steps,"Step 1: Plan your study | Actor: Researcher | Form/Portal: CHeReL website (Dataset and variable information) | Duration: Not specified
Step 2: Start your application | Actor: Researcher | Form/Portal: CheckApp (Expression of Interest) | Duration: Not specified
Step 3: Submit your application forms to CHeReL | Actor: Researcher | Form/Portal: Email to Research Project Managers | Duration: Not specified
Step 4: Technical feasibility review | Actor: CHeReL Research Project Manager | Form/Portal: Not specified | Duration: Varies significantly
Step 5: Data custodian approval | Actor: CHeReL team (on behalf of researcher) | Form/Portal: Not specified | Duration: Varies significantly
Step 6: Ready for the Ethics Committee | Actor: Researcher | Form/Portal: PHSREC (submission of data custodian approvals, technical feasibility letter, and application documents) | Duration: Not specified
Step 7: Notify the CHeReL of your approval | Actor: Researcher | Form/Portal: Email (approval letter and documents) | Duration: Not specified",placeholder,P1,https://www1.health.nsw.gov.au/pds/ActivePDSDocuments/GL2019_002.pdf; https://www.health.nsw.gov.au/data/sources/Pages/default.aspx; https://www.cherel.org.au/about-us; https://www.cherel.org.au/apply; https://www.health.nsw.gov.au/gipaa/Pages/application-form.aspx; https://www.health.nsw.gov.au/gipaa/Pages/contact-nsw-moh.aspx; https://legislation.nsw.gov.au/view/html/inforce/current/act-2002-071; https://www.cancer.nsw.gov.au/research-and-data/cancer-data-and-statistics/data-available-on-request/request-unit-record-data-for-research,8,,needs_refresh,,
custodian,custodian:centre-for-victorian-data-linkage,Centre for Victorian Data Linkage,Access Pathway Steps,"Step 1: Submit online application | Actor: Researcher | Form/Portal: CVDL online application form (URL not explicitly provided, but implied to be on vahi.vic.gov.au/ourwork/data-linkage/apply) | Duration: Not specified
Step 2: Application registration and project number allocation | Actor: CVDL | Form/Portal: None | Duration: Not specified
Step 3: Privacy and Five Safes compliance check | Actor: CVDL | Form/Portal: None | Duration: Not specified
Step 4: High-level feasibility assessment | Actor: CVDL Client Services and Technical Teams | Form/Portal: None | Duration: Not specified
Step 5: Provision of likely project delivery timelines and ballpark cost estimate | Actor: CVDL | Form/Portal: None | Duration: Not specified
Step 6: Access to dedicated secure SharePoint folder for supporting documentation | Actor: CVDL Client Services team | Form/Portal: CVDL SharePoint site | Duration: Not specified
Step 7: Clarification and additional details (if needed) | Actor: CVDL and Researcher | Form/Portal: None | Duration: Not specified
Step 8: Refined cost quote | Actor: CVDL | Form/Portal: None | Duration: Not specified
Step 9: Scoping and quote for VALT access | Actor: CVDL | Form/Portal: None | Duration: Not specified",placeholder,P1,https://vahi.vic.gov.au/ourwork/data-linkage/about; https://vahi.vic.gov.au/ourwork/data-linkage/apply; https://www.health.vic.gov.au/sites/default/files/migrated/files/collections/factsheets/c/cvdl-datasets-available-in-integrated-data-resource.docx; https://digitalhealth.org.au/slides/hic19/wed/DarrenClinch.pdf; https://vahi.vic.gov.au/ourwork/data-linkage,5,,needs_refresh,,
custodian,custodian:centre-for-victorian-data-linkage,Centre for Victorian Data Linkage,Indicative Timeline,"Not publicly available, depends on project complexity, approval requirements and existing CVDL workloads.",placeholder,P2,https://vahi.vic.gov.au/ourwork/data-linkage/about; https://vahi.vic.gov.au/ourwork/data-linkage/apply; https://www.health.vic.gov.au/sites/default/files/migrated/files/collections/factsheets/c/cvdl-datasets-available-in-integrated-data-resource.docx; https://digitalhealth.org.au/slides/hic19/wed/DarrenClinch.pdf; https://vahi.vic.gov.au/ourwork/data-linkage,5,,needs_refresh,,
custodian,custodian:victorian-agency-for-health-information,Victorian Agency for Health Information,Access Pathway Steps,"Step 1: Complete and submit CVDL's data linkage application | Actor: Data Requestor | Form/Portal: CVDL online application form (https://www2.health.vic.gov.au/cvdl/applicationform) | Duration: Not specified
Step 2: Technical feasibility assessment by CVDL | Actor: CVDL Client Services and Technical Teams | Form/Portal: Internal process | Duration: Not specified
Step 3: Upload supporting documents to secure SharePoint folder | Actor: Data Requestor | Form/Portal: CVDL's SharePoint site | Duration: Not specified
Step 4: Ethical Approval | Actor: Data Requestor (obtains HREC approval) | Form/Portal: Accredited Victorian HREC or HREC accredited under National Mutual Acceptance scheme | Duration: Not specified
Step 5: Data Custodian approval | Actor: CVDL Client Services (for DH/DFFH datasets) or Data Requestor (for other datasets) | Form/Portal: Internal process | Duration: Not specified
Step 6: Privacy Impact Assessment (if required) | Actor: CVDL (for external projects) or Data Requestor (for internal Victorian Government projects) | Form/Portal: Internal process | Duration: Not specified
Step 7: Complete Deed of Acknowledgment and Confidentiality | Actor: External Data Requestors | Form/Portal: Deed of Acknowledgment and Confidentiality (returned to cvdl@health.vic.gov.au) | Duration: Not specified
Step 8: Approval to collect non-DH data (if required) | Actor: Deputy Secretary, eHealth, Department of Health | Form/Portal: Internal process | Duration: Not specified
Step 9: Data Linkage and Integration | Actor: CVDL Linkage and Integration/Content teams | Form/Portal: Internal process | Duration: Not specified
Step 10: Access linked data via project-specific virtual machine | Actor: Data Requestor | Form/Portal: DH Microsoft Azure data analysis environment (VALT) | Duration: Not specified",placeholder,P1,https://vahi.vic.gov.au/about-victorian-agency-health-information; https://vahi.vic.gov.au/ourwork/data-linkage/apply; https://vahi.vic.gov.au/sites/default/files/2025-01/datasets-available-in-the-centre-for-victorian-data-linkages-integrated-data-resource%202025.docx; https://vahi.vic.gov.au/sites/default/files/2025-01/cvdl-assessment-and-approval-process%202025.docx; https://vahi.vic.gov.au/ourwork/data-acquisition-and-management,5,,needs_refresh,,
custodian,custodian:victorian-agency-for-health-information,Victorian Agency for Health Information,TRE / Secure Access Platform,,blank_optional,P2,https://vahi.vic.gov.au/about-victorian-agency-health-information; https://vahi.vic.gov.au/ourwork/data-linkage/apply; https://vahi.vic.gov.au/sites/default/files/2025-01/datasets-available-in-the-centre-for-victorian-data-linkages-integrated-data-resource%202025.docx; https://vahi.vic.gov.au/sites/default/files/2025-01/cvdl-assessment-and-approval-process%202025.docx; https://vahi.vic.gov.au/ourwork/data-acquisition-and-management,5,,needs_refresh,,
custodian,custodian:victorian-agency-for-health-information,Victorian Agency for Health Information,Indicative Timeline,"Not publicly available (dependent on project complexity, approvals, and CVDL workloads)",placeholder,P2,https://vahi.vic.gov.au/about-victorian-agency-health-information; https://vahi.vic.gov.au/ourwork/data-linkage/apply; https://vahi.vic.gov.au/sites/default/files/2025-01/datasets-available-in-the-centre-for-victorian-data-linkages-integrated-data-resource%202025.docx; https://vahi.vic.gov.au/sites/default/files/2025-01/cvdl-assessment-and-approval-process%202025.docx; https://vahi.vic.gov.au/ourwork/data-acquisition-and-management,5,,needs_refresh,,
custodian,custodian:victorian-cancer-registry,Victorian Cancer Registry,Access Pathway Steps,"Step 1: Initial Inquiry | Actor: Researcher | Form/Portal: Data Access Form (https://www.cancervic.org.au/research/our-research/victoria-cancer-registry/data-requests/data-access-form) | Duration: Not publicly available
Step 1: Obtain HREC Approval | Actor: Researcher | Form/Portal: Human Research Ethics Committee recognized by NHMRC | Duration: Not publicly available
Step 2: Submit Data Access Request | Actor: Researcher | Form/Portal: Data Access Form (https://www.cancervic.org.au/research/our-research/victoria-cancer-registry/data-requests/data-access-form) | Duration: Not publicly available
Step 3: VCR Director Approval | Actor: VCR Director | Form/Portal: Internal VCR process | Duration: Not publicly available",placeholder,P1,https://www.cancervic.org.au/research/our-research/victoria-cancer-registry; https://www.cancervic.org.au/research/our-research/victoria-cancer-registry/data-requests; https://www.cancervic.org.au/research/our-research/victoria-cancer-registry/data-requests/data-access-form,3,,needs_refresh,,
custodian,custodian:victorian-cancer-registry,Victorian Cancer Registry,TRE / Secure Access Platform,,blank_optional,P2,https://www.cancervic.org.au/research/our-research/victoria-cancer-registry; https://www.cancervic.org.au/research/our-research/victoria-cancer-registry/data-requests; https://www.cancervic.org.au/research/our-research/victoria-cancer-registry/data-requests/data-access-form,3,,needs_refresh,,
custodian,custodian:victorian-cancer-registry,Victorian Cancer Registry,Indicative Timeline,Not publicly available,placeholder,P2,https://www.cancervic.org.au/research/our-research/victoria-cancer-registry; https://www.cancervic.org.au/research/our-research/victoria-cancer-registry/data-requests; https://www.cancervic.org.au/research/our-research/victoria-cancer-registry/data-requests/data-access-form,3,,needs_refresh,,
custodian,custodian:queensland-cyber-infrastructure-foundation,Queensland Cyber Infrastructure Foundation,TRE / Secure Access Platform,,blank_optional,P2,https://www.qcif.edu.au/; https://www.qcif.edu.au/products/keypoint; https://www.qcif.edu.au/projects/the-national-infrastructure-for-federated-learning-in-digital-health; https://healthtranslationqld.org.au/our-work/hesanda-queensland-node; https://www.qcif.edu.au/news/secure-sensitive-data-platform-now-live,5,,needs_refresh,,
custodian,custodian:queensland-cyber-infrastructure-foundation,Queensland Cyber Infrastructure Foundation,Indicative Timeline,Not publicly available; likely varies significantly based on project complexity and data custodian requirements.,placeholder,P2,https://www.qcif.edu.au/; https://www.qcif.edu.au/products/keypoint; https://www.qcif.edu.au/projects/the-national-infrastructure-for-federated-learning-in-digital-health; https://healthtranslationqld.org.au/our-work/hesanda-queensland-node; https://www.qcif.edu.au/news/secure-sensitive-data-platform-now-live,5,,needs_refresh,,
custodian,custodian:queensland-health,Queensland Health,Access Pathway Steps,"Step 1: Initial Inquiry | Actor: Researcher | Form/Portal: Email DLQ@health.qld.gov.au (for linked/identifiable data) or HlthStat@health.qld.gov.au (for summary data) | Duration: Not publicly available
Step 2: Data Custodian Approval | Actor: Data Custodian (Queensland Health) | Form/Portal: Internal process | Duration: Not publicly available
Step 3: Data Linkage (if applicable) | Actor: SALUD/DLQ | Form/Portal: Internal process | Duration: Not publicly available
Step 4: Data Receipt | Actor: Researcher | Form/Portal: Not publicly available | Duration: Not publicly available",placeholder,P1,https://www.health.qld.gov.au/; https://www.health.qld.gov.au/hsu/link/datalink; https://www.health.qld.gov.au/hsu/how-to-access-data-from-ssb; https://www.health.qld.gov.au/hsu/example-timeframes; https://pmc.ncbi.nlm.nih.gov/articles/PMC8817516/,5,,needs_refresh,,
custodian,custodian:wa-health-data-linkage-services-wa,WA Health / Data Linkage Services WA,Access Pathway Steps,"Step 1: Initial Inquiry | Actor: Researcher | Form/Portal: ISPD Client Services team (Research data related enquiries) | Duration: Not publicly available
Step 2: Application Submission | Actor: Researcher | Form/Portal: Data forms page (https://www.health.wa.gov.au/Articles/A_E/data-linkage/How-to-apply-for-data/data-forms) | Duration: Not publicly available
Step 3: Prioritisation and Costing | Actor: WA Health DLS | Form/Portal: Not publicly available | Duration: Not publicly available
Step 4: Approvals | Actor: WA Health DLS, HREC | Form/Portal: Not publicly available | Duration: Not publicly available
Step 5: Data Access | Actor: Researcher | Form/Portal: Project Application Tracker (https://www.health.wa.gov.au/Articles/A_E/data-linkage/How-to-apply-for-data) | Duration: Not publicly available",placeholder,P1,https://www.health.wa.gov.au/articles/a_e/data-linkage; https://www.health.wa.gov.au/Articles/A_E/data-linkage/How-to-apply-for-data; https://www.health.wa.gov.au/Articles/A_E/data-linkage/How-to-apply-for-data/data-collections; https://www.health.wa.gov.au/Articles/A_E/data-linkage/about/ethics; https://www.health.wa.gov.au/About-us/Policy-frameworks/Information-Management/Mandatory-requirements/Governance/Data-Linkage-Policy,5,,needs_refresh,,
custodian,custodian:wa-health-data-linkage-services-wa,WA Health / Data Linkage Services WA,Indicative Timeline,Not publicly available,placeholder,P2,https://www.health.wa.gov.au/articles/a_e/data-linkage; https://www.health.wa.gov.au/Articles/A_E/data-linkage/How-to-apply-for-data; https://www.health.wa.gov.au/Articles/A_E/data-linkage/How-to-apply-for-data/data-collections; https://www.health.wa.gov.au/Articles/A_E/data-linkage/about/ethics; https://www.health.wa.gov.au/About-us/Policy-frameworks/Information-Management/Mandatory-requirements/Governance/Data-Linkage-Policy,5,,needs_refresh,,
custodian,custodian:tasmanian-department-of-health-tasmanian-data-linkage-unit,Tasmanian Department of Health / Tasmanian Data Linkage Unit,Access Pathway Steps,"Step 1: Design | Actor: Researcher & TDLU | Form/Portal: Email contact with TDLU, optional Project Proposal Form | Duration: Not specified
Step 2: Application | Actor: Researcher & TDLU | Form/Portal: PHRN Online Application System (OAS) at https://www.phrn.org.au/data/how-to-apply/application/, NHMRC registered HREC application (e.g., University of Tasmania's HREC using Integrity IQ or National Mutual Acceptance Data Linkage HREC), Department of Health Research Governance Application via Research Ethics and Governance Information System (REGIS) if applicable | Duration: Not specified
Step 3: Approvals | Actor: HREC, Data Custodians, Tasmanian Department of Health (DoH) Research Office (if applicable), TDLU | Form/Portal: Upload HREC approval to online application system, Data Access Agreement | Duration: Lengthy for Data Custodian approvals
Step 4: Data Linkage | Actor: TDLU & Data Custodians | Form/Portal: Kiteworks (secure file exchange service) | Duration: Not specified
Step 5: Data Provision | Actor: Data Custodians | Form/Portal: Kiteworks or SURE (remote-access data research laboratory) | Duration: Not specified",placeholder,P1,https://www.utas.edu.au/menzies/research/data-linkage-unit/datasets; https://www.utas.edu.au/menzies/research/data-linkage-unit/how-to-apply; https://www.utas.edu.au/menzies/research/data-linkage-unit/governance; https://pmc.ncbi.nlm.nih.gov/articles/PMC7477784/; https://www.phrn.org.au/data/how-to-apply/application/,5,,needs_refresh,,
custodian,custodian:tasmanian-department-of-health-tasmanian-data-linkage-unit,Tasmanian Department of Health / Tasmanian Data Linkage Unit,TRE / Secure Access Platform,"SURE (Secure Unified Research Environment): Not explicitly stated as a platform for all data provision, but mentioned as a remote-access data research laboratory where files are loaded directly for analysis. Otherwise, data is provided via Kiteworks (secure file exchange service).",placeholder,P2,https://www.utas.edu.au/menzies/research/data-linkage-unit/datasets; https://www.utas.edu.au/menzies/research/data-linkage-unit/how-to-apply; https://www.utas.edu.au/menzies/research/data-linkage-unit/governance; https://pmc.ncbi.nlm.nih.gov/articles/PMC7477784/; https://www.phrn.org.au/data/how-to-apply/application/,5,,needs_refresh,,
custodian,custodian:tasmanian-department-of-health-tasmanian-data-linkage-unit,Tasmanian Department of Health / Tasmanian Data Linkage Unit,Indicative Timeline,Not publicly available,placeholder,P2,https://www.utas.edu.au/menzies/research/data-linkage-unit/datasets; https://www.utas.edu.au/menzies/research/data-linkage-unit/how-to-apply; https://www.utas.edu.au/menzies/research/data-linkage-unit/governance; https://pmc.ncbi.nlm.nih.gov/articles/PMC7477784/; https://www.phrn.org.au/data/how-to-apply/application/,5,,needs_refresh,,
custodian,custodian:act-health,ACT Health,Access Pathway Steps,"Step 1: Plan your study | Actor: Researcher | Form/Portal: N/A | Duration: Not publicly available
Step 2: Contact the CHeReL to discuss your project | Actor: Researcher | Form/Portal: N/A | Duration: Not publicly available
Step 3: Complete the CHeReL Combined Protocol and Application for Data form | Actor: Researcher | Form/Portal: https://www.cherel.org.au/apply | Duration: Not publicly available
Step 4: Complete the required ethics approval forms | Actor: Researcher | Form/Portal: N/A | Duration: Not publicly available
Step 5: Provide document to the CHeReL for a technical feasibility review | Actor: Researcher | Form/Portal: N/A | Duration: Not publicly available
Step 6: Obtain ethics approvals from ACT Health Human Research Ethics Committee | Actor: Researcher | Form/Portal: N/A | Duration: Not publicly available
Step 7: Request data custodian approval | Actor: Researcher | Form/Portal: https://act-health.atlassian.net/servicedesk/customer/portal/20 | Duration: Not publicly available
Step 8: The ACT Health Data Linkage Team will coordinate approval from data custodians and notify the researcher and the CHeReL of approval | Actor: ACT Health Data Linkage Team | Form/Portal: N/A | Duration: Not publicly available
Step 9: CHeReL will process the data linkage | Actor: CHeReL | Form/Portal: N/A | Duration: Not publicly available
Step 10: The ACT Health Data Linkage Team will extract and release the linked data to the researcher ensuring that signed ACT Health Conditions of Release are current and all appropriate approvals are in place | Actor: ACT Health Data Linkage Team | Form/Portal: N/A | Duration: Not publicly available
Step 11: Data analysis is conducted with findings provided to the ACT Health Data Linkage Team before release or publication of results | Actor: Researcher | Form/Portal: N/A | Duration: Not publicly available",placeholder,P1,https://www.act.gov.au/directorates-and-agencies/act-health/data-statistics-and-surveys/healthstats-act/data-linkage; https://www.cherel.org.au/apply; https://act-health.atlassian.net/servicedesk/customer/portal/20; https://www.act.gov.au/__data/assets/pdf_file/0007/2162977/Data-Linkage-Framework-for-publication.pdf; https://www.act.gov.au/__data/assets/pdf_file/0008/2162978/ACT-Health-Data-Linkage-Technical-Manual_FINAL.pdf,5,,needs_refresh,,
custodian,custodian:act-health,ACT Health,Indicative Timeline,Not publicly available,placeholder,P2,https://www.act.gov.au/directorates-and-agencies/act-health/data-statistics-and-surveys/healthstats-act/data-linkage; https://www.cherel.org.au/apply; https://act-health.atlassian.net/servicedesk/customer/portal/20; https://www.act.gov.au/__data/assets/pdf_file/0007/2162977/Data-Linkage-Framework-for-publication.pdf; https://www.act.gov.au/__data/assets/pdf_file/0008/2162978/ACT-Health-Data-Linkage-Technical-Manual_FINAL.pdf,5,,needs_refresh,,
custodian,custodian:nt-health-nt-health-research-governance-office,NT Health / NT Health Research Governance Office,Access Pathway Steps,"Step 1: Initial Inquiry/Application Submission | Actor: Researcher | Form/Portal: Online submission (specific URL not explicitly stated, but implied via RGO email) | Duration: Not publicly available
Step 2: RGO Review | Actor: NT Health RGO | Form/Portal: rgo.health@nt.gov.au | Duration: Not publicly available
Step 3: Ethics Approval | Actor: NT HREC | Form/Portal: Not publicly available | Duration: Not publicly available
Step 4: Organisational Authorisation | Actor: NT Health RGO | Form/Portal: Not publicly available | Duration: Not publicly available
Step 5: Data Release Request Team Review and Release | Actor: NT Health Data Quality and Governance Unit | Form/Portal: datareleaserequests.doh@nt.gov.au | Duration: Not publicly available",placeholder,P1,https://health.nt.gov.au/data-and-research/nt-health-research/research-governance; https://health.nt.gov.au/data-and-research/nt-health-research/data-access; https://health.nt.gov.au/data-and-research/health-data,3,,needs_refresh,,
custodian,custodian:nt-health-nt-health-research-governance-office,NT Health / NT Health Research Governance Office,Contact and Application Portal,rgo.health@nt.gov.au; datareleaserequests.doh@nt.gov.au; Phone: (08) 8999 2770; Online submission (specific URL not explicitly stated),placeholder,P1,https://health.nt.gov.au/data-and-research/nt-health-research/research-governance; https://health.nt.gov.au/data-and-research/nt-health-research/data-access; https://health.nt.gov.au/data-and-research/health-data,3,,needs_refresh,,
custodian,custodian:nt-health-nt-health-research-governance-office,NT Health / NT Health Research Governance Office,Indicative Timeline,Not publicly available,placeholder,P2,https://health.nt.gov.au/data-and-research/nt-health-research/research-governance; https://health.nt.gov.au/data-and-research/nt-health-research/data-access; https://health.nt.gov.au/data-and-research/health-data,3,,needs_refresh,,
custodian,custodian:sa-health-sa-nt-datalink,SA Health / SA NT DataLink,Access Pathway Steps,"Step 1: Researchers complete a PHRN online application | Actor: Researcher | Form/Portal: PHRN online application system (https://oas.phrn.org.au) | Duration: Not publicly available
Step 2: Clarification and initial inquiries | Actor: Researcher/SA NT DataLink | Form/Portal: health.santdatalink@sa.gov.au | Duration: Not publicly available
Step 3: SA NT DataLink Research Advisory and Metadata (Client Services) Team reviews application, provides feedback, and facilitates meetings | Actor: SA NT DataLink | Form/Portal: Not publicly available | Duration: Not publicly available
Step 4: Data Custodians provide conditions and grant 'In Principle' approval | Actor: Data Custodians | Form/Portal: Not publicly available | Duration: Not publicly available
Step 5: Researchers apply for ethical approval/s | Actor: Researcher | Form/Portal: Not publicly available | Duration: Not publicly available
Step 6: Submit completed PHRN Online Application form with full supporting documents to each participating Data Custodian | Actor: Researcher | Form/Portal: PHRN Online Application system | Duration: Not publicly available
Step 7: SA NT DataLink undertakes final governance review and creates project specific linkage keys | Actor: SA NT DataLink | Form/Portal: Not publicly available | Duration: Not publicly available
Step 8: Data Custodians receive project specific linkage keys (PSLKs) | Actor: Data Custodians | Form/Portal: Not publicly available | Duration: Not publicly available
Step 9: Data Custodians extract approved researchable data variables, removing all identifiers | Actor: Data Custodians | Form/Portal: Not publicly available | Duration: Not publicly available
Step 10: Resultant file(s) provided to the researcher for analysis | Actor: Data Custodians | Form/Portal: Not publicly available | Duration: Not publicly available",placeholder,P1,https://www.santdatalink.org.au/about_us; https://www.santdatalink.org.au/available_datasets; https://www.santdatalink.org.au/application_process; https://www.unisa.edu.au/siteassets/sa-nt-datalink/documents/santdatalinkinventorylinkeddatasets.pdf; https://www.phrn.org.au/data/how-to-apply/application/,5,,needs_refresh,,
custodian,custodian:sa-health-sa-nt-datalink,SA Health / SA NT DataLink,TRE / Secure Access Platform,,blank_optional,P2,https://www.santdatalink.org.au/about_us; https://www.santdatalink.org.au/available_datasets; https://www.santdatalink.org.au/application_process; https://www.unisa.edu.au/siteassets/sa-nt-datalink/documents/santdatalinkinventorylinkeddatasets.pdf; https://www.phrn.org.au/data/how-to-apply/application/,5,,needs_refresh,,
custodian,custodian:sa-health-sa-nt-datalink,SA Health / SA NT DataLink,Indicative Timeline,Not publicly available,placeholder,P2,https://www.santdatalink.org.au/about_us; https://www.santdatalink.org.au/available_datasets; https://www.santdatalink.org.au/application_process; https://www.unisa.edu.au/siteassets/sa-nt-datalink/documents/santdatalinkinventorylinkeddatasets.pdf; https://www.phrn.org.au/data/how-to-apply/application/,5,,needs_refresh,,
custodian,custodian:secure-unified-research-environment,Secure Unified Research Environment,Access Pathway Steps,"Step 1: Download and complete registration form | Actor: Researcher | Form/Portal: Project Workspace Application Form (downloadable from https://www.saxinstitute.org.au/solutions/sure/apply-for-access-to-sure/) | Duration: Not specified
Step 2: Contracting and Ethics | Actor: Sax Institute & Researcher | Form/Portal: Workspace Agreement, ethics approvals | Duration: Not specified
Step 3: Complete SURE training | Actor: Researcher | Form/Portal: Four self-paced online modules | Duration: ~1 hour
Step 4: Start your project | Actor: Sax Institute | Form/Portal: Unique username, passphrase, and token to access SURE | Duration: Not specified (after agreements and initial invoice paid)",placeholder,P1,https://www.saxinstitute.org.au/solutions/sure/; https://www.saxinstitute.org.au/solutions/sure/conducting-research-in-sure/; https://www.saxinstitute.org.au/solutions/sure/apply-for-access-to-sure/; https://www.saxinstitute.org.au/solutions/sure/safely-share-data-with-sure/,4,,needs_refresh,,
custodian,custodian:secure-unified-research-environment,Secure Unified Research Environment,Indicative Timeline,Not publicly available,placeholder,P2,https://www.saxinstitute.org.au/solutions/sure/; https://www.saxinstitute.org.au/solutions/sure/conducting-research-in-sure/; https://www.saxinstitute.org.au/solutions/sure/apply-for-access-to-sure/; https://www.saxinstitute.org.au/solutions/sure/safely-share-data-with-sure/,4,,needs_refresh,,
